ytid,start_s,end_s,is_audioset_eval,path,status,duration_s
-0Gj8-vB1q4,30,40,True,B:\CSE425_Project\gnn-bert-music-context\data\raw\musiccaps\audio\-0Gj8-vB1q4_30_40.mp3,ok,10.0
-0SdAVK79lg,30,40,False,B:\CSE425_Project\gnn-bert-music-context\data\raw\musiccaps\audio\-0SdAVK79lg_30_40.mp3,ok,10.0
-0vPFx-wRRI,30,40,True,B:\CSE425_Project\gnn-bert-music-context\data\raw\musiccaps\audio\-0vPFx-wRRI_30_40.mp3,ok,10.0
-0xzrMun0Rs,30,40,True,B:\CSE425_Project\gnn-bert-music-context\data\raw\musiccaps\audio\-0xzrMun0Rs_30_40.mp3,ok,10.0
-1LrH01Ei1w,30,40,False,B:\CSE425_Project\gnn-bert-music-context\data\raw\musiccaps\audio\-1LrH01Ei1w_30_40.mp3,ok,10.0
-1OlgJWehn8,30,40,True,B:\CSE425_Project\gnn-bert-music-context\data\raw\musiccaps\audio\-1OlgJWehn8_30_40.mp3,ok,10.0
-1UWSisR2zo,30,40,True,B:\CSE425_Project\gnn-bert-music-context\data\raw\musiccaps\audio\-1UWSisR2zo_30_40.mp3,ok,10.0
-3Kv4fdm7Uk,30,40,True,B:\CSE425_Project\gnn-bert-music-context\data\raw\musiccaps\audio\-3Kv4fdm7Uk_30_40.mp3,ok,10.0
-4NLarMj4xU,30,40,False,B:\CSE425_Project\gnn-bert-music-context\data\raw\musiccaps\audio\-4NLarMj4xU_30_40.mp3,ok,10.0
-4SYC2YgzL8,30,40,True,B:\CSE425_Project\gnn-bert-music-context\data\raw\musiccaps\audio\-4SYC2YgzL8_30_40.mp3,ok,10.0
-5FoeegAgvU,230,240,True,B:\CSE425_Project\gnn-bert-music-context\data\raw\musiccaps\audio\-5FoeegAgvU_230_240.mp3,ok,10.0
-5f6hjZf9Yw,30,40,False,B:\CSE425_Project\gnn-bert-music-context\data\raw\musiccaps\audio\-5f6hjZf9Yw_30_40.mp3,ok,10.0
-5xOcMJpTUk,70,80,False,B:\CSE425_Project\gnn-bert-music-context\data\raw\musiccaps\audio\-5xOcMJpTUk_70_80.mp3,ok,10.0
-6HBGg1cAI0,30,40,True,B:\CSE425_Project\gnn-bert-music-context\data\raw\musiccaps\audio\-6HBGg1cAI0_30_40.mp3,ok,10.0
-6QGvxvaTkI,280,290,False,B:\CSE425_Project\gnn-bert-music-context\data\raw\musiccaps\audio\-6QGvxvaTkI_280_290.mp3,ok,10.0
-6pcgdLfb_A,110,120,False,B:\CSE425_Project\gnn-bert-music-context\data\raw\musiccaps\audio\-6pcgdLfb_A_110_120.mp3,ok,10.0
-7B9tPuIP-w,450,460,True,B:\CSE425_Project\gnn-bert-music-context\data\raw\musiccaps\audio\-7B9tPuIP-w_450_460.mp3,ok,10.0
-7wUQP6G5EQ,30,40,False,B:\CSE425_Project\gnn-bert-music-context\data\raw\musiccaps\audio\-7wUQP6G5EQ_30_40.mp3,ok,10.0
-88me9bBzrk,30,40,True,B:\CSE425_Project\gnn-bert-music-context\data\raw\musiccaps\audio\-88me9bBzrk_30_40.mp3,ok,10.0
-8C-gydUbR8,30,40,True,B:\CSE425_Project\gnn-bert-music-context\data\raw\musiccaps\audio\-8C-gydUbR8_30_40.mp3,ok,10.0
-8cgbhIR_pw,30,40,True,B:\CSE425_Project\gnn-bert-music-context\data\raw\musiccaps\audio\-8cgbhIR_pw_30_40.mp3,ok,10.0
-BHPu-dPmWQ,30,40,True,B:\CSE425_Project\gnn-bert-music-context\data\raw\musiccaps\audio\-BHPu-dPmWQ_30_40.mp3,ok,10.0
-BIMKnb3tlo,410,420,False,B:\CSE425_Project\gnn-bert-music-context\data\raw\musiccaps\audio\-BIMKnb3tlo_410_420.mp3,ok,10.0
-Bu7YaslRW0,30,40,True,B:\CSE425_Project\gnn-bert-music-context\data\raw\musiccaps\audio\-Bu7YaslRW0_30_40.mp3,ok,10.0
-ByoSbgzr4M,0,10,True,B:\CSE425_Project\gnn-bert-music-context\data\raw\musiccaps\audio\-ByoSbgzr4M_0_10.mp3,ok,10.0
-CUp_Tmg2Y0,30,40,False,B:\CSE425_Project\gnn-bert-music-context\data\raw\musiccaps\audio\-CUp_Tmg2Y0_30_40.mp3,ok,10.0
-DeAdhYKbGE,290,300,False,B:\CSE425_Project\gnn-bert-music-context\data\raw\musiccaps\audio\-DeAdhYKbGE_290_300.mp3,ok,10.0
-Dtir74TiUM,40,50,False,B:\CSE425_Project\gnn-bert-music-context\data\raw\musiccaps\audio\-Dtir74TiUM_40_50.mp3,ok,10.0
-EVRXQpt1-8,50,60,True,B:\CSE425_Project\gnn-bert-music-context\data\raw\musiccaps\audio\-EVRXQpt1-8_50_60.mp3,ok,10.0
-FEPOSP7ay0,260,270,False,B:\CSE425_Project\gnn-bert-music-context\data\raw\musiccaps\audio\-FEPOSP7ay0_260_270.mp3,ok,10.0
-FFx68qSAuY,190,200,False,B:\CSE425_Project\gnn-bert-music-context\data\raw\musiccaps\audio\-FFx68qSAuY_190_200.mp3,ok,10.0
-FlvaZQOr2I,90,100,False,B:\CSE425_Project\gnn-bert-music-context\data\raw\musiccaps\audio\-FlvaZQOr2I_90_100.mp3,ok,10.0
-Gf4Ihv1zwc,50,60,True,B:\CSE425_Project\gnn-bert-music-context\data\raw\musiccaps\audio\-Gf4Ihv1zwc_50_60.mp3,ok,10.0
-IZbvEO9wzU,30,40,True,B:\CSE425_Project\gnn-bert-music-context\data\raw\musiccaps\audio\-IZbvEO9wzU_30_40.mp3,ok,10.0
-JVWfFPBl84,330,340,False,B:\CSE425_Project\gnn-bert-music-context\data\raw\musiccaps\audio\-JVWfFPBl84_330_340.mp3,ok,10.0
-JvB5AL59fM,30,40,True,B:\CSE425_Project\gnn-bert-music-context\data\raw\musiccaps\audio\-JvB5AL59fM_30_40.mp3,ok,10.0
-M-6VinyMiY,30,40,False,B:\CSE425_Project\gnn-bert-music-context\data\raw\musiccaps\audio\-M-6VinyMiY_30_40.mp3,ok,10.0
-M6K3QoHh40,30,40,True,B:\CSE425_Project\gnn-bert-music-context\data\raw\musiccaps\audio\-M6K3QoHh40_30_40.mp3,ok,10.0
-NmjCyqIavI,30,40,False,B:\CSE425_Project\gnn-bert-music-context\data\raw\musiccaps\audio\-NmjCyqIavI_30_40.mp3,ok,10.0
-O9mnfC61Ac,0,10,False,B:\CSE425_Project\gnn-bert-music-context\data\raw\musiccaps\audio\-O9mnfC61Ac_0_10.mp3,ok,10.0
-OAyRsvFGgc,30,40,True,B:\CSE425_Project\gnn-bert-music-context\data\raw\musiccaps\audio\-OAyRsvFGgc_30_40.mp3,ok,10.0
-OUIEnuNd1I,30,40,True,B:\CSE425_Project\gnn-bert-music-context\data\raw\musiccaps\audio\-OUIEnuNd1I_30_40.mp3,ok,10.0
-Q9MTRXS4bE,30,40,True,B:\CSE425_Project\gnn-bert-music-context\data\raw\musiccaps\audio\-Q9MTRXS4bE_30_40.mp3,ok,10.0
-QuWdnmn-kM,30,40,True,B:\CSE425_Project\gnn-bert-music-context\data\raw\musiccaps\audio\-QuWdnmn-kM_30_40.mp3,ok,10.0
-R0267o4lLk,60,70,False,B:\CSE425_Project\gnn-bert-music-context\data\raw\musiccaps\audio\-R0267o4lLk_60_70.mp3,ok,10.0
-RYtUAsNhF0,30,40,True,B:\CSE425_Project\gnn-bert-music-context\data\raw\musiccaps\audio\-RYtUAsNhF0_30_40.mp3,ok,10.0
-SD43H5B5hE,520,530,True,B:\CSE425_Project\gnn-bert-music-context\data\raw\musiccaps\audio\-SD43H5B5hE_520_530.mp3,ok,10.0
-SWaCArvQug,21,31,True,B:\CSE425_Project\gnn-bert-music-context\data\raw\musiccaps\audio\-SWaCArvQug_21_31.mp3,ok,10.0
-T4GeTHKtJQ,30,40,False,B:\CSE425_Project\gnn-bert-music-context\data\raw\musiccaps\audio\-T4GeTHKtJQ_30_40.mp3,ok,10.0
-U16iKiXGuY,30,40,True,B:\CSE425_Project\gnn-bert-music-context\data\raw\musiccaps\audio\-U16iKiXGuY_30_40.mp3,ok,10.0
-Umconw-CRE,30,40,True,B:\CSE425_Project\gnn-bert-music-context\data\raw\musiccaps\audio\-Umconw-CRE_30_40.mp3,ok,10.0
-UuEBhule84,350,360,False,B:\CSE425_Project\gnn-bert-music-context\data\raw\musiccaps\audio\-UuEBhule84_350_360.mp3,ok,10.0
-VI2IRq17rs,360,370,False,B:\CSE425_Project\gnn-bert-music-context\data\raw\musiccaps\audio\-VI2IRq17rs_360_370.mp3,ok,10.0
-VclCul6FrI,80,90,False,B:\CSE425_Project\gnn-bert-music-context\data\raw\musiccaps\audio\-VclCul6FrI_80_90.mp3,ok,10.0
-Vo4CAMX26U,30,40,True,B:\CSE425_Project\gnn-bert-music-context\data\raw\musiccaps\audio\-Vo4CAMX26U_30_40.mp3,ok,10.0
-W5c6CeUMPE,40,50,False,B:\CSE425_Project\gnn-bert-music-context\data\raw\musiccaps\audio\-W5c6CeUMPE_40_50.mp3,ok,10.0
-WvVG0wHcTc,310,320,True,B:\CSE425_Project\gnn-bert-music-context\data\raw\musiccaps\audio\-WvVG0wHcTc_310_320.mp3,ok,10.0
-XN0NtrnfMY,30,40,False,B:\CSE425_Project\gnn-bert-music-context\data\raw\musiccaps\audio\-XN0NtrnfMY_30_40.mp3,ok,10.0
-XkbErI_7EU,50,60,False,B:\CSE425_Project\gnn-bert-music-context\data\raw\musiccaps\audio\-XkbErI_7EU_50_60.mp3,ok,10.0
-YATTKBtmRA,190,200,False,B:\CSE425_Project\gnn-bert-music-context\data\raw\musiccaps\audio\-YATTKBtmRA_190_200.mp3,ok,10.0
-YIT4HBM__g,30,40,True,B:\CSE425_Project\gnn-bert-music-context\data\raw\musiccaps\audio\-YIT4HBM__g_30_40.mp3,ok,10.0
-ZHpNr_KRXU,30,40,False,B:\CSE425_Project\gnn-bert-music-context\data\raw\musiccaps\audio\-ZHpNr_KRXU_30_40.mp3,ok,10.0
-_6RxZyi30Q,70,80,False,B:\CSE425_Project\gnn-bert-music-context\data\raw\musiccaps\audio\-_6RxZyi30Q_70_80.mp3,ok,10.0
-_OzT7Xyvok,30,40,False,B:\CSE425_Project\gnn-bert-music-context\data\raw\musiccaps\audio\-_OzT7Xyvok_30_40.mp3,ok,10.0
-bgHkxwoliw,30,40,True,B:\CSE425_Project\gnn-bert-music-context\data\raw\musiccaps\audio\-bgHkxwoliw_30_40.mp3,ok,10.0
-cLzki-B06o,30,40,False,B:\CSE425_Project\gnn-bert-music-context\data\raw\musiccaps\audio\-cLzki-B06o_30_40.mp3,ok,10.0
-cQ-jUTEgck,30,40,False,B:\CSE425_Project\gnn-bert-music-context\data\raw\musiccaps\audio\-cQ-jUTEgck_30_40.mp3,ok,10.0
-dVgUSrR8g4,30,40,True,B:\CSE425_Project\gnn-bert-music-context\data\raw\musiccaps\audio\-dVgUSrR8g4_30_40.mp3,ok,10.0
-e4wXAy1iVo,0,10,True,B:\CSE425_Project\gnn-bert-music-context\data\raw\musiccaps\audio\-e4wXAy1iVo_0_10.mp3,ok,10.0
-eDAoheZrY8,30,40,True,B:\CSE425_Project\gnn-bert-music-context\data\raw\musiccaps\audio\-eDAoheZrY8_30_40.mp3,ok,10.0
-f1DNyngKVY,30,40,True,B:\CSE425_Project\gnn-bert-music-context\data\raw\musiccaps\audio\-f1DNyngKVY_30_40.mp3,ok,10.0
-f6s6kQEHFY,0,10,True,B:\CSE425_Project\gnn-bert-music-context\data\raw\musiccaps\audio\-f6s6kQEHFY_0_10.mp3,ok,10.0
-fxh7jAJR8U,70,80,False,B:\CSE425_Project\gnn-bert-music-context\data\raw\musiccaps\audio\-fxh7jAJR8U_70_80.mp3,ok,10.0
-hSMzrWZCAE,30,40,True,B:\CSE425_Project\gnn-bert-music-context\data\raw\musiccaps\audio\-hSMzrWZCAE_30_40.mp3,ok,10.0
-hYRFCQdbLg,30,40,True,B:\CSE425_Project\gnn-bert-music-context\data\raw\musiccaps\audio\-hYRFCQdbLg_30_40.mp3,ok,10.0
-i9gpG3vPwA,30,40,True,B:\CSE425_Project\gnn-bert-music-context\data\raw\musiccaps\audio\-i9gpG3vPwA_30_40.mp3,ok,10.0
-i9uQMysy_A,80,90,True,B:\CSE425_Project\gnn-bert-music-context\data\raw\musiccaps\audio\-i9uQMysy_A_80_90.mp3,ok,10.0
-jpbCWcz2pk,30,40,False,B:\CSE425_Project\gnn-bert-music-context\data\raw\musiccaps\audio\-jpbCWcz2pk_30_40.mp3,ok,10.0
-kpR93atgd8,30,40,True,,missing,
-lPXTBXa0tE,30,40,True,B:\CSE425_Project\gnn-bert-music-context\data\raw\musiccaps\audio\-lPXTBXa0tE_30_40.mp3,ok,10.0
-m5ZlWziIeA,200,210,False,B:\CSE425_Project\gnn-bert-music-context\data\raw\musiccaps\audio\-m5ZlWziIeA_200_210.mp3,ok,10.0
-m9pH0WXQto,110,120,True,B:\CSE425_Project\gnn-bert-music-context\data\raw\musiccaps\audio\-m9pH0WXQto_110_120.mp3,ok,10.0
-mA_bqD1tgU,30,40,False,B:\CSE425_Project\gnn-bert-music-context\data\raw\musiccaps\audio\-mA_bqD1tgU_30_40.mp3,ok,10.0
-mB_XLq6g1g,30,40,False,B:\CSE425_Project\gnn-bert-music-context\data\raw\musiccaps\audio\-mB_XLq6g1g_30_40.mp3,ok,10.0
-nlkWWphiaM,30,40,True,B:\CSE425_Project\gnn-bert-music-context\data\raw\musiccaps\audio\-nlkWWphiaM_30_40.mp3,ok,10.0
-o0ZtQIkM60,30,40,False,B:\CSE425_Project\gnn-bert-music-context\data\raw\musiccaps\audio\-o0ZtQIkM60_30_40.mp3,ok,10.0
-oP-XX28B0s,30,40,False,B:\CSE425_Project\gnn-bert-music-context\data\raw\musiccaps\audio\-oP-XX28B0s_30_40.mp3,ok,10.0
-pUfYFcsgG4,0,10,True,B:\CSE425_Project\gnn-bert-music-context\data\raw\musiccaps\audio\-pUfYFcsgG4_0_10.mp3,ok,10.0
-qcTD2o6I9s,30,40,True,B:\CSE425_Project\gnn-bert-music-context\data\raw\musiccaps\audio\-qcTD2o6I9s_30_40.mp3,ok,10.0
-r2-9oyIzkQ,30,40,True,B:\CSE425_Project\gnn-bert-music-context\data\raw\musiccaps\audio\-r2-9oyIzkQ_30_40.mp3,ok,10.0
-r7iz-9v9bA,30,40,False,B:\CSE425_Project\gnn-bert-music-context\data\raw\musiccaps\audio\-r7iz-9v9bA_30_40.mp3,ok,10.0
-rAhS48FkYw,30,40,False,B:\CSE425_Project\gnn-bert-music-context\data\raw\musiccaps\audio\-rAhS48FkYw_30_40.mp3,ok,10.0
-sRFfU8k0Zs,90,100,False,B:\CSE425_Project\gnn-bert-music-context\data\raw\musiccaps\audio\-sRFfU8k0Zs_90_100.mp3,ok,10.0
-sevczF5etI,30,40,True,,missing,
-tKZOl4q1Kw,20,30,True,B:\CSE425_Project\gnn-bert-music-context\data\raw\musiccaps\audio\-tKZOl4q1Kw_20_30.mp3,ok,10.0
-taO6N-rxv4,30,40,True,B:\CSE425_Project\gnn-bert-music-context\data\raw\musiccaps\audio\-taO6N-rxv4_30_40.mp3,ok,10.0
-tmY1GEH3_Y,30,40,False,B:\CSE425_Project\gnn-bert-music-context\data\raw\musiccaps\audio\-tmY1GEH3_Y_30_40.mp3,ok,10.0
-tpq_bzSKes,10,20,True,B:\CSE425_Project\gnn-bert-music-context\data\raw\musiccaps\audio\-tpq_bzSKes_10_20.mp3,ok,10.0
-uaTK8sa5Ms,10,20,True,B:\CSE425_Project\gnn-bert-music-context\data\raw\musiccaps\audio\-uaTK8sa5Ms_10_20.mp3,ok,10.0
-v5hgCh3M2w,30,40,False,B:\CSE425_Project\gnn-bert-music-context\data\raw\musiccaps\audio\-v5hgCh3M2w_30_40.mp3,ok,10.0
-w12aSkQ9No,30,40,True,B:\CSE425_Project\gnn-bert-music-context\data\raw\musiccaps\audio\-w12aSkQ9No_30_40.mp3,ok,10.0
-w4HLksto_k,30,40,False,B:\CSE425_Project\gnn-bert-music-context\data\raw\musiccaps\audio\-w4HLksto_k_30_40.mp3,ok,10.0
-w8maIWtnUk,30,40,True,B:\CSE425_Project\gnn-bert-music-context\data\raw\musiccaps\audio\-w8maIWtnUk_30_40.mp3,ok,10.0
-wVWjl9Kq6U,240,250,False,B:\CSE425_Project\gnn-bert-music-context\data\raw\musiccaps\audio\-wVWjl9Kq6U_240_250.mp3,ok,10.0
-wymN80CiYU,130,140,True,B:\CSE425_Project\gnn-bert-music-context\data\raw\musiccaps\audio\-wymN80CiYU_130_140.mp3,ok,10.0
-zA6LL78KYU,120,130,False,B:\CSE425_Project\gnn-bert-music-context\data\raw\musiccaps\audio\-zA6LL78KYU_120_130.mp3,ok,10.0
-zOybsEdM5E,100,110,False,B:\CSE425_Project\gnn-bert-music-context\data\raw\musiccaps\audio\-zOybsEdM5E_100_110.mp3,ok,10.0
0-7PyzhzuYQ,30,40,True,B:\CSE425_Project\gnn-bert-music-context\data\raw\musiccaps\audio\0-7PyzhzuYQ_30_40.mp3,ok,10.0
00M9FhCet6s,100,110,False,B:\CSE425_Project\gnn-bert-music-context\data\raw\musiccaps\audio\00M9FhCet6s_100_110.mp3,ok,10.0
01PzcPKT3_E,30,40,False,B:\CSE425_Project\gnn-bert-music-context\data\raw\musiccaps\audio\01PzcPKT3_E_30_40.mp3,ok,10.0
01hjVJN9xCg,30,40,False,B:\CSE425_Project\gnn-bert-music-context\data\raw\musiccaps\audio\01hjVJN9xCg_30_40.mp3,ok,10.0
0298WjE3_tk,20,30,False,B:\CSE425_Project\gnn-bert-music-context\data\raw\musiccaps\audio\0298WjE3_tk_20_30.mp3,ok,10.0
02Qntw26enM,90,100,False,B:\CSE425_Project\gnn-bert-music-context\data\raw\musiccaps\audio\02Qntw26enM_90_100.mp3,ok,10.0
03frQGyrgQ4,30,40,False,,missing,
03z0rpIkm5g,30,40,False,B:\CSE425_Project\gnn-bert-music-context\data\raw\musiccaps\audio\03z0rpIkm5g_30_40.mp3,ok,10.0
04NjXsLyCl4,30,40,True,B:\CSE425_Project\gnn-bert-music-context\data\raw\musiccaps\audio\04NjXsLyCl4_30_40.mp3,ok,10.0
05JAmKFVy44,20,30,True,B:\CSE425_Project\gnn-bert-music-context\data\raw\musiccaps\audio\05JAmKFVy44_20_30.mp3,ok,10.0
05OJDYeHLMc,30,40,False,B:\CSE425_Project\gnn-bert-music-context\data\raw\musiccaps\audio\05OJDYeHLMc_30_40.mp3,ok,10.0
06Brdf83RZE,30,40,False,B:\CSE425_Project\gnn-bert-music-context\data\raw\musiccaps\audio\06Brdf83RZE_30_40.mp3,ok,10.0
06IU9WsEp3s,130,140,False,B:\CSE425_Project\gnn-bert-music-context\data\raw\musiccaps\audio\06IU9WsEp3s_130_140.mp3,ok,10.0
07-3grCQ8EU,30,40,False,B:\CSE425_Project\gnn-bert-music-context\data\raw\musiccaps\audio\07-3grCQ8EU_30_40.mp3,ok,10.0
07-vpXo91XM,70,80,False,B:\CSE425_Project\gnn-bert-music-context\data\raw\musiccaps\audio\07-vpXo91XM_70_80.mp3,ok,10.0
07FxCXxknY4,30,40,True,B:\CSE425_Project\gnn-bert-music-context\data\raw\musiccaps\audio\07FxCXxknY4_30_40.mp3,ok,10.0
07mS0mSTDjY,30,40,False,B:\CSE425_Project\gnn-bert-music-context\data\raw\musiccaps\audio\07mS0mSTDjY_30_40.mp3,ok,10.0
07xGXxIHOL4,110,120,True,B:\CSE425_Project\gnn-bert-music-context\data\raw\musiccaps\audio\07xGXxIHOL4_110_120.mp3,ok,10.0
08mf5GxT820,30,40,True,B:\CSE425_Project\gnn-bert-music-context\data\raw\musiccaps\audio\08mf5GxT820_30_40.mp3,ok,10.0
08u-jdwjM74,300,310,False,B:\CSE425_Project\gnn-bert-music-context\data\raw\musiccaps\audio\08u-jdwjM74_300_310.mp3,ok,10.0
09lQmg2wvsY,100,110,True,B:\CSE425_Project\gnn-bert-music-context\data\raw\musiccaps\audio\09lQmg2wvsY_100_110.mp3,ok,10.0
0ADP-O_V3vA,30,40,False,B:\CSE425_Project\gnn-bert-music-context\data\raw\musiccaps\audio\0ADP-O_V3vA_30_40.mp3,ok,10.0
0AGHo8V8HpM,130,140,False,B:\CSE425_Project\gnn-bert-music-context\data\raw\musiccaps\audio\0AGHo8V8HpM_130_140.mp3,ok,10.0
0AhX-ReXovI,120,130,False,B:\CSE425_Project\gnn-bert-music-context\data\raw\musiccaps\audio\0AhX-ReXovI_120_130.mp3,ok,10.0
0BFauf6TGGU,0,10,False,B:\CSE425_Project\gnn-bert-music-context\data\raw\musiccaps\audio\0BFauf6TGGU_0_10.mp3,ok,10.0
0DYH0sqDXB8,30,40,False,B:\CSE425_Project\gnn-bert-music-context\data\raw\musiccaps\audio\0DYH0sqDXB8_30_40.mp3,ok,10.0
0DizopdPMBw,30,40,True,B:\CSE425_Project\gnn-bert-music-context\data\raw\musiccaps\audio\0DizopdPMBw_30_40.mp3,ok,10.0
0EOQco76eXQ,30,40,True,B:\CSE425_Project\gnn-bert-music-context\data\raw\musiccaps\audio\0EOQco76eXQ_30_40.mp3,ok,10.0
0EvpBtracsk,30,40,True,B:\CSE425_Project\gnn-bert-music-context\data\raw\musiccaps\audio\0EvpBtracsk_30_40.mp3,ok,10.0
0EzWmAPwoTs,260,270,False,B:\CSE425_Project\gnn-bert-music-context\data\raw\musiccaps\audio\0EzWmAPwoTs_260_270.mp3,ok,10.0
0F-Z0zF1504,30,40,True,B:\CSE425_Project\gnn-bert-music-context\data\raw\musiccaps\audio\0F-Z0zF1504_30_40.mp3,ok,10.0
0Gxn9FtaJFc,30,40,True,B:\CSE425_Project\gnn-bert-music-context\data\raw\musiccaps\audio\0Gxn9FtaJFc_30_40.mp3,ok,10.0
0H3FAoDgzhI,30,40,False,B:\CSE425_Project\gnn-bert-music-context\data\raw\musiccaps\audio\0H3FAoDgzhI_30_40.mp3,ok,10.0
0HXYdGGKV2k,30,40,True,B:\CSE425_Project\gnn-bert-music-context\data\raw\musiccaps\audio\0HXYdGGKV2k_30_40.mp3,ok,10.0
0ISHZQJdeSw,30,40,True,B:\CSE425_Project\gnn-bert-music-context\data\raw\musiccaps\audio\0ISHZQJdeSw_30_40.mp3,ok,10.0
0J_2K1Gvruk,30,40,False,,missing,
0J_TdiZ3TKA,30,40,True,B:\CSE425_Project\gnn-bert-music-context\data\raw\musiccaps\audio\0J_TdiZ3TKA_30_40.mp3,ok,10.0
0JbGxIR8JTk,200,210,True,B:\CSE425_Project\gnn-bert-music-context\data\raw\musiccaps\audio\0JbGxIR8JTk_200_210.mp3,ok,10.0
0K-zyeLuKho,30,40,False,B:\CSE425_Project\gnn-bert-music-context\data\raw\musiccaps\audio\0K-zyeLuKho_30_40.mp3,ok,10.0
0KCVgexi4yU,30,40,True,B:\CSE425_Project\gnn-bert-music-context\data\raw\musiccaps\audio\0KCVgexi4yU_30_40.mp3,ok,10.0
0L2ndtt60Q8,30,40,True,B:\CSE425_Project\gnn-bert-music-context\data\raw\musiccaps\audio\0L2ndtt60Q8_30_40.mp3,ok,10.0
0L3vcdzQPPU,30,40,False,B:\CSE425_Project\gnn-bert-music-context\data\raw\musiccaps\audio\0L3vcdzQPPU_30_40.mp3,ok,10.0
0LE6Ll1rVlg,30,40,True,B:\CSE425_Project\gnn-bert-music-context\data\raw\musiccaps\audio\0LE6Ll1rVlg_30_40.mp3,ok,10.0
0LLlcPiatiU,210,220,True,B:\CSE425_Project\gnn-bert-music-context\data\raw\musiccaps\audio\0LLlcPiatiU_210_220.mp3,ok,10.0
0M7nETLOsKQ,30,40,False,B:\CSE425_Project\gnn-bert-music-context\data\raw\musiccaps\audio\0M7nETLOsKQ_30_40.mp3,ok,10.0
0MzrXd8CUCg,30,40,True,B:\CSE425_Project\gnn-bert-music-context\data\raw\musiccaps\audio\0MzrXd8CUCg_30_40.mp3,ok,10.0
0NTzOtVmoiU,60,70,False,B:\CSE425_Project\gnn-bert-music-context\data\raw\musiccaps\audio\0NTzOtVmoiU_60_70.mp3,ok,10.0
0NZY0GHQBP0,240,250,False,B:\CSE425_Project\gnn-bert-music-context\data\raw\musiccaps\audio\0NZY0GHQBP0_240_250.mp3,ok,10.0
0ONdm4sW47c,30,40,False,B:\CSE425_Project\gnn-bert-music-context\data\raw\musiccaps\audio\0ONdm4sW47c_30_40.mp3,ok,10.0
0OY8XXZ98rw,30,40,True,B:\CSE425_Project\gnn-bert-music-context\data\raw\musiccaps\audio\0OY8XXZ98rw_30_40.mp3,ok,10.0
0OYlHvyfNk4,130,140,True,B:\CSE425_Project\gnn-bert-music-context\data\raw\musiccaps\audio\0OYlHvyfNk4_130_140.mp3,ok,10.0
0OhtODbKajw,350,360,False,B:\CSE425_Project\gnn-bert-music-context\data\raw\musiccaps\audio\0OhtODbKajw_350_360.mp3,ok,10.0
0Olm321vgk8,30,40,True,B:\CSE425_Project\gnn-bert-music-context\data\raw\musiccaps\audio\0Olm321vgk8_30_40.mp3,ok,10.0
0PMFAO4TIU4,30,40,True,B:\CSE425_Project\gnn-bert-music-context\data\raw\musiccaps\audio\0PMFAO4TIU4_30_40.mp3,ok,10.0
0Q1JLNfm8oU,30,40,False,B:\CSE425_Project\gnn-bert-music-context\data\raw\musiccaps\audio\0Q1JLNfm8oU_30_40.mp3,ok,10.0
0QAaln-hjPw,30,40,False,B:\CSE425_Project\gnn-bert-music-context\data\raw\musiccaps\audio\0QAaln-hjPw_30_40.mp3,ok,10.0
0QYNC7J05XI,30,40,False,B:\CSE425_Project\gnn-bert-music-context\data\raw\musiccaps\audio\0QYNC7J05XI_30_40.mp3,ok,10.0
0RDz0rLakwc,30,40,False,B:\CSE425_Project\gnn-bert-music-context\data\raw\musiccaps\audio\0RDz0rLakwc_30_40.mp3,ok,10.0
0RcMzUdXDRQ,30,40,True,B:\CSE425_Project\gnn-bert-music-context\data\raw\musiccaps\audio\0RcMzUdXDRQ_30_40.mp3,ok,10.0
0RgGrVklaao,150,160,True,B:\CSE425_Project\gnn-bert-music-context\data\raw\musiccaps\audio\0RgGrVklaao_150_160.mp3,ok,10.0
0RpkkfkUBRU,10,20,False,B:\CSE425_Project\gnn-bert-music-context\data\raw\musiccaps\audio\0RpkkfkUBRU_10_20.mp3,ok,10.0
0S5zWt91Bwo,30,40,False,B:\CSE425_Project\gnn-bert-music-context\data\raw\musiccaps\audio\0S5zWt91Bwo_30_40.mp3,ok,10.0
0SNhAKyXtC8,30,40,True,B:\CSE425_Project\gnn-bert-music-context\data\raw\musiccaps\audio\0SNhAKyXtC8_30_40.mp3,ok,10.0
0SnjS2w_c80,520,530,True,B:\CSE425_Project\gnn-bert-music-context\data\raw\musiccaps\audio\0SnjS2w_c80_520_530.mp3,ok,10.0
0TV9zvfwFhs,30,40,True,B:\CSE425_Project\gnn-bert-music-context\data\raw\musiccaps\audio\0TV9zvfwFhs_30_40.mp3,ok,10.0
0TiEO149Ydc,30,40,True,B:\CSE425_Project\gnn-bert-music-context\data\raw\musiccaps\audio\0TiEO149Ydc_30_40.mp3,ok,10.0
0Ubu4BqSWmU,30,40,True,B:\CSE425_Project\gnn-bert-music-context\data\raw\musiccaps\audio\0Ubu4BqSWmU_30_40.mp3,ok,10.0
0VjPCd62oKg,100,110,True,B:\CSE425_Project\gnn-bert-music-context\data\raw\musiccaps\audio\0VjPCd62oKg_100_110.mp3,ok,10.0
0VsjSa1X7iA,30,40,False,,missing,
0VwX92X3iPc,30,40,False,B:\CSE425_Project\gnn-bert-music-context\data\raw\musiccaps\audio\0VwX92X3iPc_30_40.mp3,ok,10.0
0Wdh45yt7tY,50,60,False,B:\CSE425_Project\gnn-bert-music-context\data\raw\musiccaps\audio\0Wdh45yt7tY_50_60.mp3,ok,10.0
0XxinBtKouQ,30,40,True,B:\CSE425_Project\gnn-bert-music-context\data\raw\musiccaps\audio\0XxinBtKouQ_30_40.mp3,ok,10.0
0ZNFJz-eZTU,120,130,False,B:\CSE425_Project\gnn-bert-music-context\data\raw\musiccaps\audio\0ZNFJz-eZTU_120_130.mp3,ok,10.0
0ZXWSO_Y2C0,160,170,False,B:\CSE425_Project\gnn-bert-music-context\data\raw\musiccaps\audio\0ZXWSO_Y2C0_160_170.mp3,ok,10.0
0_QcatLmg7c,30,40,False,B:\CSE425_Project\gnn-bert-music-context\data\raw\musiccaps\audio\0_QcatLmg7c_30_40.mp3,ok,10.0
0_XItMAYkwc,30,40,True,B:\CSE425_Project\gnn-bert-music-context\data\raw\musiccaps\audio\0_XItMAYkwc_30_40.mp3,ok,10.0
0_hH79HnEdo,30,40,False,B:\CSE425_Project\gnn-bert-music-context\data\raw\musiccaps\audio\0_hH79HnEdo_30_40.mp3,ok,10.0
0a6uLBmqZgA,30,40,False,B:\CSE425_Project\gnn-bert-music-context\data\raw\musiccaps\audio\0a6uLBmqZgA_30_40.mp3,ok,10.0
0a91szM1Ivw,30,40,True,B:\CSE425_Project\gnn-bert-music-context\data\raw\musiccaps\audio\0a91szM1Ivw_30_40.mp3,ok,10.0
0abzD7hBTRk,30,40,True,B:\CSE425_Project\gnn-bert-music-context\data\raw\musiccaps\audio\0abzD7hBTRk_30_40.mp3,ok,10.0
0bP2MH3LqvI,30,40,True,B:\CSE425_Project\gnn-bert-music-context\data\raw\musiccaps\audio\0bP2MH3LqvI_30_40.mp3,ok,10.0
0bRUkLsttto,30,40,True,B:\CSE425_Project\gnn-bert-music-context\data\raw\musiccaps\audio\0bRUkLsttto_30_40.mp3,ok,10.0
0bvPjMQ_WbE,30,40,True,B:\CSE425_Project\gnn-bert-music-context\data\raw\musiccaps\audio\0bvPjMQ_WbE_30_40.mp3,ok,10.0
0c1YU_VtFRE,180,190,True,B:\CSE425_Project\gnn-bert-music-context\data\raw\musiccaps\audio\0c1YU_VtFRE_180_190.mp3,ok,10.0
0cNYPgD6cEA,30,40,True,B:\CSE425_Project\gnn-bert-music-context\data\raw\musiccaps\audio\0cNYPgD6cEA_30_40.mp3,ok,10.0
0dPx94RPy2M,30,40,True,B:\CSE425_Project\gnn-bert-music-context\data\raw\musiccaps\audio\0dPx94RPy2M_30_40.mp3,ok,10.0
0ewQiU3q5jM,30,40,True,B:\CSE425_Project\gnn-bert-music-context\data\raw\musiccaps\audio\0ewQiU3q5jM_30_40.mp3,ok,10.0
0ewWspUqB6Y,430,440,False,B:\CSE425_Project\gnn-bert-music-context\data\raw\musiccaps\audio\0ewWspUqB6Y_430_440.mp3,ok,10.0
0fCpAuxrQ_I,380,390,True,B:\CSE425_Project\gnn-bert-music-context\data\raw\musiccaps\audio\0fCpAuxrQ_I_380_390.mp3,ok,10.0
0fiOM---7QI,140,150,True,B:\CSE425_Project\gnn-bert-music-context\data\raw\musiccaps\audio\0fiOM---7QI_140_150.mp3,ok,10.0
0fqtA_ZBn_8,30,40,True,B:\CSE425_Project\gnn-bert-music-context\data\raw\musiccaps\audio\0fqtA_ZBn_8_30_40.mp3,ok,10.0
0hfU27A6tus,70,80,True,B:\CSE425_Project\gnn-bert-music-context\data\raw\musiccaps\audio\0hfU27A6tus_70_80.mp3,ok,10.0
0hw_BB4QN34,220,230,False,B:\CSE425_Project\gnn-bert-music-context\data\raw\musiccaps\audio\0hw_BB4QN34_220_230.mp3,ok,10.0
0i8VM_EooCs,30,40,True,,missing,
0jFQ21A6GRA,30,40,True,B:\CSE425_Project\gnn-bert-music-context\data\raw\musiccaps\audio\0jFQ21A6GRA_30_40.mp3,ok,10.0
0kQD1P0_KUs,30,40,True,B:\CSE425_Project\gnn-bert-music-context\data\raw\musiccaps\audio\0kQD1P0_KUs_30_40.mp3,ok,10.0
0kQjfwXjFuY,30,40,True,B:\CSE425_Project\gnn-bert-music-context\data\raw\musiccaps\audio\0kQjfwXjFuY_30_40.mp3,ok,10.0
0khKvVDyYV4,240,250,False,,missing,
0lIETNZ_7sg,30,40,False,B:\CSE425_Project\gnn-bert-music-context\data\raw\musiccaps\audio\0lIETNZ_7sg_30_40.mp3,ok,10.0
0m9-5BkL4Mc,30,40,True,B:\CSE425_Project\gnn-bert-music-context\data\raw\musiccaps\audio\0m9-5BkL4Mc_30_40.mp3,ok,10.0
0nNmbkU8GBI,100,110,False,B:\CSE425_Project\gnn-bert-music-context\data\raw\musiccaps\audio\0nNmbkU8GBI_100_110.mp3,ok,10.0
0nk7utNkHOY,190,200,False,B:\CSE425_Project\gnn-bert-music-context\data\raw\musiccaps\audio\0nk7utNkHOY_190_200.mp3,ok,10.0
0oIFGARD9xE,410,420,False,B:\CSE425_Project\gnn-bert-music-context\data\raw\musiccaps\audio\0oIFGARD9xE_410_420.mp3,ok,10.0
0pewITE1550,30,40,True,B:\CSE425_Project\gnn-bert-music-context\data\raw\musiccaps\audio\0pewITE1550_30_40.mp3,ok,10.0
0q-80dzp6PU,60,70,False,B:\CSE425_Project\gnn-bert-music-context\data\raw\musiccaps\audio\0q-80dzp6PU_60_70.mp3,ok,10.0
0qtbbK5HVMw,330,340,False,B:\CSE425_Project\gnn-bert-music-context\data\raw\musiccaps\audio\0qtbbK5HVMw_330_340.mp3,ok,10.0
0rNr_qnoPQ4,30,40,False,B:\CSE425_Project\gnn-bert-music-context\data\raw\musiccaps\audio\0rNr_qnoPQ4_30_40.mp3,ok,10.0
0s0Uy0-zBa0,30,40,True,B:\CSE425_Project\gnn-bert-music-context\data\raw\musiccaps\audio\0s0Uy0-zBa0_30_40.mp3,ok,10.0
0sPVAP17w2U,70,80,True,B:\CSE425_Project\gnn-bert-music-context\data\raw\musiccaps\audio\0sPVAP17w2U_70_80.mp3,ok,10.0
0soVCtJgDTk,5,15,True,B:\CSE425_Project\gnn-bert-music-context\data\raw\musiccaps\audio\0soVCtJgDTk_5_15.mp3,ok,10.0
0trWdhSvab4,30,40,True,B:\CSE425_Project\gnn-bert-music-context\data\raw\musiccaps\audio\0trWdhSvab4_30_40.mp3,ok,10.0
0u1sk49gAU0,20,30,False,B:\CSE425_Project\gnn-bert-music-context\data\raw\musiccaps\audio\0u1sk49gAU0_20_30.mp3,ok,10.0
0u4gY1bBUwQ,250,260,False,B:\CSE425_Project\gnn-bert-music-context\data\raw\musiccaps\audio\0u4gY1bBUwQ_250_260.mp3,ok,10.0
0u5-WiBKam8,50,60,False,B:\CSE425_Project\gnn-bert-music-context\data\raw\musiccaps\audio\0u5-WiBKam8_50_60.mp3,ok,10.0
0vFPs6XsU_Q,30,40,True,B:\CSE425_Project\gnn-bert-music-context\data\raw\musiccaps\audio\0vFPs6XsU_Q_30_40.mp3,ok,10.0
0wYi8B9PXDY,30,40,True,B:\CSE425_Project\gnn-bert-music-context\data\raw\musiccaps\audio\0wYi8B9PXDY_30_40.mp3,ok,10.0
0wzsE67O5tE,230,240,True,B:\CSE425_Project\gnn-bert-music-context\data\raw\musiccaps\audio\0wzsE67O5tE_230_240.mp3,ok,10.0
0x6chChxzV0,30,40,False,B:\CSE425_Project\gnn-bert-music-context\data\raw\musiccaps\audio\0x6chChxzV0_30_40.mp3,ok,10.0
0zolXzR9Oi4,30,40,False,B:\CSE425_Project\gnn-bert-music-context\data\raw\musiccaps\audio\0zolXzR9Oi4_30_40.mp3,ok,10.0
1-Y9kafYuqQ,100,110,True,B:\CSE425_Project\gnn-bert-music-context\data\raw\musiccaps\audio\1-Y9kafYuqQ_100_110.mp3,ok,10.0
10dur7jhFQM,30,40,False,B:\CSE425_Project\gnn-bert-music-context\data\raw\musiccaps\audio\10dur7jhFQM_30_40.mp3,ok,10.0
11D0JdB7_4k,120,130,False,B:\CSE425_Project\gnn-bert-music-context\data\raw\musiccaps\audio\11D0JdB7_4k_120_130.mp3,ok,10.0
11FeId69WOk,30,40,True,B:\CSE425_Project\gnn-bert-music-context\data\raw\musiccaps\audio\11FeId69WOk_30_40.mp3,ok,10.0
11fNNN95_og,30,40,False,B:\CSE425_Project\gnn-bert-music-context\data\raw\musiccaps\audio\11fNNN95_og_30_40.mp3,ok,10.0
13n6n6nKMhI,130,140,False,B:\CSE425_Project\gnn-bert-music-context\data\raw\musiccaps\audio\13n6n6nKMhI_130_140.mp3,ok,10.0
14hTDUjCr_g,30,40,True,B:\CSE425_Project\gnn-bert-music-context\data\raw\musiccaps\audio\14hTDUjCr_g_30_40.mp3,ok,10.0
15CZ2h5VL-A,30,40,False,B:\CSE425_Project\gnn-bert-music-context\data\raw\musiccaps\audio\15CZ2h5VL-A_30_40.mp3,ok,10.0
15Mw2jyyHk0,30,40,True,B:\CSE425_Project\gnn-bert-music-context\data\raw\musiccaps\audio\15Mw2jyyHk0_30_40.mp3,ok,10.0
15z-gbPxdXg,30,40,False,B:\CSE425_Project\gnn-bert-music-context\data\raw\musiccaps\audio\15z-gbPxdXg_30_40.mp3,ok,10.0
16F5fdORzSo,30,40,False,B:\CSE425_Project\gnn-bert-music-context\data\raw\musiccaps\audio\16F5fdORzSo_30_40.mp3,ok,10.0
16TsDMjHzYU,30,40,True,B:\CSE425_Project\gnn-bert-music-context\data\raw\musiccaps\audio\16TsDMjHzYU_30_40.mp3,ok,10.0
17AtKbQ7glU,590,600,True,B:\CSE425_Project\gnn-bert-music-context\data\raw\musiccaps\audio\17AtKbQ7glU_590_600.mp3,ok,10.0
18mS4cLPOb8,50,60,True,B:\CSE425_Project\gnn-bert-music-context\data\raw\musiccaps\audio\18mS4cLPOb8_50_60.mp3,ok,10.0
19-GI2LzOtc,140,150,False,B:\CSE425_Project\gnn-bert-music-context\data\raw\musiccaps\audio\19-GI2LzOtc_140_150.mp3,ok,10.0
19Pp9QEw17U,30,40,False,B:\CSE425_Project\gnn-bert-music-context\data\raw\musiccaps\audio\19Pp9QEw17U_30_40.mp3,ok,10.0
1ACn3u5UnBw,30,40,True,B:\CSE425_Project\gnn-bert-music-context\data\raw\musiccaps\audio\1ACn3u5UnBw_30_40.mp3,ok,10.0
1AOe82obwcY,30,40,False,B:\CSE425_Project\gnn-bert-music-context\data\raw\musiccaps\audio\1AOe82obwcY_30_40.mp3,ok,10.0
1ArUx6UCxe4,30,40,False,B:\CSE425_Project\gnn-bert-music-context\data\raw\musiccaps\audio\1ArUx6UCxe4_30_40.mp3,ok,10.0
1BVSYfNCcv0,30,40,True,B:\CSE425_Project\gnn-bert-music-context\data\raw\musiccaps\audio\1BVSYfNCcv0_30_40.mp3,ok,10.0
1Ccis4FDGwY,20,30,False,B:\CSE425_Project\gnn-bert-music-context\data\raw\musiccaps\audio\1Ccis4FDGwY_20_30.mp3,ok,10.0
1DNoynuGLV4,30,40,True,B:\CSE425_Project\gnn-bert-music-context\data\raw\musiccaps\audio\1DNoynuGLV4_30_40.mp3,ok,10.0
1FU5odlgLmo,30,40,True,B:\CSE425_Project\gnn-bert-music-context\data\raw\musiccaps\audio\1FU5odlgLmo_30_40.mp3,ok,10.0
1FnA3w94zXI,30,40,True,B:\CSE425_Project\gnn-bert-music-context\data\raw\musiccaps\audio\1FnA3w94zXI_30_40.mp3,ok,10.0
1FnT0RrfMEA,30,40,False,B:\CSE425_Project\gnn-bert-music-context\data\raw\musiccaps\audio\1FnT0RrfMEA_30_40.mp3,ok,10.0
1GCOnj53QYM,0,10,False,B:\CSE425_Project\gnn-bert-music-context\data\raw\musiccaps\audio\1GCOnj53QYM_0_10.mp3,ok,10.0
1IK4OeOqAEo,30,40,False,B:\CSE425_Project\gnn-bert-music-context\data\raw\musiccaps\audio\1IK4OeOqAEo_30_40.mp3,ok,10.0
1ILLsA6gqHE,30,40,False,B:\CSE425_Project\gnn-bert-music-context\data\raw\musiccaps\audio\1ILLsA6gqHE_30_40.mp3,ok,10.0
1IMi7yfZVVM,40,50,False,B:\CSE425_Project\gnn-bert-music-context\data\raw\musiccaps\audio\1IMi7yfZVVM_40_50.mp3,ok,10.0
1Is1xfDjZrw,30,40,False,B:\CSE425_Project\gnn-bert-music-context\data\raw\musiccaps\audio\1Is1xfDjZrw_30_40.mp3,ok,10.0
1JpeDWbgUO8,30,40,True,B:\CSE425_Project\gnn-bert-music-context\data\raw\musiccaps\audio\1JpeDWbgUO8_30_40.mp3,ok,10.0
1JqNiV03kog,30,40,False,B:\CSE425_Project\gnn-bert-music-context\data\raw\musiccaps\audio\1JqNiV03kog_30_40.mp3,ok,10.0
1JwoLPCIGhs,30,40,False,B:\CSE425_Project\gnn-bert-music-context\data\raw\musiccaps\audio\1JwoLPCIGhs_30_40.mp3,ok,10.0
1KN3GrwhY8c,420,430,False,B:\CSE425_Project\gnn-bert-music-context\data\raw\musiccaps\audio\1KN3GrwhY8c_420_430.mp3,ok,10.0
1KmsVHx7E2c,0,10,True,B:\CSE425_Project\gnn-bert-music-context\data\raw\musiccaps\audio\1KmsVHx7E2c_0_10.mp3,ok,10.0
1LA64TXatWk,30,40,False,B:\CSE425_Project\gnn-bert-music-context\data\raw\musiccaps\audio\1LA64TXatWk_30_40.mp3,ok,10.0
1MwaXCfUvX8,110,120,True,B:\CSE425_Project\gnn-bert-music-context\data\raw\musiccaps\audio\1MwaXCfUvX8_110_120.mp3,ok,10.0
1O4LpU7HggY,30,40,False,B:\CSE425_Project\gnn-bert-music-context\data\raw\musiccaps\audio\1O4LpU7HggY_30_40.mp3,ok,10.0
1OIfQHKnAcw,20,30,False,B:\CSE425_Project\gnn-bert-music-context\data\raw\musiccaps\audio\1OIfQHKnAcw_20_30.mp3,ok,10.0
1PKxdTlquCA,30,40,True,B:\CSE425_Project\gnn-bert-music-context\data\raw\musiccaps\audio\1PKxdTlquCA_30_40.mp3,ok,10.0
1PN-bfs2EhY,30,40,True,B:\CSE425_Project\gnn-bert-music-context\data\raw\musiccaps\audio\1PN-bfs2EhY_30_40.mp3,ok,10.0
1PSzSTilu_s,30,40,True,B:\CSE425_Project\gnn-bert-music-context\data\raw\musiccaps\audio\1PSzSTilu_s_30_40.mp3,ok,10.0
1Q9DXhXMSFI,30,40,True,B:\CSE425_Project\gnn-bert-music-context\data\raw\musiccaps\audio\1Q9DXhXMSFI_30_40.mp3,ok,10.0
1QFli7KSXAQ,30,40,False,B:\CSE425_Project\gnn-bert-music-context\data\raw\musiccaps\audio\1QFli7KSXAQ_30_40.mp3,ok,10.0
1QSD-dzEv7Y,40,50,False,B:\CSE425_Project\gnn-bert-music-context\data\raw\musiccaps\audio\1QSD-dzEv7Y_40_50.mp3,ok,10.0
1RRGInmOhTQ,250,260,False,B:\CSE425_Project\gnn-bert-music-context\data\raw\musiccaps\audio\1RRGInmOhTQ_250_260.mp3,ok,10.0
1Rd1w7Ty1ak,160,170,False,B:\CSE425_Project\gnn-bert-music-context\data\raw\musiccaps\audio\1Rd1w7Ty1ak_160_170.mp3,ok,10.0
1RhYdQnZ_hw,30,40,True,B:\CSE425_Project\gnn-bert-music-context\data\raw\musiccaps\audio\1RhYdQnZ_hw_30_40.mp3,ok,10.0
1RwhRTe-OKk,30,40,True,B:\CSE425_Project\gnn-bert-music-context\data\raw\musiccaps\audio\1RwhRTe-OKk_30_40.mp3,ok,10.0
1SO5RJLWKAs,30,40,False,,missing,
1SqihV_DnEg,30,40,True,B:\CSE425_Project\gnn-bert-music-context\data\raw\musiccaps\audio\1SqihV_DnEg_30_40.mp3,ok,10.0
1ToIyrmWFjw,20,30,False,B:\CSE425_Project\gnn-bert-music-context\data\raw\musiccaps\audio\1ToIyrmWFjw_20_30.mp3,ok,10.0
1TyOPtg0Yfk,30,40,True,,missing,
1V7ReAk9k-4,30,40,True,B:\CSE425_Project\gnn-bert-music-context\data\raw\musiccaps\audio\1V7ReAk9k-4_30_40.mp3,ok,10.0
1VKSpjXZvKo,150,160,False,B:\CSE425_Project\gnn-bert-music-context\data\raw\musiccaps\audio\1VKSpjXZvKo_150_160.mp3,ok,10.0
1W2Cz2Jj76Q,30,40,False,B:\CSE425_Project\gnn-bert-music-context\data\raw\musiccaps\audio\1W2Cz2Jj76Q_30_40.mp3,ok,10.0
1W2FOzSXsxs,30,40,True,B:\CSE425_Project\gnn-bert-music-context\data\raw\musiccaps\audio\1W2FOzSXsxs_30_40.mp3,ok,10.0
1WlvXneu6oY,30,40,True,B:\CSE425_Project\gnn-bert-music-context\data\raw\musiccaps\audio\1WlvXneu6oY_30_40.mp3,ok,10.0
1Xtkou9dtyA,370,380,True,B:\CSE425_Project\gnn-bert-music-context\data\raw\musiccaps\audio\1Xtkou9dtyA_370_380.mp3,ok,10.0
1YPYQP6yupA,30,40,False,,missing,
1ZaxqZMs21M,220,230,True,B:\CSE425_Project\gnn-bert-music-context\data\raw\musiccaps\audio\1ZaxqZMs21M_220_230.mp3,ok,10.0
1Ziku4FLka4,30,40,False,B:\CSE425_Project\gnn-bert-music-context\data\raw\musiccaps\audio\1Ziku4FLka4_30_40.mp3,ok,10.0
1_YHHL_t2GI,150,160,False,B:\CSE425_Project\gnn-bert-music-context\data\raw\musiccaps\audio\1_YHHL_t2GI_150_160.mp3,ok,10.0
1a_nvi4sW64,30,40,True,B:\CSE425_Project\gnn-bert-music-context\data\raw\musiccaps\audio\1a_nvi4sW64_30_40.mp3,ok,10.0
1bSP4wLfMpA,0,10,True,B:\CSE425_Project\gnn-bert-music-context\data\raw\musiccaps\audio\1bSP4wLfMpA_0_10.mp3,ok,10.0
1cqcTbDxsHM,130,140,True,B:\CSE425_Project\gnn-bert-music-context\data\raw\musiccaps\audio\1cqcTbDxsHM_130_140.mp3,ok,10.0
1cwGW0cBdRs,30,40,True,B:\CSE425_Project\gnn-bert-music-context\data\raw\musiccaps\audio\1cwGW0cBdRs_30_40.mp3,ok,10.0
1dt9eL2rmSY,30,40,True,B:\CSE425_Project\gnn-bert-music-context\data\raw\musiccaps\audio\1dt9eL2rmSY_30_40.mp3,ok,10.0
1gDNqOQFopY,30,40,True,B:\CSE425_Project\gnn-bert-music-context\data\raw\musiccaps\audio\1gDNqOQFopY_30_40.mp3,ok,10.0
1h2sb2xeCt8,30,40,False,B:\CSE425_Project\gnn-bert-music-context\data\raw\musiccaps\audio\1h2sb2xeCt8_30_40.mp3,ok,10.0
1hABzqBHh7w,30,40,True,B:\CSE425_Project\gnn-bert-music-context\data\raw\musiccaps\audio\1hABzqBHh7w_30_40.mp3,ok,10.0
1hWAOReJehw,140,150,True,B:\CSE425_Project\gnn-bert-music-context\data\raw\musiccaps\audio\1hWAOReJehw_140_150.mp3,ok,10.0
1heMbyumHAo,30,40,True,B:\CSE425_Project\gnn-bert-music-context\data\raw\musiccaps\audio\1heMbyumHAo_30_40.mp3,ok,10.0
1i1sbQOILb0,30,40,True,,missing,
1j13NdQiw8c,30,40,True,B:\CSE425_Project\gnn-bert-music-context\data\raw\musiccaps\audio\1j13NdQiw8c_30_40.mp3,ok,10.0
1j3pXUr8R4M,40,50,False,B:\CSE425_Project\gnn-bert-music-context\data\raw\musiccaps\audio\1j3pXUr8R4M_40_50.mp3,ok,10.0
1j4rFfU5XKQ,30,40,True,B:\CSE425_Project\gnn-bert-music-context\data\raw\musiccaps\audio\1j4rFfU5XKQ_30_40.mp3,ok,10.0
1jATjKL2vAE,10,20,False,B:\CSE425_Project\gnn-bert-music-context\data\raw\musiccaps\audio\1jATjKL2vAE_10_20.mp3,ok,10.0
1jptuEjuTig,30,40,False,B:\CSE425_Project\gnn-bert-music-context\data\raw\musiccaps\audio\1jptuEjuTig_30_40.mp3,ok,10.0
1kYDbl5Y9Sg,490,500,False,B:\CSE425_Project\gnn-bert-music-context\data\raw\musiccaps\audio\1kYDbl5Y9Sg_490_500.mp3,ok,10.0
1l7BjFDQLUM,90,100,False,B:\CSE425_Project\gnn-bert-music-context\data\raw\musiccaps\audio\1l7BjFDQLUM_90_100.mp3,ok,10.0
1lgqqW5TsJk,30,40,True,B:\CSE425_Project\gnn-bert-music-context\data\raw\musiccaps\audio\1lgqqW5TsJk_30_40.mp3,ok,10.0
1ls3ectO1F4,30,40,False,B:\CSE425_Project\gnn-bert-music-context\data\raw\musiccaps\audio\1ls3ectO1F4_30_40.mp3,ok,10.0
1mB_cboJR8s,130,140,False,B:\CSE425_Project\gnn-bert-music-context\data\raw\musiccaps\audio\1mB_cboJR8s_130_140.mp3,ok,10.0
1nUqhH8bAPk,30,40,True,B:\CSE425_Project\gnn-bert-music-context\data\raw\musiccaps\audio\1nUqhH8bAPk_30_40.mp3,ok,10.0
1o7iTDLNTFk,30,40,False,B:\CSE425_Project\gnn-bert-music-context\data\raw\musiccaps\audio\1o7iTDLNTFk_30_40.mp3,ok,10.0
1pR0SgbqP3M,30,40,True,B:\CSE425_Project\gnn-bert-music-context\data\raw\musiccaps\audio\1pR0SgbqP3M_30_40.mp3,ok,10.0
1rhsnmWLeGw,30,40,True,B:\CSE425_Project\gnn-bert-music-context\data\raw\musiccaps\audio\1rhsnmWLeGw_30_40.mp3,ok,10.0
1tNkAc29aPE,30,40,True,B:\CSE425_Project\gnn-bert-music-context\data\raw\musiccaps\audio\1tNkAc29aPE_30_40.mp3,ok,10.0
1tz4xNRRR4M,10,20,True,B:\CSE425_Project\gnn-bert-music-context\data\raw\musiccaps\audio\1tz4xNRRR4M_10_20.mp3,ok,10.0
1uHF1-8TcEk,30,40,True,B:\CSE425_Project\gnn-bert-music-context\data\raw\musiccaps\audio\1uHF1-8TcEk_30_40.mp3,ok,10.0
1xhwyUVSRQk,170,180,False,B:\CSE425_Project\gnn-bert-music-context\data\raw\musiccaps\audio\1xhwyUVSRQk_170_180.mp3,ok,10.0
1y1lEOGBcWM,130,140,False,B:\CSE425_Project\gnn-bert-music-context\data\raw\musiccaps\audio\1y1lEOGBcWM_130_140.mp3,ok,10.0
1yGWdegJjA4,30,40,True,B:\CSE425_Project\gnn-bert-music-context\data\raw\musiccaps\audio\1yGWdegJjA4_30_40.mp3,ok,10.0
1yWGmdevTuM,30,40,True,B:\CSE425_Project\gnn-bert-music-context\data\raw\musiccaps\audio\1yWGmdevTuM_30_40.mp3,ok,10.0
1ypKEH2kd7g,30,40,False,B:\CSE425_Project\gnn-bert-music-context\data\raw\musiccaps\audio\1ypKEH2kd7g_30_40.mp3,ok,10.0
2-K-7T8ZIWA,20,30,False,B:\CSE425_Project\gnn-bert-music-context\data\raw\musiccaps\audio\2-K-7T8ZIWA_20_30.mp3,ok,10.0
20QZS9L5WeA,70,80,False,B:\CSE425_Project\gnn-bert-music-context\data\raw\musiccaps\audio\20QZS9L5WeA_70_80.mp3,ok,10.0
20Vh6z6Ie0E,30,40,True,B:\CSE425_Project\gnn-bert-music-context\data\raw\musiccaps\audio\20Vh6z6Ie0E_30_40.mp3,ok,10.0
21MgIcLN8Ow,30,40,False,B:\CSE425_Project\gnn-bert-music-context\data\raw\musiccaps\audio\21MgIcLN8Ow_30_40.mp3,ok,10.0
23xC7lTBikU,20,30,True,B:\CSE425_Project\gnn-bert-music-context\data\raw\musiccaps\audio\23xC7lTBikU_20_30.mp3,ok,10.0
244y56-vLWE,30,40,False,B:\CSE425_Project\gnn-bert-music-context\data\raw\musiccaps\audio\244y56-vLWE_30_40.mp3,ok,10.0
24cmo2fEQo8,60,70,False,B:\CSE425_Project\gnn-bert-music-context\data\raw\musiccaps\audio\24cmo2fEQo8_60_70.mp3,ok,10.0
25Ccp8usBtE,30,40,False,,missing,
25RWrqQol7Y,30,40,True,,missing,
26HLgXWF-Co,30,40,False,B:\CSE425_Project\gnn-bert-music-context\data\raw\musiccaps\audio\26HLgXWF-Co_30_40.mp3,ok,10.0
26IOFykrJrc,30,40,True,B:\CSE425_Project\gnn-bert-music-context\data\raw\musiccaps\audio\26IOFykrJrc_30_40.mp3,ok,10.0
26jTWRMRoxY,30,40,True,B:\CSE425_Project\gnn-bert-music-context\data\raw\musiccaps\audio\26jTWRMRoxY_30_40.mp3,ok,10.0
28pkN4m1x6I,80,90,False,B:\CSE425_Project\gnn-bert-music-context\data\raw\musiccaps\audio\28pkN4m1x6I_80_90.mp3,ok,10.0
28wBrNjHXOM,390,400,True,B:\CSE425_Project\gnn-bert-music-context\data\raw\musiccaps\audio\28wBrNjHXOM_390_400.mp3,ok,10.0
298Q_pSLflU,70,80,True,B:\CSE425_Project\gnn-bert-music-context\data\raw\musiccaps\audio\298Q_pSLflU_70_80.mp3,ok,10.0
2ATMQxWVpXk,0,10,True,B:\CSE425_Project\gnn-bert-music-context\data\raw\musiccaps\audio\2ATMQxWVpXk_0_10.mp3,ok,10.0
2BBAUwC1BI4,70,80,False,B:\CSE425_Project\gnn-bert-music-context\data\raw\musiccaps\audio\2BBAUwC1BI4_70_80.mp3,ok,10.0
2BGzxAuetOA,30,40,True,B:\CSE425_Project\gnn-bert-music-context\data\raw\musiccaps\audio\2BGzxAuetOA_30_40.mp3,ok,10.0
2CzfBZ1mYBs,170,180,True,B:\CSE425_Project\gnn-bert-music-context\data\raw\musiccaps\audio\2CzfBZ1mYBs_170_180.mp3,ok,10.0
2FQKfGCwjSE,30,40,True,B:\CSE425_Project\gnn-bert-music-context\data\raw\musiccaps\audio\2FQKfGCwjSE_30_40.mp3,ok,10.0
2G4lyzAZ1vk,30,40,True,B:\CSE425_Project\gnn-bert-music-context\data\raw\musiccaps\audio\2G4lyzAZ1vk_30_40.mp3,ok,10.0
2G5bSYHcJSM,30,40,True,,missing,
2GWkKVHxGRM,30,40,True,B:\CSE425_Project\gnn-bert-music-context\data\raw\musiccaps\audio\2GWkKVHxGRM_30_40.mp3,ok,10.0
2GepmcbNlJY,0,10,True,B:\CSE425_Project\gnn-bert-music-context\data\raw\musiccaps\audio\2GepmcbNlJY_0_10.mp3,ok,10.0
2Gja9wBkz6U,460,470,False,B:\CSE425_Project\gnn-bert-music-context\data\raw\musiccaps\audio\2Gja9wBkz6U_460_470.mp3,ok,10.0
2I6pPRWKsCQ,380,390,False,B:\CSE425_Project\gnn-bert-music-context\data\raw\musiccaps\audio\2I6pPRWKsCQ_380_390.mp3,ok,10.0
2Ic1zm9mBjk,30,40,True,B:\CSE425_Project\gnn-bert-music-context\data\raw\musiccaps\audio\2Ic1zm9mBjk_30_40.mp3,ok,10.0
2IpapScfsT4,80,90,False,B:\CSE425_Project\gnn-bert-music-context\data\raw\musiccaps\audio\2IpapScfsT4_80_90.mp3,ok,10.0
2JNY2SaMk7s,30,40,False,B:\CSE425_Project\gnn-bert-music-context\data\raw\musiccaps\audio\2JNY2SaMk7s_30_40.mp3,ok,10.0
2JnlmS1zzls,30,40,True,B:\CSE425_Project\gnn-bert-music-context\data\raw\musiccaps\audio\2JnlmS1zzls_30_40.mp3,ok,10.0
2JuMYUPMGGM,190,200,True,B:\CSE425_Project\gnn-bert-music-context\data\raw\musiccaps\audio\2JuMYUPMGGM_190_200.mp3,ok,10.0
2KGnpMYHBGI,20,30,True,B:\CSE425_Project\gnn-bert-music-context\data\raw\musiccaps\audio\2KGnpMYHBGI_20_30.mp3,ok,10.0
2KkNk9Ao7G4,150,160,False,B:\CSE425_Project\gnn-bert-music-context\data\raw\musiccaps\audio\2KkNk9Ao7G4_150_160.mp3,ok,10.0
2KwSyaLT_mw,40,50,True,B:\CSE425_Project\gnn-bert-music-context\data\raw\musiccaps\audio\2KwSyaLT_mw_40_50.mp3,ok,10.0
2M-CFCo-rkY,30,40,False,B:\CSE425_Project\gnn-bert-music-context\data\raw\musiccaps\audio\2M-CFCo-rkY_30_40.mp3,ok,10.0
2MZUbxulAI4,310,320,False,B:\CSE425_Project\gnn-bert-music-context\data\raw\musiccaps\audio\2MZUbxulAI4_310_320.mp3,ok,10.0
2MpzHv5KNZU,30,40,True,B:\CSE425_Project\gnn-bert-music-context\data\raw\musiccaps\audio\2MpzHv5KNZU_30_40.mp3,ok,10.0
2OI4QeokeRQ,60,70,True,B:\CSE425_Project\gnn-bert-music-context\data\raw\musiccaps\audio\2OI4QeokeRQ_60_70.mp3,ok,10.0
2Q20hVyYjBM,30,40,False,B:\CSE425_Project\gnn-bert-music-context\data\raw\musiccaps\audio\2Q20hVyYjBM_30_40.mp3,ok,10.0
2RMOegT2Jn8,30,40,False,B:\CSE425_Project\gnn-bert-music-context\data\raw\musiccaps\audio\2RMOegT2Jn8_30_40.mp3,ok,10.0
2RU4CSDzS-g,30,40,True,B:\CSE425_Project\gnn-bert-music-context\data\raw\musiccaps\audio\2RU4CSDzS-g_30_40.mp3,ok,10.0
2SI_uNBcSyw,0,10,True,B:\CSE425_Project\gnn-bert-music-context\data\raw\musiccaps\audio\2SI_uNBcSyw_0_10.mp3,ok,10.0
2SQxfaWAJJg,30,40,False,B:\CSE425_Project\gnn-bert-music-context\data\raw\musiccaps\audio\2SQxfaWAJJg_30_40.mp3,ok,10.0
2SenLjPbGzU,30,40,False,B:\CSE425_Project\gnn-bert-music-context\data\raw\musiccaps\audio\2SenLjPbGzU_30_40.mp3,ok,10.0
2ShO1jZYZeA,30,40,False,B:\CSE425_Project\gnn-bert-music-context\data\raw\musiccaps\audio\2ShO1jZYZeA_30_40.mp3,ok,10.0
2T1P9ovsl4A,30,40,True,B:\CSE425_Project\gnn-bert-music-context\data\raw\musiccaps\audio\2T1P9ovsl4A_30_40.mp3,ok,10.0
2U8Dvh7nwFI,30,40,True,B:\CSE425_Project\gnn-bert-music-context\data\raw\musiccaps\audio\2U8Dvh7nwFI_30_40.mp3,ok,10.0
2UY_-oF1vqo,30,40,False,B:\CSE425_Project\gnn-bert-music-context\data\raw\musiccaps\audio\2UY_-oF1vqo_30_40.mp3,ok,10.0
2Ui85-AOLyo,30,40,False,B:\CSE425_Project\gnn-bert-music-context\data\raw\musiccaps\audio\2Ui85-AOLyo_30_40.mp3,ok,10.0
2UnlMwW8nyI,30,40,False,B:\CSE425_Project\gnn-bert-music-context\data\raw\musiccaps\audio\2UnlMwW8nyI_30_40.mp3,ok,10.0
2VFVe0RCn7g,10,20,True,B:\CSE425_Project\gnn-bert-music-context\data\raw\musiccaps\audio\2VFVe0RCn7g_10_20.mp3,ok,10.0
2WxUIkF2zEw,10,20,True,B:\CSE425_Project\gnn-bert-music-context\data\raw\musiccaps\audio\2WxUIkF2zEw_10_20.mp3,ok,10.0
2YAyM0aHFRU,150,160,True,B:\CSE425_Project\gnn-bert-music-context\data\raw\musiccaps\audio\2YAyM0aHFRU_150_160.mp3,ok,10.0
2YQPwRLB1s0,30,40,True,B:\CSE425_Project\gnn-bert-music-context\data\raw\musiccaps\audio\2YQPwRLB1s0_30_40.mp3,ok,10.0
2ZB7DUGOdZw,30,40,True,B:\CSE425_Project\gnn-bert-music-context\data\raw\musiccaps\audio\2ZB7DUGOdZw_30_40.mp3,ok,10.0
2ZYzviKuq9w,30,40,False,B:\CSE425_Project\gnn-bert-music-context\data\raw\musiccaps\audio\2ZYzviKuq9w_30_40.mp3,ok,10.0
2ZfthfWQowE,30,40,True,B:\CSE425_Project\gnn-bert-music-context\data\raw\musiccaps\audio\2ZfthfWQowE_30_40.mp3,ok,10.0
2ZgEbNi--8Q,30,40,True,B:\CSE425_Project\gnn-bert-music-context\data\raw\musiccaps\audio\2ZgEbNi--8Q_30_40.mp3,ok,10.0
2ZogsGp-T4o,30,40,True,B:\CSE425_Project\gnn-bert-music-context\data\raw\musiccaps\audio\2ZogsGp-T4o_30_40.mp3,ok,10.0
2ZrqWkdwVzo,30,40,False,B:\CSE425_Project\gnn-bert-music-context\data\raw\musiccaps\audio\2ZrqWkdwVzo_30_40.mp3,ok,10.0
2_Vk3tmqz-0,30,40,True,B:\CSE425_Project\gnn-bert-music-context\data\raw\musiccaps\audio\2_Vk3tmqz-0_30_40.mp3,ok,10.0
2_kLD3IbF2c,10,20,True,B:\CSE425_Project\gnn-bert-music-context\data\raw\musiccaps\audio\2_kLD3IbF2c_10_20.mp3,ok,10.0
2_mFg42LlUI,70,80,False,B:\CSE425_Project\gnn-bert-music-context\data\raw\musiccaps\audio\2_mFg42LlUI_70_80.mp3,ok,10.0
2aPVOidHLXI,190,200,True,B:\CSE425_Project\gnn-bert-music-context\data\raw\musiccaps\audio\2aPVOidHLXI_190_200.mp3,ok,10.0
2bCuw7U_Rac,390,400,True,B:\CSE425_Project\gnn-bert-music-context\data\raw\musiccaps\audio\2bCuw7U_Rac_390_400.mp3,ok,10.0
2bcnAoZbptI,0,10,False,B:\CSE425_Project\gnn-bert-music-context\data\raw\musiccaps\audio\2bcnAoZbptI_0_10.mp3,ok,10.0
2ctgUIqyaBk,20,30,False,B:\CSE425_Project\gnn-bert-music-context\data\raw\musiccaps\audio\2ctgUIqyaBk_20_30.mp3,ok,10.0
2cxs73i3l1M,120,130,False,B:\CSE425_Project\gnn-bert-music-context\data\raw\musiccaps\audio\2cxs73i3l1M_120_130.mp3,ok,10.0
2cxvYC9QZac,30,40,True,B:\CSE425_Project\gnn-bert-music-context\data\raw\musiccaps\audio\2cxvYC9QZac_30_40.mp3,ok,10.0
2dyEnOo3yJ8,330,340,True,B:\CSE425_Project\gnn-bert-music-context\data\raw\musiccaps\audio\2dyEnOo3yJ8_330_340.mp3,ok,10.0
2dyxjGTXSpA,30,40,True,B:\CSE425_Project\gnn-bert-music-context\data\raw\musiccaps\audio\2dyxjGTXSpA_30_40.mp3,ok,10.0
2f1UXGix_Cw,30,40,True,B:\CSE425_Project\gnn-bert-music-context\data\raw\musiccaps\audio\2f1UXGix_Cw_30_40.mp3,ok,10.0
2f7NnTVQzR0,150,160,True,B:\CSE425_Project\gnn-bert-music-context\data\raw\musiccaps\audio\2f7NnTVQzR0_150_160.mp3,ok,10.0
2gc1L3g1itU,20,30,False,B:\CSE425_Project\gnn-bert-music-context\data\raw\musiccaps\audio\2gc1L3g1itU_20_30.mp3,ok,10.0
2gvyOxKuQPY,110,120,False,B:\CSE425_Project\gnn-bert-music-context\data\raw\musiccaps\audio\2gvyOxKuQPY_110_120.mp3,ok,10.0
2hgvuYGc95o,80,90,False,,missing,
2i4UNf8tjvU,30,40,True,B:\CSE425_Project\gnn-bert-music-context\data\raw\musiccaps\audio\2i4UNf8tjvU_30_40.mp3,ok,10.0
2iFgXSXdqLo,30,40,False,B:\CSE425_Project\gnn-bert-music-context\data\raw\musiccaps\audio\2iFgXSXdqLo_30_40.mp3,ok,10.0
2juYRZnhF3g,30,40,True,B:\CSE425_Project\gnn-bert-music-context\data\raw\musiccaps\audio\2juYRZnhF3g_30_40.mp3,ok,10.0
2kORDnISun4,30,40,False,B:\CSE425_Project\gnn-bert-music-context\data\raw\musiccaps\audio\2kORDnISun4_30_40.mp3,ok,10.0
2kY_ZG78V-g,270,280,False,B:\CSE425_Project\gnn-bert-music-context\data\raw\musiccaps\audio\2kY_ZG78V-g_270_280.mp3,ok,10.0
2kcSUBkFbaQ,30,40,True,B:\CSE425_Project\gnn-bert-music-context\data\raw\musiccaps\audio\2kcSUBkFbaQ_30_40.mp3,ok,10.0
2lBZ6yPW9WU,360,370,False,B:\CSE425_Project\gnn-bert-music-context\data\raw\musiccaps\audio\2lBZ6yPW9WU_360_370.mp3,ok,10.0
2nsZhXxes68,60,70,True,B:\CSE425_Project\gnn-bert-music-context\data\raw\musiccaps\audio\2nsZhXxes68_60_70.mp3,ok,10.0
2o1p83UjJFA,30,40,True,B:\CSE425_Project\gnn-bert-music-context\data\raw\musiccaps\audio\2o1p83UjJFA_30_40.mp3,ok,10.0
2pTnwe3DzCs,150,160,False,B:\CSE425_Project\gnn-bert-music-context\data\raw\musiccaps\audio\2pTnwe3DzCs_150_160.mp3,ok,10.0
2qO-OQtOBK0,30,40,True,B:\CSE425_Project\gnn-bert-music-context\data\raw\musiccaps\audio\2qO-OQtOBK0_30_40.mp3,ok,10.0
2sIfE3KOi5s,30,40,True,B:\CSE425_Project\gnn-bert-music-context\data\raw\musiccaps\audio\2sIfE3KOi5s_30_40.mp3,ok,10.0
2uagA3ujRtM,0,10,True,B:\CSE425_Project\gnn-bert-music-context\data\raw\musiccaps\audio\2uagA3ujRtM_0_10.mp3,ok,10.0
2umjh27MkjU,320,330,False,B:\CSE425_Project\gnn-bert-music-context\data\raw\musiccaps\audio\2umjh27MkjU_320_330.mp3,ok,10.0
2unse6chkMU,30,40,False,B:\CSE425_Project\gnn-bert-music-context\data\raw\musiccaps\audio\2unse6chkMU_30_40.mp3,ok,10.0
2uvHgwAljPA,30,40,True,B:\CSE425_Project\gnn-bert-music-context\data\raw\musiccaps\audio\2uvHgwAljPA_30_40.mp3,ok,10.0
2vQTq4QLP8U,100,110,True,B:\CSE425_Project\gnn-bert-music-context\data\raw\musiccaps\audio\2vQTq4QLP8U_100_110.mp3,ok,10.0
2wGkbHl3IUE,110,120,False,B:\CSE425_Project\gnn-bert-music-context\data\raw\musiccaps\audio\2wGkbHl3IUE_110_120.mp3,ok,10.0
2wZCoeq9Ppc,80,90,False,B:\CSE425_Project\gnn-bert-music-context\data\raw\musiccaps\audio\2wZCoeq9Ppc_80_90.mp3,ok,10.0
2x4694ExyCU,310,320,True,B:\CSE425_Project\gnn-bert-music-context\data\raw\musiccaps\audio\2x4694ExyCU_310_320.mp3,ok,10.0
2x9735gU01s,30,40,False,B:\CSE425_Project\gnn-bert-music-context\data\raw\musiccaps\audio\2x9735gU01s_30_40.mp3,ok,10.0
2xATintzaj4,60,70,False,B:\CSE425_Project\gnn-bert-music-context\data\raw\musiccaps\audio\2xATintzaj4_60_70.mp3,ok,10.0
2xGRCsW6-Bk,100,110,True,B:\CSE425_Project\gnn-bert-music-context\data\raw\musiccaps\audio\2xGRCsW6-Bk_100_110.mp3,ok,10.0
2xQuWif8axE,30,40,True,B:\CSE425_Project\gnn-bert-music-context\data\raw\musiccaps\audio\2xQuWif8axE_30_40.mp3,ok,10.0
2xtOqrNKH5s,23,33,True,B:\CSE425_Project\gnn-bert-music-context\data\raw\musiccaps\audio\2xtOqrNKH5s_23_33.mp3,ok,10.0
2y1QnNBaxAU,30,40,False,B:\CSE425_Project\gnn-bert-music-context\data\raw\musiccaps\audio\2y1QnNBaxAU_30_40.mp3,ok,10.0
2z1elo4ucis,120,130,False,B:\CSE425_Project\gnn-bert-music-context\data\raw\musiccaps\audio\2z1elo4ucis_120_130.mp3,ok,10.0
2zjtZYqg3Ow,30,40,True,B:\CSE425_Project\gnn-bert-music-context\data\raw\musiccaps\audio\2zjtZYqg3Ow_30_40.mp3,ok,10.0
2zo5z1I0CeM,150,160,False,B:\CSE425_Project\gnn-bert-music-context\data\raw\musiccaps\audio\2zo5z1I0CeM_150_160.mp3,ok,10.0
2zpITTJiw7Q,30,40,False,B:\CSE425_Project\gnn-bert-music-context\data\raw\musiccaps\audio\2zpITTJiw7Q_30_40.mp3,ok,10.0
2zrPFxxT1VM,30,40,False,B:\CSE425_Project\gnn-bert-music-context\data\raw\musiccaps\audio\2zrPFxxT1VM_30_40.mp3,ok,10.0
3-_QS346VWo,30,40,False,B:\CSE425_Project\gnn-bert-music-context\data\raw\musiccaps\audio\3-_QS346VWo_30_40.mp3,ok,10.0
30tNWUyJCog,140,150,False,B:\CSE425_Project\gnn-bert-music-context\data\raw\musiccaps\audio\30tNWUyJCog_140_150.mp3,ok,10.0
31DNFoW3NAw,30,40,False,B:\CSE425_Project\gnn-bert-music-context\data\raw\musiccaps\audio\31DNFoW3NAw_30_40.mp3,ok,10.0
31O2j4aAgYU,30,40,True,B:\CSE425_Project\gnn-bert-music-context\data\raw\musiccaps\audio\31O2j4aAgYU_30_40.mp3,ok,10.0
31iD2VPLMxQ,30,40,False,B:\CSE425_Project\gnn-bert-music-context\data\raw\musiccaps\audio\31iD2VPLMxQ_30_40.mp3,ok,10.0
32C6w8V7TX8,30,40,True,,missing,
32iayLTRmxg,30,40,False,B:\CSE425_Project\gnn-bert-music-context\data\raw\musiccaps\audio\32iayLTRmxg_30_40.mp3,ok,10.0
338iZ76huSQ,80,90,False,B:\CSE425_Project\gnn-bert-music-context\data\raw\musiccaps\audio\338iZ76huSQ_80_90.mp3,ok,10.0
33LJ36nAozM,30,40,False,B:\CSE425_Project\gnn-bert-music-context\data\raw\musiccaps\audio\33LJ36nAozM_30_40.mp3,ok,10.0
33dCbb1MyYU,30,40,True,B:\CSE425_Project\gnn-bert-music-context\data\raw\musiccaps\audio\33dCbb1MyYU_30_40.mp3,ok,10.0
35b9UHjagaI,30,40,True,B:\CSE425_Project\gnn-bert-music-context\data\raw\musiccaps\audio\35b9UHjagaI_30_40.mp3,ok,10.0
36ToDxW_hns,90,100,True,B:\CSE425_Project\gnn-bert-music-context\data\raw\musiccaps\audio\36ToDxW_hns_90_100.mp3,ok,10.0
374R7te0ra0,30,40,False,B:\CSE425_Project\gnn-bert-music-context\data\raw\musiccaps\audio\374R7te0ra0_30_40.mp3,ok,10.0
38R9Vnwt890,30,40,True,B:\CSE425_Project\gnn-bert-music-context\data\raw\musiccaps\audio\38R9Vnwt890_30_40.mp3,ok,10.0
390At7lW4iw,0,10,True,B:\CSE425_Project\gnn-bert-music-context\data\raw\musiccaps\audio\390At7lW4iw_0_10.mp3,ok,10.0
39MksqVeLdY,390,400,False,B:\CSE425_Project\gnn-bert-music-context\data\raw\musiccaps\audio\39MksqVeLdY_390_400.mp3,ok,10.0
3B-YYTbpFZE,30,40,False,B:\CSE425_Project\gnn-bert-music-context\data\raw\musiccaps\audio\3B-YYTbpFZE_30_40.mp3,ok,10.0
3C-5_z01Olc,30,40,False,B:\CSE425_Project\gnn-bert-music-context\data\raw\musiccaps\audio\3C-5_z01Olc_30_40.mp3,ok,10.0
3ClbaJYWVO4,30,40,True,B:\CSE425_Project\gnn-bert-music-context\data\raw\musiccaps\audio\3ClbaJYWVO4_30_40.mp3,ok,10.0
3EXXs3x4Ius,30,40,False,B:\CSE425_Project\gnn-bert-music-context\data\raw\musiccaps\audio\3EXXs3x4Ius_30_40.mp3,ok,10.0
3EtbIWF_ynU,30,40,True,B:\CSE425_Project\gnn-bert-music-context\data\raw\musiccaps\audio\3EtbIWF_ynU_30_40.mp3,ok,10.0
3FJFcgaa0oE,10,20,False,B:\CSE425_Project\gnn-bert-music-context\data\raw\musiccaps\audio\3FJFcgaa0oE_10_20.mp3,ok,10.0
3Gyi7AvDLzc,30,40,True,B:\CSE425_Project\gnn-bert-music-context\data\raw\musiccaps\audio\3Gyi7AvDLzc_30_40.mp3,ok,10.0
3HtfWSbmuAc,30,40,False,B:\CSE425_Project\gnn-bert-music-context\data\raw\musiccaps\audio\3HtfWSbmuAc_30_40.mp3,ok,10.0
3IYd8cCmUkQ,60,70,False,B:\CSE425_Project\gnn-bert-music-context\data\raw\musiccaps\audio\3IYd8cCmUkQ_60_70.mp3,ok,10.0
3JYQgXudiH8,240,250,True,B:\CSE425_Project\gnn-bert-music-context\data\raw\musiccaps\audio\3JYQgXudiH8_240_250.mp3,ok,10.0
3KQy3Cajo4E,150,160,False,B:\CSE425_Project\gnn-bert-music-context\data\raw\musiccaps\audio\3KQy3Cajo4E_150_160.mp3,ok,10.0
3KdyWJ6wTOw,30,40,False,B:\CSE425_Project\gnn-bert-music-context\data\raw\musiccaps\audio\3KdyWJ6wTOw_30_40.mp3,ok,10.0
3NAqH9LYDyU,30,40,False,B:\CSE425_Project\gnn-bert-music-context\data\raw\musiccaps\audio\3NAqH9LYDyU_30_40.mp3,ok,10.0
3Nwsd439zmU,260,270,False,B:\CSE425_Project\gnn-bert-music-context\data\raw\musiccaps\audio\3Nwsd439zmU_260_270.mp3,ok,10.0
3OLeJZF4oI0,290,300,False,B:\CSE425_Project\gnn-bert-music-context\data\raw\musiccaps\audio\3OLeJZF4oI0_290_300.mp3,ok,10.0
3OUNEL8XaR0,30,40,True,B:\CSE425_Project\gnn-bert-music-context\data\raw\musiccaps\audio\3OUNEL8XaR0_30_40.mp3,ok,10.0
3OWArQGgmm0,40,50,True,B:\CSE425_Project\gnn-bert-music-context\data\raw\musiccaps\audio\3OWArQGgmm0_40_50.mp3,ok,10.0
3PoC1-xd4Yw,30,40,False,B:\CSE425_Project\gnn-bert-music-context\data\raw\musiccaps\audio\3PoC1-xd4Yw_30_40.mp3,ok,10.0
3PuzzYmTDA4,70,80,False,B:\CSE425_Project\gnn-bert-music-context\data\raw\musiccaps\audio\3PuzzYmTDA4_70_80.mp3,ok,10.0
3PwR0D7CuwM,30,40,False,B:\CSE425_Project\gnn-bert-music-context\data\raw\musiccaps\audio\3PwR0D7CuwM_30_40.mp3,ok,10.0
3QNFY4MKTy4,70,80,False,B:\CSE425_Project\gnn-bert-music-context\data\raw\musiccaps\audio\3QNFY4MKTy4_70_80.mp3,ok,10.0
3QqVP0odOw4,260,270,False,B:\CSE425_Project\gnn-bert-music-context\data\raw\musiccaps\audio\3QqVP0odOw4_260_270.mp3,ok,10.0
3R8xDvhJk54,30,40,True,B:\CSE425_Project\gnn-bert-music-context\data\raw\musiccaps\audio\3R8xDvhJk54_30_40.mp3,ok,10.0
3TO4C7SiC7I,30,40,True,,missing,
3TP1itJqv-E,30,40,False,B:\CSE425_Project\gnn-bert-music-context\data\raw\musiccaps\audio\3TP1itJqv-E_30_40.mp3,ok,10.0
3TQmts_MxyQ,30,40,True,B:\CSE425_Project\gnn-bert-music-context\data\raw\musiccaps\audio\3TQmts_MxyQ_30_40.mp3,ok,10.0
3UHHjbO0ThM,30,40,False,B:\CSE425_Project\gnn-bert-music-context\data\raw\musiccaps\audio\3UHHjbO0ThM_30_40.mp3,ok,10.0
3VEMHWnewuc,10,20,False,,missing,
3VTinB14Pmw,30,40,True,B:\CSE425_Project\gnn-bert-music-context\data\raw\musiccaps\audio\3VTinB14Pmw_30_40.mp3,ok,10.0
3Wdxjm-h36w,270,280,True,B:\CSE425_Project\gnn-bert-music-context\data\raw\musiccaps\audio\3Wdxjm-h36w_270_280.mp3,ok,10.0
3XL825fK6UM,130,140,False,B:\CSE425_Project\gnn-bert-music-context\data\raw\musiccaps\audio\3XL825fK6UM_130_140.mp3,ok,10.0
3XRjrSOVBnQ,240,250,False,B:\CSE425_Project\gnn-bert-music-context\data\raw\musiccaps\audio\3XRjrSOVBnQ_240_250.mp3,ok,10.0
3XeMR8lX0dg,30,40,True,B:\CSE425_Project\gnn-bert-music-context\data\raw\musiccaps\audio\3XeMR8lX0dg_30_40.mp3,ok,10.0
3Xoz87_SUdw,430,440,False,B:\CSE425_Project\gnn-bert-music-context\data\raw\musiccaps\audio\3Xoz87_SUdw_430_440.mp3,ok,10.0
3Yc7_n6mDsI,40,50,False,B:\CSE425_Project\gnn-bert-music-context\data\raw\musiccaps\audio\3Yc7_n6mDsI_40_50.mp3,ok,10.0
3YuO2UOYKRk,30,40,True,B:\CSE425_Project\gnn-bert-music-context\data\raw\musiccaps\audio\3YuO2UOYKRk_30_40.mp3,ok,10.0
3Z74i_FWs3o,110,120,True,B:\CSE425_Project\gnn-bert-music-context\data\raw\musiccaps\audio\3Z74i_FWs3o_110_120.mp3,ok,10.0
3ZhyXbwFQAM,200,210,False,B:\CSE425_Project\gnn-bert-music-context\data\raw\musiccaps\audio\3ZhyXbwFQAM_200_210.mp3,ok,10.0
3ZyuBJEbmJM,30,40,False,B:\CSE425_Project\gnn-bert-music-context\data\raw\musiccaps\audio\3ZyuBJEbmJM_30_40.mp3,ok,10.0
3_M9ZMo5TiU,130,140,True,B:\CSE425_Project\gnn-bert-music-context\data\raw\musiccaps\audio\3_M9ZMo5TiU_130_140.mp3,ok,10.0
3b3s0TvjGwA,0,10,True,B:\CSE425_Project\gnn-bert-music-context\data\raw\musiccaps\audio\3b3s0TvjGwA_0_10.mp3,ok,10.0
3bg0iy-ypcw,30,40,True,B:\CSE425_Project\gnn-bert-music-context\data\raw\musiccaps\audio\3bg0iy-ypcw_30_40.mp3,ok,10.0
3cEQfNZ_F1w,30,40,False,B:\CSE425_Project\gnn-bert-music-context\data\raw\musiccaps\audio\3cEQfNZ_F1w_30_40.mp3,ok,10.0
3dUo62RsD00,30,40,True,B:\CSE425_Project\gnn-bert-music-context\data\raw\musiccaps\audio\3dUo62RsD00_30_40.mp3,ok,10.0
3dzR3ZWOe8Y,410,420,False,B:\CSE425_Project\gnn-bert-music-context\data\raw\musiccaps\audio\3dzR3ZWOe8Y_410_420.mp3,ok,10.0
3e6GleQ9sl0,30,40,False,B:\CSE425_Project\gnn-bert-music-context\data\raw\musiccaps\audio\3e6GleQ9sl0_30_40.mp3,ok,10.0
3fqWosszpnE,50,60,True,B:\CSE425_Project\gnn-bert-music-context\data\raw\musiccaps\audio\3fqWosszpnE_50_60.mp3,ok,10.0
3gh1oldZ7Zc,30,40,False,B:\CSE425_Project\gnn-bert-music-context\data\raw\musiccaps\audio\3gh1oldZ7Zc_30_40.mp3,ok,10.0
3jLef5eHgzU,30,40,False,B:\CSE425_Project\gnn-bert-music-context\data\raw\musiccaps\audio\3jLef5eHgzU_30_40.mp3,ok,10.0
3kSQNjfJnN8,210,220,True,B:\CSE425_Project\gnn-bert-music-context\data\raw\musiccaps\audio\3kSQNjfJnN8_210_220.mp3,ok,10.0
3kXukXBvDQQ,220,230,True,B:\CSE425_Project\gnn-bert-music-context\data\raw\musiccaps\audio\3kXukXBvDQQ_220_230.mp3,ok,10.0
3m-a805cVl0,80,90,False,B:\CSE425_Project\gnn-bert-music-context\data\raw\musiccaps\audio\3m-a805cVl0_80_90.mp3,ok,10.0
3m4QSVVBMss,60,70,True,B:\CSE425_Project\gnn-bert-music-context\data\raw\musiccaps\audio\3m4QSVVBMss_60_70.mp3,ok,10.0
3mNOJpN_qOQ,190,200,True,B:\CSE425_Project\gnn-bert-music-context\data\raw\musiccaps\audio\3mNOJpN_qOQ_190_200.mp3,ok,10.0
3mStyfCbL68,30,40,True,B:\CSE425_Project\gnn-bert-music-context\data\raw\musiccaps\audio\3mStyfCbL68_30_40.mp3,ok,10.0
3nbB3F-OdSM,30,40,True,B:\CSE425_Project\gnn-bert-music-context\data\raw\musiccaps\audio\3nbB3F-OdSM_30_40.mp3,ok,10.0
3nfiGGQykxk,0,10,False,B:\CSE425_Project\gnn-bert-music-context\data\raw\musiccaps\audio\3nfiGGQykxk_0_10.mp3,ok,10.0
3noh9LiQNrs,190,200,False,B:\CSE425_Project\gnn-bert-music-context\data\raw\musiccaps\audio\3noh9LiQNrs_190_200.mp3,ok,10.0
3obJKn19jTE,30,40,True,,missing,
3otUlQ4wvLY,30,40,True,B:\CSE425_Project\gnn-bert-music-context\data\raw\musiccaps\audio\3otUlQ4wvLY_30_40.mp3,ok,10.0
3pU34vUoO9g,70,80,False,B:\CSE425_Project\gnn-bert-music-context\data\raw\musiccaps\audio\3pU34vUoO9g_70_80.mp3,ok,10.0
3q9K2PgA2-U,60,70,False,B:\CSE425_Project\gnn-bert-music-context\data\raw\musiccaps\audio\3q9K2PgA2-U_60_70.mp3,ok,10.0
3rbWoeUg9yo,30,40,False,B:\CSE425_Project\gnn-bert-music-context\data\raw\musiccaps\audio\3rbWoeUg9yo_30_40.mp3,ok,10.0
3rvqiSZB4pA,110,120,False,B:\CSE425_Project\gnn-bert-music-context\data\raw\musiccaps\audio\3rvqiSZB4pA_110_120.mp3,ok,10.0
3sIlpn9nvKU,30,40,True,B:\CSE425_Project\gnn-bert-music-context\data\raw\musiccaps\audio\3sIlpn9nvKU_30_40.mp3,ok,10.0
3sRO6iwfUxo,30,40,True,B:\CSE425_Project\gnn-bert-music-context\data\raw\musiccaps\audio\3sRO6iwfUxo_30_40.mp3,ok,10.0
3tK7PpCo0PQ,80,90,True,B:\CSE425_Project\gnn-bert-music-context\data\raw\musiccaps\audio\3tK7PpCo0PQ_80_90.mp3,ok,10.0
3tSPMzvuQpk,30,40,True,B:\CSE425_Project\gnn-bert-music-context\data\raw\musiccaps\audio\3tSPMzvuQpk_30_40.mp3,ok,10.0
3tbFP_JKzXw,30,40,True,B:\CSE425_Project\gnn-bert-music-context\data\raw\musiccaps\audio\3tbFP_JKzXw_30_40.mp3,ok,10.0
3tlaELkmRqs,180,190,True,B:\CSE425_Project\gnn-bert-music-context\data\raw\musiccaps\audio\3tlaELkmRqs_180_190.mp3,ok,10.0
3tyb0cXoX2g,110,120,True,B:\CSE425_Project\gnn-bert-music-context\data\raw\musiccaps\audio\3tyb0cXoX2g_110_120.mp3,ok,10.0
3u9OO9Og0Gc,50,60,False,B:\CSE425_Project\gnn-bert-music-context\data\raw\musiccaps\audio\3u9OO9Og0Gc_50_60.mp3,ok,10.0
3ujGrObyefA,30,40,False,B:\CSE425_Project\gnn-bert-music-context\data\raw\musiccaps\audio\3ujGrObyefA_30_40.mp3,ok,10.0
3uz_ZrGsIaA,30,40,True,B:\CSE425_Project\gnn-bert-music-context\data\raw\musiccaps\audio\3uz_ZrGsIaA_30_40.mp3,ok,10.0
3vEsFxolnFs,100,110,False,B:\CSE425_Project\gnn-bert-music-context\data\raw\musiccaps\audio\3vEsFxolnFs_100_110.mp3,ok,10.0
3w3fD54bNvU,30,40,False,B:\CSE425_Project\gnn-bert-music-context\data\raw\musiccaps\audio\3w3fD54bNvU_30_40.mp3,ok,10.0
3w4nFQrUQ8k,20,30,True,B:\CSE425_Project\gnn-bert-music-context\data\raw\musiccaps\audio\3w4nFQrUQ8k_20_30.mp3,ok,10.0
3w_LsKl-3Pk,30,40,False,B:\CSE425_Project\gnn-bert-music-context\data\raw\musiccaps\audio\3w_LsKl-3Pk_30_40.mp3,ok,10.0
3zIQTDfS4Hk,30,40,True,B:\CSE425_Project\gnn-bert-music-context\data\raw\musiccaps\audio\3zIQTDfS4Hk_30_40.mp3,ok,10.0
3zPvfVmL0nE,550,560,False,B:\CSE425_Project\gnn-bert-music-context\data\raw\musiccaps\audio\3zPvfVmL0nE_550_560.mp3,ok,10.0
3zT0aiN2E70,30,40,False,B:\CSE425_Project\gnn-bert-music-context\data\raw\musiccaps\audio\3zT0aiN2E70_30_40.mp3,ok,10.0
3zntWbS9XeI,70,80,True,B:\CSE425_Project\gnn-bert-music-context\data\raw\musiccaps\audio\3zntWbS9XeI_70_80.mp3,ok,10.0
4--05CAaDsg,460,470,True,B:\CSE425_Project\gnn-bert-music-context\data\raw\musiccaps\audio\4--05CAaDsg_460_470.mp3,ok,10.0
40D4L5Ndi6k,80,90,True,B:\CSE425_Project\gnn-bert-music-context\data\raw\musiccaps\audio\40D4L5Ndi6k_80_90.mp3,ok,10.0
40i3_JH6FYw,90,100,False,B:\CSE425_Project\gnn-bert-music-context\data\raw\musiccaps\audio\40i3_JH6FYw_90_100.mp3,ok,10.0
40kbMyL2Wgo,30,40,False,B:\CSE425_Project\gnn-bert-music-context\data\raw\musiccaps\audio\40kbMyL2Wgo_30_40.mp3,ok,10.0
40sAH2ZB0Pg,30,40,True,B:\CSE425_Project\gnn-bert-music-context\data\raw\musiccaps\audio\40sAH2ZB0Pg_30_40.mp3,ok,10.0
40vmsGsFBsw,0,10,True,B:\CSE425_Project\gnn-bert-music-context\data\raw\musiccaps\audio\40vmsGsFBsw_0_10.mp3,ok,10.0
40xkia7fwEM,30,40,True,B:\CSE425_Project\gnn-bert-music-context\data\raw\musiccaps\audio\40xkia7fwEM_30_40.mp3,ok,10.0
42QgE4mM55I,30,40,True,B:\CSE425_Project\gnn-bert-music-context\data\raw\musiccaps\audio\42QgE4mM55I_30_40.mp3,ok,10.0
42xehaGoJbc,30,40,False,,missing,
44sbWBFswUY,30,40,True,B:\CSE425_Project\gnn-bert-music-context\data\raw\musiccaps\audio\44sbWBFswUY_30_40.mp3,ok,10.0
45iNSkfzOwM,190,200,True,B:\CSE425_Project\gnn-bert-music-context\data\raw\musiccaps\audio\45iNSkfzOwM_190_200.mp3,ok,10.0
46WpyRUqwXU,30,40,False,B:\CSE425_Project\gnn-bert-music-context\data\raw\musiccaps\audio\46WpyRUqwXU_30_40.mp3,ok,10.0
476vNb6thyM,30,40,True,B:\CSE425_Project\gnn-bert-music-context\data\raw\musiccaps\audio\476vNb6thyM_30_40.mp3,ok,10.0
49nqh7uI9fw,30,40,True,B:\CSE425_Project\gnn-bert-music-context\data\raw\musiccaps\audio\49nqh7uI9fw_30_40.mp3,ok,10.0
4AejyFDHP_k,30,40,True,B:\CSE425_Project\gnn-bert-music-context\data\raw\musiccaps\audio\4AejyFDHP_k_30_40.mp3,ok,10.0
4AfykLGm0j8,30,40,True,B:\CSE425_Project\gnn-bert-music-context\data\raw\musiccaps\audio\4AfykLGm0j8_30_40.mp3,ok,10.0
4BIIFU_b6BY,0,10,True,B:\CSE425_Project\gnn-bert-music-context\data\raw\musiccaps\audio\4BIIFU_b6BY_0_10.mp3,ok,10.0
4Bc9OoagYmo,80,90,True,B:\CSE425_Project\gnn-bert-music-context\data\raw\musiccaps\audio\4Bc9OoagYmo_80_90.mp3,ok,10.0
4CkJjhuYRmY,10,20,False,B:\CSE425_Project\gnn-bert-music-context\data\raw\musiccaps\audio\4CkJjhuYRmY_10_20.mp3,ok,10.0
4CkZqT26Vb0,30,40,True,B:\CSE425_Project\gnn-bert-music-context\data\raw\musiccaps\audio\4CkZqT26Vb0_30_40.mp3,ok,10.0
4CrPPlHN9_s,90,100,True,B:\CSE425_Project\gnn-bert-music-context\data\raw\musiccaps\audio\4CrPPlHN9_s_90_100.mp3,ok,10.0
4EwWBI-tHLk,30,40,False,B:\CSE425_Project\gnn-bert-music-context\data\raw\musiccaps\audio\4EwWBI-tHLk_30_40.mp3,ok,10.0
4GlH0-KhInI,30,40,False,B:\CSE425_Project\gnn-bert-music-context\data\raw\musiccaps\audio\4GlH0-KhInI_30_40.mp3,ok,10.0
4Gow6qZcNZI,390,400,False,B:\CSE425_Project\gnn-bert-music-context\data\raw\musiccaps\audio\4Gow6qZcNZI_390_400.mp3,ok,10.0
4H1nc2Xv2Hg,30,40,False,B:\CSE425_Project\gnn-bert-music-context\data\raw\musiccaps\audio\4H1nc2Xv2Hg_30_40.mp3,ok,10.0
4HfU5OQUqq0,220,230,True,B:\CSE425_Project\gnn-bert-music-context\data\raw\musiccaps\audio\4HfU5OQUqq0_220_230.mp3,ok,10.0
4HhJneiP-hY,0,10,False,B:\CSE425_Project\gnn-bert-music-context\data\raw\musiccaps\audio\4HhJneiP-hY_0_10.mp3,ok,10.0
4JYJRqwqWGM,60,70,False,B:\CSE425_Project\gnn-bert-music-context\data\raw\musiccaps\audio\4JYJRqwqWGM_60_70.mp3,ok,10.0
4KqSdK5KM-I,80,90,True,B:\CSE425_Project\gnn-bert-music-context\data\raw\musiccaps\audio\4KqSdK5KM-I_80_90.mp3,ok,10.0
4L9KyVVsQOc,30,40,True,B:\CSE425_Project\gnn-bert-music-context\data\raw\musiccaps\audio\4L9KyVVsQOc_30_40.mp3,ok,10.0
4LZSSya3ZZQ,30,40,False,B:\CSE425_Project\gnn-bert-music-context\data\raw\musiccaps\audio\4LZSSya3ZZQ_30_40.mp3,ok,10.0
4Lk8pUeLCwQ,60,70,False,B:\CSE425_Project\gnn-bert-music-context\data\raw\musiccaps\audio\4Lk8pUeLCwQ_60_70.mp3,ok,10.0
4M0njWKFsME,30,40,False,B:\CSE425_Project\gnn-bert-music-context\data\raw\musiccaps\audio\4M0njWKFsME_30_40.mp3,ok,10.0
4M_k01zIbVM,30,40,False,B:\CSE425_Project\gnn-bert-music-context\data\raw\musiccaps\audio\4M_k01zIbVM_30_40.mp3,ok,10.0
4Mm5mBgktG0,30,40,True,B:\CSE425_Project\gnn-bert-music-context\data\raw\musiccaps\audio\4Mm5mBgktG0_30_40.mp3,ok,10.0
4Mo7tdV2LZk,30,40,True,B:\CSE425_Project\gnn-bert-music-context\data\raw\musiccaps\audio\4Mo7tdV2LZk_30_40.mp3,ok,10.0
4PGzlwvXMnE,30,40,True,B:\CSE425_Project\gnn-bert-music-context\data\raw\musiccaps\audio\4PGzlwvXMnE_30_40.mp3,ok,10.0
4PNPgaLKFlc,150,160,True,B:\CSE425_Project\gnn-bert-music-context\data\raw\musiccaps\audio\4PNPgaLKFlc_150_160.mp3,ok,10.0
4Psj5jYa7a4,20,30,True,B:\CSE425_Project\gnn-bert-music-context\data\raw\musiccaps\audio\4Psj5jYa7a4_20_30.mp3,ok,10.0
4Psyk_xyBl0,40,50,True,,missing,
4QES-SJ7mP0,210,220,False,B:\CSE425_Project\gnn-bert-music-context\data\raw\musiccaps\audio\4QES-SJ7mP0_210_220.mp3,ok,10.0
4QJktFv916o,170,180,False,B:\CSE425_Project\gnn-bert-music-context\data\raw\musiccaps\audio\4QJktFv916o_170_180.mp3,ok,10.0
4S4NDnNTptY,30,40,True,B:\CSE425_Project\gnn-bert-music-context\data\raw\musiccaps\audio\4S4NDnNTptY_30_40.mp3,ok,10.0
4T2KBwRxi_g,520,530,False,B:\CSE425_Project\gnn-bert-music-context\data\raw\musiccaps\audio\4T2KBwRxi_g_520_530.mp3,ok,10.0
4TDtUHo5cSE,30,40,True,B:\CSE425_Project\gnn-bert-music-context\data\raw\musiccaps\audio\4TDtUHo5cSE_30_40.mp3,ok,10.0
4TXy2i036LU,30,40,False,B:\CSE425_Project\gnn-bert-music-context\data\raw\musiccaps\audio\4TXy2i036LU_30_40.mp3,ok,10.0
4T_5clu_0OM,0,10,False,B:\CSE425_Project\gnn-bert-music-context\data\raw\musiccaps\audio\4T_5clu_0OM_0_10.mp3,ok,10.0
4Ua6i_VDYU4,30,40,False,B:\CSE425_Project\gnn-bert-music-context\data\raw\musiccaps\audio\4Ua6i_VDYU4_30_40.mp3,ok,10.0
4Udqs0trpMw,30,40,False,B:\CSE425_Project\gnn-bert-music-context\data\raw\musiccaps\audio\4Udqs0trpMw_30_40.mp3,ok,10.0
4VbXYuCz4M0,30,40,False,B:\CSE425_Project\gnn-bert-music-context\data\raw\musiccaps\audio\4VbXYuCz4M0_30_40.mp3,ok,10.0
4Vg0PQuHTk0,460,470,False,B:\CSE425_Project\gnn-bert-music-context\data\raw\musiccaps\audio\4Vg0PQuHTk0_460_470.mp3,ok,10.0
4W3Ql8JbEN8,30,40,True,B:\CSE425_Project\gnn-bert-music-context\data\raw\musiccaps\audio\4W3Ql8JbEN8_30_40.mp3,ok,10.0
4W8BYc8ZMaE,30,40,True,B:\CSE425_Project\gnn-bert-music-context\data\raw\musiccaps\audio\4W8BYc8ZMaE_30_40.mp3,ok,10.0
4W8IZxn3nEI,30,40,True,B:\CSE425_Project\gnn-bert-music-context\data\raw\musiccaps\audio\4W8IZxn3nEI_30_40.mp3,ok,10.0
4X2aUZFZlzc,30,40,True,B:\CSE425_Project\gnn-bert-music-context\data\raw\musiccaps\audio\4X2aUZFZlzc_30_40.mp3,ok,10.0
4Y5VcH7iK3Q,30,40,False,B:\CSE425_Project\gnn-bert-music-context\data\raw\musiccaps\audio\4Y5VcH7iK3Q_30_40.mp3,ok,10.0
4Yc71_dU3m4,30,40,False,B:\CSE425_Project\gnn-bert-music-context\data\raw\musiccaps\audio\4Yc71_dU3m4_30_40.mp3,ok,10.0
4ZwGxgOwBUc,140,150,False,B:\CSE425_Project\gnn-bert-music-context\data\raw\musiccaps\audio\4ZwGxgOwBUc_140_150.mp3,ok,10.0
4_s5vHgfxnw,30,40,False,B:\CSE425_Project\gnn-bert-music-context\data\raw\musiccaps\audio\4_s5vHgfxnw_30_40.mp3,ok,10.0
4a1a-lmDVaY,30,40,False,B:\CSE425_Project\gnn-bert-music-context\data\raw\musiccaps\audio\4a1a-lmDVaY_30_40.mp3,ok,10.0
4b8gTARnmVE,30,40,True,B:\CSE425_Project\gnn-bert-music-context\data\raw\musiccaps\audio\4b8gTARnmVE_30_40.mp3,ok,10.0
4bXb6GLm6zg,30,40,False,B:\CSE425_Project\gnn-bert-music-context\data\raw\musiccaps\audio\4bXb6GLm6zg_30_40.mp3,ok,10.0
4cg3MsrvJqw,210,220,False,B:\CSE425_Project\gnn-bert-music-context\data\raw\musiccaps\audio\4cg3MsrvJqw_210_220.mp3,ok,10.0
4dilYyxYLmM,30,40,False,B:\CSE425_Project\gnn-bert-music-context\data\raw\musiccaps\audio\4dilYyxYLmM_30_40.mp3,ok,10.0
4ezo771lGts,210,220,True,B:\CSE425_Project\gnn-bert-music-context\data\raw\musiccaps\audio\4ezo771lGts_210_220.mp3,ok,10.0
4gEmWJCPZGo,370,380,False,B:\CSE425_Project\gnn-bert-music-context\data\raw\musiccaps\audio\4gEmWJCPZGo_370_380.mp3,ok,10.0
4hulNRgH6cI,30,40,True,B:\CSE425_Project\gnn-bert-music-context\data\raw\musiccaps\audio\4hulNRgH6cI_30_40.mp3,ok,10.0
4i11P4OCRfk,30,40,True,B:\CSE425_Project\gnn-bert-music-context\data\raw\musiccaps\audio\4i11P4OCRfk_30_40.mp3,ok,10.0
4i1aizhCnfg,30,40,True,B:\CSE425_Project\gnn-bert-music-context\data\raw\musiccaps\audio\4i1aizhCnfg_30_40.mp3,ok,10.0
4i9DgH80kDg,30,40,True,B:\CSE425_Project\gnn-bert-music-context\data\raw\musiccaps\audio\4i9DgH80kDg_30_40.mp3,ok,10.0
4jzr88nEdCM,30,40,False,B:\CSE425_Project\gnn-bert-music-context\data\raw\musiccaps\audio\4jzr88nEdCM_30_40.mp3,ok,10.0
4kKVGPDCIK8,30,40,False,B:\CSE425_Project\gnn-bert-music-context\data\raw\musiccaps\audio\4kKVGPDCIK8_30_40.mp3,ok,10.0
4kZ0EZg5JRU,10,20,False,B:\CSE425_Project\gnn-bert-music-context\data\raw\musiccaps\audio\4kZ0EZg5JRU_10_20.mp3,ok,10.0
4kyWH8eWP8M,30,40,False,B:\CSE425_Project\gnn-bert-music-context\data\raw\musiccaps\audio\4kyWH8eWP8M_30_40.mp3,ok,10.0
4l441DdEJfU,50,60,False,B:\CSE425_Project\gnn-bert-music-context\data\raw\musiccaps\audio\4l441DdEJfU_50_60.mp3,ok,10.0
4lcZkOMhKv8,330,340,False,B:\CSE425_Project\gnn-bert-music-context\data\raw\musiccaps\audio\4lcZkOMhKv8_330_340.mp3,ok,10.0
4ls_8xIjBzM,150,160,False,B:\CSE425_Project\gnn-bert-music-context\data\raw\musiccaps\audio\4ls_8xIjBzM_150_160.mp3,ok,10.0
4mC6K77Y_Ho,50,60,False,B:\CSE425_Project\gnn-bert-music-context\data\raw\musiccaps\audio\4mC6K77Y_Ho_50_60.mp3,ok,10.0
4mtfOkzOvBI,10,20,True,B:\CSE425_Project\gnn-bert-music-context\data\raw\musiccaps\audio\4mtfOkzOvBI_10_20.mp3,ok,10.0
4o0bARRMYQ8,160,170,False,B:\CSE425_Project\gnn-bert-music-context\data\raw\musiccaps\audio\4o0bARRMYQ8_160_170.mp3,ok,10.0
4q-eGdrqiIw,30,40,False,B:\CSE425_Project\gnn-bert-music-context\data\raw\musiccaps\audio\4q-eGdrqiIw_30_40.mp3,ok,10.0
4q6e_ZDFOZI,30,40,True,B:\CSE425_Project\gnn-bert-music-context\data\raw\musiccaps\audio\4q6e_ZDFOZI_30_40.mp3,ok,10.0
4refolVb_uQ,30,40,True,B:\CSE425_Project\gnn-bert-music-context\data\raw\musiccaps\audio\4refolVb_uQ_30_40.mp3,ok,10.0
4sD0Bvt3FKk,280,290,True,B:\CSE425_Project\gnn-bert-music-context\data\raw\musiccaps\audio\4sD0Bvt3FKk_280_290.mp3,ok,10.0
4tF0Lt9VEp8,30,40,True,B:\CSE425_Project\gnn-bert-music-context\data\raw\musiccaps\audio\4tF0Lt9VEp8_30_40.mp3,ok,10.0
4tH9knHaTd0,20,30,False,B:\CSE425_Project\gnn-bert-music-context\data\raw\musiccaps\audio\4tH9knHaTd0_20_30.mp3,ok,10.0
4ueN2gGsH5Y,0,10,False,B:\CSE425_Project\gnn-bert-music-context\data\raw\musiccaps\audio\4ueN2gGsH5Y_0_10.mp3,ok,10.0
4ufDENm_ECk,30,40,True,B:\CSE425_Project\gnn-bert-music-context\data\raw\musiccaps\audio\4ufDENm_ECk_30_40.mp3,ok,10.0
4vGLTrW04UE,250,260,False,B:\CSE425_Project\gnn-bert-music-context\data\raw\musiccaps\audio\4vGLTrW04UE_250_260.mp3,ok,10.0
4vWChPYkuwA,70,80,False,B:\CSE425_Project\gnn-bert-music-context\data\raw\musiccaps\audio\4vWChPYkuwA_70_80.mp3,ok,10.0
4vsI0Kwn8jY,30,40,True,B:\CSE425_Project\gnn-bert-music-context\data\raw\musiccaps\audio\4vsI0Kwn8jY_30_40.mp3,ok,10.0
4yJZ4VX8XQI,210,220,False,B:\CSE425_Project\gnn-bert-music-context\data\raw\musiccaps\audio\4yJZ4VX8XQI_210_220.mp3,ok,10.0
4ymXDU-48EE,240,250,False,,missing,
4zZiWBp0b08,30,40,False,B:\CSE425_Project\gnn-bert-music-context\data\raw\musiccaps\audio\4zZiWBp0b08_30_40.mp3,ok,10.0
5-aS_pyXesM,20,30,False,B:\CSE425_Project\gnn-bert-music-context\data\raw\musiccaps\audio\5-aS_pyXesM_20_30.mp3,ok,10.0
5-tx4Fgqetc,30,40,False,B:\CSE425_Project\gnn-bert-music-context\data\raw\musiccaps\audio\5-tx4Fgqetc_30_40.mp3,ok,10.0
50QEapyTPD4,480,490,True,B:\CSE425_Project\gnn-bert-music-context\data\raw\musiccaps\audio\50QEapyTPD4_480_490.mp3,ok,10.0
50fuQm8B2Yg,110,120,False,B:\CSE425_Project\gnn-bert-music-context\data\raw\musiccaps\audio\50fuQm8B2Yg_110_120.mp3,ok,10.0
51bsCRv6kI0,30,40,False,B:\CSE425_Project\gnn-bert-music-context\data\raw\musiccaps\audio\51bsCRv6kI0_30_40.mp3,ok,10.0
52GYcHTcCgs,30,40,True,B:\CSE425_Project\gnn-bert-music-context\data\raw\musiccaps\audio\52GYcHTcCgs_30_40.mp3,ok,10.0
52odOK7G2kg,120,130,False,B:\CSE425_Project\gnn-bert-music-context\data\raw\musiccaps\audio\52odOK7G2kg_120_130.mp3,ok,10.0
53UF6F7D284,30,40,False,B:\CSE425_Project\gnn-bert-music-context\data\raw\musiccaps\audio\53UF6F7D284_30_40.mp3,ok,10.0
54yI3In3DrU,200,210,False,B:\CSE425_Project\gnn-bert-music-context\data\raw\musiccaps\audio\54yI3In3DrU_200_210.mp3,ok,10.0
55qucu8Zs_I,90,100,False,B:\CSE425_Project\gnn-bert-music-context\data\raw\musiccaps\audio\55qucu8Zs_I_90_100.mp3,ok,10.0
55vMO5LzMHM,30,40,False,B:\CSE425_Project\gnn-bert-music-context\data\raw\musiccaps\audio\55vMO5LzMHM_30_40.mp3,ok,10.0
56Cm1AkbfbU,30,40,False,B:\CSE425_Project\gnn-bert-music-context\data\raw\musiccaps\audio\56Cm1AkbfbU_30_40.mp3,ok,10.0
577NM64YL18,110,120,False,,missing,
588osm3C4bw,30,40,False,B:\CSE425_Project\gnn-bert-music-context\data\raw\musiccaps\audio\588osm3C4bw_30_40.mp3,ok,10.0
58JwiVM8bYM,30,40,True,B:\CSE425_Project\gnn-bert-music-context\data\raw\musiccaps\audio\58JwiVM8bYM_30_40.mp3,ok,10.0
58f4AsxOYhU,30,40,False,B:\CSE425_Project\gnn-bert-music-context\data\raw\musiccaps\audio\58f4AsxOYhU_30_40.mp3,ok,10.0
59Mt7J_0KT4,0,10,False,B:\CSE425_Project\gnn-bert-music-context\data\raw\musiccaps\audio\59Mt7J_0KT4_0_10.mp3,ok,10.0
5AdeNHlPnvs,100,110,False,B:\CSE425_Project\gnn-bert-music-context\data\raw\musiccaps\audio\5AdeNHlPnvs_100_110.mp3,ok,10.0
5BEVY0vaygg,30,40,False,B:\CSE425_Project\gnn-bert-music-context\data\raw\musiccaps\audio\5BEVY0vaygg_30_40.mp3,ok,10.0
5C70IZwHA5g,20,30,False,B:\CSE425_Project\gnn-bert-music-context\data\raw\musiccaps\audio\5C70IZwHA5g_20_30.mp3,ok,10.0
5CtvEcPtknI,200,210,False,B:\CSE425_Project\gnn-bert-music-context\data\raw\musiccaps\audio\5CtvEcPtknI_200_210.mp3,ok,10.0
5D4siJjh1j0,30,40,False,B:\CSE425_Project\gnn-bert-music-context\data\raw\musiccaps\audio\5D4siJjh1j0_30_40.mp3,ok,10.0
5DDg2CzAmgE,30,40,True,B:\CSE425_Project\gnn-bert-music-context\data\raw\musiccaps\audio\5DDg2CzAmgE_30_40.mp3,ok,10.0
5DNl3DX4rr0,520,530,False,B:\CSE425_Project\gnn-bert-music-context\data\raw\musiccaps\audio\5DNl3DX4rr0_520_530.mp3,ok,10.0
5F8zpfwFKl0,30,40,False,B:\CSE425_Project\gnn-bert-music-context\data\raw\musiccaps\audio\5F8zpfwFKl0_30_40.mp3,ok,10.0
5FbQu7QTme0,30,40,False,B:\CSE425_Project\gnn-bert-music-context\data\raw\musiccaps\audio\5FbQu7QTme0_30_40.mp3,ok,10.0
5FlNBuS7YgM,30,40,True,B:\CSE425_Project\gnn-bert-music-context\data\raw\musiccaps\audio\5FlNBuS7YgM_30_40.mp3,ok,10.0
5J6CjNc8Njo,30,40,False,B:\CSE425_Project\gnn-bert-music-context\data\raw\musiccaps\audio\5J6CjNc8Njo_30_40.mp3,ok,10.0
5JQIsqc8HBc,30,40,True,B:\CSE425_Project\gnn-bert-music-context\data\raw\musiccaps\audio\5JQIsqc8HBc_30_40.mp3,ok,10.0
5JRvGMTjEzQ,30,40,False,B:\CSE425_Project\gnn-bert-music-context\data\raw\musiccaps\audio\5JRvGMTjEzQ_30_40.mp3,ok,10.0
5JkPsWsq3E8,30,40,True,B:\CSE425_Project\gnn-bert-music-context\data\raw\musiccaps\audio\5JkPsWsq3E8_30_40.mp3,ok,10.0
5JqTvKNXzOw,30,40,False,B:\CSE425_Project\gnn-bert-music-context\data\raw\musiccaps\audio\5JqTvKNXzOw_30_40.mp3,ok,10.0
5KvjUzQbMT4,0,10,False,B:\CSE425_Project\gnn-bert-music-context\data\raw\musiccaps\audio\5KvjUzQbMT4_0_10.mp3,ok,10.0
5LX2Unga1p4,30,40,True,B:\CSE425_Project\gnn-bert-music-context\data\raw\musiccaps\audio\5LX2Unga1p4_30_40.mp3,ok,10.0
5MAX6bUSf4s,110,120,False,B:\CSE425_Project\gnn-bert-music-context\data\raw\musiccaps\audio\5MAX6bUSf4s_110_120.mp3,ok,10.0
5MOJnA715fA,410,420,True,B:\CSE425_Project\gnn-bert-music-context\data\raw\musiccaps\audio\5MOJnA715fA_410_420.mp3,ok,10.0
5NCUtndrsHg,30,40,True,B:\CSE425_Project\gnn-bert-music-context\data\raw\musiccaps\audio\5NCUtndrsHg_30_40.mp3,ok,10.0
5P5XAclO8ko,140,150,False,B:\CSE425_Project\gnn-bert-music-context\data\raw\musiccaps\audio\5P5XAclO8ko_140_150.mp3,ok,10.0
5QtjEBcZR6M,30,40,True,B:\CSE425_Project\gnn-bert-music-context\data\raw\musiccaps\audio\5QtjEBcZR6M_30_40.mp3,ok,10.0
5Tq56BN8PCQ,60,70,False,B:\CSE425_Project\gnn-bert-music-context\data\raw\musiccaps\audio\5Tq56BN8PCQ_60_70.mp3,ok,10.0
5UXnulANF8g,30,40,False,B:\CSE425_Project\gnn-bert-music-context\data\raw\musiccaps\audio\5UXnulANF8g_30_40.mp3,ok,10.0
5UmoK5WAW8Y,30,40,False,B:\CSE425_Project\gnn-bert-music-context\data\raw\musiccaps\audio\5UmoK5WAW8Y_30_40.mp3,ok,10.0
5XNalwqtkFg,30,40,False,B:\CSE425_Project\gnn-bert-music-context\data\raw\musiccaps\audio\5XNalwqtkFg_30_40.mp3,ok,10.0
5XXAeSybGK0,30,40,True,B:\CSE425_Project\gnn-bert-music-context\data\raw\musiccaps\audio\5XXAeSybGK0_30_40.mp3,ok,10.0
5Y_mT93tkvQ,30,40,True,,missing,
5ZX1-GAb7IM,250,260,False,B:\CSE425_Project\gnn-bert-music-context\data\raw\musiccaps\audio\5ZX1-GAb7IM_250_260.mp3,ok,10.0
5ZX9Ig7XXsw,170,180,False,B:\CSE425_Project\gnn-bert-music-context\data\raw\musiccaps\audio\5ZX9Ig7XXsw_170_180.mp3,ok,10.0
5ZpVhmhVYoI,60,70,True,B:\CSE425_Project\gnn-bert-music-context\data\raw\musiccaps\audio\5ZpVhmhVYoI_60_70.mp3,ok,10.0
5_orEetudIA,30,40,True,B:\CSE425_Project\gnn-bert-music-context\data\raw\musiccaps\audio\5_orEetudIA_30_40.mp3,ok,10.0
5aCDam9_Ps4,10,20,False,B:\CSE425_Project\gnn-bert-music-context\data\raw\musiccaps\audio\5aCDam9_Ps4_10_20.mp3,ok,10.0
5a_Qxd4ECTo,410,420,True,B:\CSE425_Project\gnn-bert-music-context\data\raw\musiccaps\audio\5a_Qxd4ECTo_410_420.mp3,ok,10.0
5at69yM1PoU,210,220,False,B:\CSE425_Project\gnn-bert-music-context\data\raw\musiccaps\audio\5at69yM1PoU_210_220.mp3,ok,10.0
5blPLHS0Cko,30,40,True,B:\CSE425_Project\gnn-bert-music-context\data\raw\musiccaps\audio\5blPLHS0Cko_30_40.mp3,ok,10.0
5bn7PPKcqSA,0,10,False,B:\CSE425_Project\gnn-bert-music-context\data\raw\musiccaps\audio\5bn7PPKcqSA_0_10.mp3,ok,10.0
5bsUYmXIgMA,0,10,True,B:\CSE425_Project\gnn-bert-music-context\data\raw\musiccaps\audio\5bsUYmXIgMA_0_10.mp3,ok,10.0
5dG1oPahyto,420,430,False,B:\CSE425_Project\gnn-bert-music-context\data\raw\musiccaps\audio\5dG1oPahyto_420_430.mp3,ok,10.0
5fPxUI0Fl-4,30,40,True,B:\CSE425_Project\gnn-bert-music-context\data\raw\musiccaps\audio\5fPxUI0Fl-4_30_40.mp3,ok,10.0
5gh5H0QqJl0,0,10,False,B:\CSE425_Project\gnn-bert-music-context\data\raw\musiccaps\audio\5gh5H0QqJl0_0_10.mp3,ok,10.0
5gyMt0YzPQ0,30,40,True,B:\CSE425_Project\gnn-bert-music-context\data\raw\musiccaps\audio\5gyMt0YzPQ0_30_40.mp3,ok,10.0
5h5NdW6cYY0,30,40,False,B:\CSE425_Project\gnn-bert-music-context\data\raw\musiccaps\audio\5h5NdW6cYY0_30_40.mp3,ok,10.0
5hEt87nd7os,50,60,False,B:\CSE425_Project\gnn-bert-music-context\data\raw\musiccaps\audio\5hEt87nd7os_50_60.mp3,ok,10.0
5hyRWertUbI,250,260,False,B:\CSE425_Project\gnn-bert-music-context\data\raw\musiccaps\audio\5hyRWertUbI_250_260.mp3,ok,10.0
5i0zq91Ocz0,40,50,False,B:\CSE425_Project\gnn-bert-music-context\data\raw\musiccaps\audio\5i0zq91Ocz0_40_50.mp3,ok,10.0
5iPTcL50mvw,30,40,True,B:\CSE425_Project\gnn-bert-music-context\data\raw\musiccaps\audio\5iPTcL50mvw_30_40.mp3,ok,10.0
5iUwBOf4yek,60,70,False,B:\CSE425_Project\gnn-bert-music-context\data\raw\musiccaps\audio\5iUwBOf4yek_60_70.mp3,ok,10.0
5ieMy-PAKA0,120,130,False,B:\CSE425_Project\gnn-bert-music-context\data\raw\musiccaps\audio\5ieMy-PAKA0_120_130.mp3,ok,10.0
5jQIuYPAODg,30,40,True,B:\CSE425_Project\gnn-bert-music-context\data\raw\musiccaps\audio\5jQIuYPAODg_30_40.mp3,ok,10.0
5jT_i7S9QSM,30,40,True,B:\CSE425_Project\gnn-bert-music-context\data\raw\musiccaps\audio\5jT_i7S9QSM_30_40.mp3,ok,10.0
5keRbrVx-G4,30,40,True,B:\CSE425_Project\gnn-bert-music-context\data\raw\musiccaps\audio\5keRbrVx-G4_30_40.mp3,ok,10.0
5lZFGZXH20E,380,390,True,B:\CSE425_Project\gnn-bert-music-context\data\raw\musiccaps\audio\5lZFGZXH20E_380_390.mp3,ok,10.0
5mLYN-F2Oek,30,40,False,B:\CSE425_Project\gnn-bert-music-context\data\raw\musiccaps\audio\5mLYN-F2Oek_30_40.mp3,ok,10.0
5mmUQUwr6tI,30,40,False,B:\CSE425_Project\gnn-bert-music-context\data\raw\musiccaps\audio\5mmUQUwr6tI_30_40.mp3,ok,10.0
5n8I-br2n1U,70,80,True,B:\CSE425_Project\gnn-bert-music-context\data\raw\musiccaps\audio\5n8I-br2n1U_70_80.mp3,ok,10.0
5nJr7iar6ZM,30,40,False,B:\CSE425_Project\gnn-bert-music-context\data\raw\musiccaps\audio\5nJr7iar6ZM_30_40.mp3,ok,10.0
5pIdH6p3kuo,30,40,False,B:\CSE425_Project\gnn-bert-music-context\data\raw\musiccaps\audio\5pIdH6p3kuo_30_40.mp3,ok,10.0
5qVc9y3TNnY,30,40,True,B:\CSE425_Project\gnn-bert-music-context\data\raw\musiccaps\audio\5qVc9y3TNnY_30_40.mp3,ok,10.0
5r4jLwjj_Ik,140,150,False,B:\CSE425_Project\gnn-bert-music-context\data\raw\musiccaps\audio\5r4jLwjj_Ik_140_150.mp3,ok,10.0
5rjQU4vOIlw,170,180,False,B:\CSE425_Project\gnn-bert-music-context\data\raw\musiccaps\audio\5rjQU4vOIlw_170_180.mp3,ok,10.0
5rsQHo-6DI4,40,50,False,B:\CSE425_Project\gnn-bert-music-context\data\raw\musiccaps\audio\5rsQHo-6DI4_40_50.mp3,ok,10.0
5s0yPPrQWxs,100,110,False,B:\CSE425_Project\gnn-bert-music-context\data\raw\musiccaps\audio\5s0yPPrQWxs_100_110.mp3,ok,10.0
5tNOauvQWQQ,470,480,False,B:\CSE425_Project\gnn-bert-music-context\data\raw\musiccaps\audio\5tNOauvQWQQ_470_480.mp3,ok,10.0
5tRNPTLRZqI,40,50,False,B:\CSE425_Project\gnn-bert-music-context\data\raw\musiccaps\audio\5tRNPTLRZqI_40_50.mp3,ok,10.0
5tt_GKV13G0,20,30,True,B:\CSE425_Project\gnn-bert-music-context\data\raw\musiccaps\audio\5tt_GKV13G0_20_30.mp3,ok,10.0
5w3s2T0VBug,20,30,True,B:\CSE425_Project\gnn-bert-music-context\data\raw\musiccaps\audio\5w3s2T0VBug_20_30.mp3,ok,10.0
5xAzHL8Zlcs,480,490,False,B:\CSE425_Project\gnn-bert-music-context\data\raw\musiccaps\audio\5xAzHL8Zlcs_480_490.mp3,ok,10.0
5xBfKiQcMZQ,100,110,False,B:\CSE425_Project\gnn-bert-music-context\data\raw\musiccaps\audio\5xBfKiQcMZQ_100_110.mp3,ok,10.0
5xIBQGMjiX4,30,40,True,B:\CSE425_Project\gnn-bert-music-context\data\raw\musiccaps\audio\5xIBQGMjiX4_30_40.mp3,ok,10.0
5y2M_K3bUcQ,20,30,False,B:\CSE425_Project\gnn-bert-music-context\data\raw\musiccaps\audio\5y2M_K3bUcQ_20_30.mp3,ok,10.0
5z60cbPEEaY,230,240,False,B:\CSE425_Project\gnn-bert-music-context\data\raw\musiccaps\audio\5z60cbPEEaY_230_240.mp3,ok,10.0
6-CMq6xw0fg,30,40,True,B:\CSE425_Project\gnn-bert-music-context\data\raw\musiccaps\audio\6-CMq6xw0fg_30_40.mp3,ok,10.0
6-MdbipzKS0,30,40,False,B:\CSE425_Project\gnn-bert-music-context\data\raw\musiccaps\audio\6-MdbipzKS0_30_40.mp3,ok,10.0
6-XEA0zqo8M,50,60,True,B:\CSE425_Project\gnn-bert-music-context\data\raw\musiccaps\audio\6-XEA0zqo8M_50_60.mp3,ok,10.0
60OIHit4Q-M,30,40,True,B:\CSE425_Project\gnn-bert-music-context\data\raw\musiccaps\audio\60OIHit4Q-M_30_40.mp3,ok,10.0
60uuoSycuWE,70,80,False,B:\CSE425_Project\gnn-bert-music-context\data\raw\musiccaps\audio\60uuoSycuWE_70_80.mp3,ok,10.0
60y9j_Dc-Xs,90,100,False,B:\CSE425_Project\gnn-bert-music-context\data\raw\musiccaps\audio\60y9j_Dc-Xs_90_100.mp3,ok,10.0
614LdgrE13A,110,120,True,B:\CSE425_Project\gnn-bert-music-context\data\raw\musiccaps\audio\614LdgrE13A_110_120.mp3,ok,10.0
62C6TngDeXI,30,40,False,B:\CSE425_Project\gnn-bert-music-context\data\raw\musiccaps\audio\62C6TngDeXI_30_40.mp3,ok,10.0
62L5kn1qFeY,150,160,False,B:\CSE425_Project\gnn-bert-music-context\data\raw\musiccaps\audio\62L5kn1qFeY_150_160.mp3,ok,10.0
63jbksEqycQ,30,40,False,B:\CSE425_Project\gnn-bert-music-context\data\raw\musiccaps\audio\63jbksEqycQ_30_40.mp3,ok,10.0
63rqIYPHvlc,30,40,True,,missing,
64auWicQqZY,40,50,False,B:\CSE425_Project\gnn-bert-music-context\data\raw\musiccaps\audio\64auWicQqZY_40_50.mp3,ok,10.0
65KYS3lIRII,380,390,False,B:\CSE425_Project\gnn-bert-music-context\data\raw\musiccaps\audio\65KYS3lIRII_380_390.mp3,ok,10.0
669Fk7afszw,10,20,False,B:\CSE425_Project\gnn-bert-music-context\data\raw\musiccaps\audio\669Fk7afszw_10_20.mp3,ok,10.0
66B46E_hrrk,140,150,False,B:\CSE425_Project\gnn-bert-music-context\data\raw\musiccaps\audio\66B46E_hrrk_140_150.mp3,ok,10.0
67S7s_jFXhc,30,40,False,B:\CSE425_Project\gnn-bert-music-context\data\raw\musiccaps\audio\67S7s_jFXhc_30_40.mp3,ok,10.0
6807299U5eg,490,500,False,B:\CSE425_Project\gnn-bert-music-context\data\raw\musiccaps\audio\6807299U5eg_490_500.mp3,ok,10.0
682ODyTqKyw,130,140,True,B:\CSE425_Project\gnn-bert-music-context\data\raw\musiccaps\audio\682ODyTqKyw_130_140.mp3,ok,10.0
68DacKw1hlE,80,90,False,B:\CSE425_Project\gnn-bert-music-context\data\raw\musiccaps\audio\68DacKw1hlE_80_90.mp3,ok,10.0
68XchGI6H-4,570,580,True,B:\CSE425_Project\gnn-bert-music-context\data\raw\musiccaps\audio\68XchGI6H-4_570_580.mp3,ok,10.0
69oU6LfyQ_4,30,40,True,B:\CSE425_Project\gnn-bert-music-context\data\raw\musiccaps\audio\69oU6LfyQ_4_30_40.mp3,ok,10.0
6AC84nr6ckM,0,10,True,B:\CSE425_Project\gnn-bert-music-context\data\raw\musiccaps\audio\6AC84nr6ckM_0_10.mp3,ok,10.0
6BitLl5Bnxw,30,40,True,B:\CSE425_Project\gnn-bert-music-context\data\raw\musiccaps\audio\6BitLl5Bnxw_30_40.mp3,ok,10.0
6C0HoQe4Y-Y,160,170,False,B:\CSE425_Project\gnn-bert-music-context\data\raw\musiccaps\audio\6C0HoQe4Y-Y_160_170.mp3,ok,10.0
6CaZAITdAsk,300,310,True,B:\CSE425_Project\gnn-bert-music-context\data\raw\musiccaps\audio\6CaZAITdAsk_300_310.mp3,ok,10.0
6EwEo0JQkTg,30,40,True,B:\CSE425_Project\gnn-bert-music-context\data\raw\musiccaps\audio\6EwEo0JQkTg_30_40.mp3,ok,10.0
6F8qv0JBWkE,110,120,True,B:\CSE425_Project\gnn-bert-music-context\data\raw\musiccaps\audio\6F8qv0JBWkE_110_120.mp3,ok,10.0
6FQ1nQ0FvgQ,30,40,False,B:\CSE425_Project\gnn-bert-music-context\data\raw\musiccaps\audio\6FQ1nQ0FvgQ_30_40.mp3,ok,10.0
6HQqly6duac,210,220,False,B:\CSE425_Project\gnn-bert-music-context\data\raw\musiccaps\audio\6HQqly6duac_210_220.mp3,ok,10.0
6II4JGJDyZo,310,320,False,B:\CSE425_Project\gnn-bert-music-context\data\raw\musiccaps\audio\6II4JGJDyZo_310_320.mp3,ok,10.0
6Ig6zwBn4b4,30,40,True,B:\CSE425_Project\gnn-bert-music-context\data\raw\musiccaps\audio\6Ig6zwBn4b4_30_40.mp3,ok,10.0
6J3X0whM_-4,310,320,True,B:\CSE425_Project\gnn-bert-music-context\data\raw\musiccaps\audio\6J3X0whM_-4_310_320.mp3,ok,10.0
6JJMlY3Go9s,30,40,False,B:\CSE425_Project\gnn-bert-music-context\data\raw\musiccaps\audio\6JJMlY3Go9s_30_40.mp3,ok,10.0
6KXd7l5pThg,30,40,False,B:\CSE425_Project\gnn-bert-music-context\data\raw\musiccaps\audio\6KXd7l5pThg_30_40.mp3,ok,10.0
6Kb0q9J8lPA,30,40,True,B:\CSE425_Project\gnn-bert-music-context\data\raw\musiccaps\audio\6Kb0q9J8lPA_30_40.mp3,ok,10.0
6KqFiP_ux5U,50,60,True,B:\CSE425_Project\gnn-bert-music-context\data\raw\musiccaps\audio\6KqFiP_ux5U_50_60.mp3,ok,10.0
6L8066DGqcA,210,220,False,B:\CSE425_Project\gnn-bert-music-context\data\raw\musiccaps\audio\6L8066DGqcA_210_220.mp3,ok,10.0
6N1LWG4aztA,90,100,True,B:\CSE425_Project\gnn-bert-music-context\data\raw\musiccaps\audio\6N1LWG4aztA_90_100.mp3,ok,10.0
6OVb3rjcB3Q,570,580,False,B:\CSE425_Project\gnn-bert-music-context\data\raw\musiccaps\audio\6OVb3rjcB3Q_570_580.mp3,ok,10.0
6OcoDIrbMtY,130,140,False,B:\CSE425_Project\gnn-bert-music-context\data\raw\musiccaps\audio\6OcoDIrbMtY_130_140.mp3,ok,10.0
6PWiDlWmPs0,30,40,False,B:\CSE425_Project\gnn-bert-music-context\data\raw\musiccaps\audio\6PWiDlWmPs0_30_40.mp3,ok,10.0
6PquRVe1Wa4,310,320,False,B:\CSE425_Project\gnn-bert-music-context\data\raw\musiccaps\audio\6PquRVe1Wa4_310_320.mp3,ok,10.0
6Q5N1DfzGj0,230,240,True,B:\CSE425_Project\gnn-bert-music-context\data\raw\musiccaps\audio\6Q5N1DfzGj0_230_240.mp3,ok,10.0
6QAZJ4H_5rA,50,60,False,B:\CSE425_Project\gnn-bert-music-context\data\raw\musiccaps\audio\6QAZJ4H_5rA_50_60.mp3,ok,10.0
6QHfXuVLhe0,170,180,False,B:\CSE425_Project\gnn-bert-music-context\data\raw\musiccaps\audio\6QHfXuVLhe0_170_180.mp3,ok,10.0
6QfM3BRp-78,10,20,True,B:\CSE425_Project\gnn-bert-music-context\data\raw\musiccaps\audio\6QfM3BRp-78_10_20.mp3,ok,10.0
6SB2FIU9SBc,200,210,True,B:\CSE425_Project\gnn-bert-music-context\data\raw\musiccaps\audio\6SB2FIU9SBc_200_210.mp3,ok,10.0
6Sdu56gquJE,0,10,True,B:\CSE425_Project\gnn-bert-music-context\data\raw\musiccaps\audio\6Sdu56gquJE_0_10.mp3,ok,10.0
6Si3eGkmmy8,410,420,False,B:\CSE425_Project\gnn-bert-music-context\data\raw\musiccaps\audio\6Si3eGkmmy8_410_420.mp3,ok,10.0
6TSluKI0X54,30,40,True,B:\CSE425_Project\gnn-bert-music-context\data\raw\musiccaps\audio\6TSluKI0X54_30_40.mp3,ok,10.0
6Tf5IwOHBlw,370,380,False,B:\CSE425_Project\gnn-bert-music-context\data\raw\musiccaps\audio\6Tf5IwOHBlw_370_380.mp3,ok,10.0
6UJhTZgnVro,30,40,True,B:\CSE425_Project\gnn-bert-music-context\data\raw\musiccaps\audio\6UJhTZgnVro_30_40.mp3,ok,10.0
6VJ_auuKzss,30,40,True,B:\CSE425_Project\gnn-bert-music-context\data\raw\musiccaps\audio\6VJ_auuKzss_30_40.mp3,ok,10.0
6XHdybfV5Cw,30,40,False,B:\CSE425_Project\gnn-bert-music-context\data\raw\musiccaps\audio\6XHdybfV5Cw_30_40.mp3,ok,10.0
6XZGmRuaOfo,30,40,False,B:\CSE425_Project\gnn-bert-music-context\data\raw\musiccaps\audio\6XZGmRuaOfo_30_40.mp3,ok,10.0
6YXjJ6ABnZU,20,30,False,B:\CSE425_Project\gnn-bert-music-context\data\raw\musiccaps\audio\6YXjJ6ABnZU_20_30.mp3,ok,10.0
6Yh7Cdm2GgY,10,20,True,B:\CSE425_Project\gnn-bert-music-context\data\raw\musiccaps\audio\6Yh7Cdm2GgY_10_20.mp3,ok,10.0
6_zzu2KON6c,80,90,True,,missing,
6ayVxYbKBe0,30,40,True,B:\CSE425_Project\gnn-bert-music-context\data\raw\musiccaps\audio\6ayVxYbKBe0_30_40.mp3,ok,10.0
6c1vNidtVTc,30,40,True,B:\CSE425_Project\gnn-bert-music-context\data\raw\musiccaps\audio\6c1vNidtVTc_30_40.mp3,ok,10.0
6cQbxwbBqqI,260,270,False,B:\CSE425_Project\gnn-bert-music-context\data\raw\musiccaps\audio\6cQbxwbBqqI_260_270.mp3,ok,10.0
6cQjwXNY4sc,30,40,True,B:\CSE425_Project\gnn-bert-music-context\data\raw\musiccaps\audio\6cQjwXNY4sc_30_40.mp3,ok,10.0
6dFCMXNlmzQ,20,30,False,B:\CSE425_Project\gnn-bert-music-context\data\raw\musiccaps\audio\6dFCMXNlmzQ_20_30.mp3,ok,10.0
6elnFyuUnaU,300,310,False,B:\CSE425_Project\gnn-bert-music-context\data\raw\musiccaps\audio\6elnFyuUnaU_300_310.mp3,ok,10.0
6evOjRxZlHI,200,210,True,B:\CSE425_Project\gnn-bert-music-context\data\raw\musiccaps\audio\6evOjRxZlHI_200_210.mp3,ok,10.0
6gTrMRQPZMU,200,210,False,B:\CSE425_Project\gnn-bert-music-context\data\raw\musiccaps\audio\6gTrMRQPZMU_200_210.mp3,ok,10.0
6iZ49s7eH5g,300,310,False,B:\CSE425_Project\gnn-bert-music-context\data\raw\musiccaps\audio\6iZ49s7eH5g_300_310.mp3,ok,10.0
6ieXDFjLKNo,230,240,True,B:\CSE425_Project\gnn-bert-music-context\data\raw\musiccaps\audio\6ieXDFjLKNo_230_240.mp3,ok,10.0
6iyinlZEgS4,40,50,False,B:\CSE425_Project\gnn-bert-music-context\data\raw\musiccaps\audio\6iyinlZEgS4_40_50.mp3,ok,10.0
6jZ8VNANHwM,30,40,True,B:\CSE425_Project\gnn-bert-music-context\data\raw\musiccaps\audio\6jZ8VNANHwM_30_40.mp3,ok,10.0
6jdeSAmkzEU,30,40,True,B:\CSE425_Project\gnn-bert-music-context\data\raw\musiccaps\audio\6jdeSAmkzEU_30_40.mp3,ok,10.0
6jeq5lP5Up0,30,40,False,B:\CSE425_Project\gnn-bert-music-context\data\raw\musiccaps\audio\6jeq5lP5Up0_30_40.mp3,ok,10.0
6k4lcF9IGUk,150,160,True,B:\CSE425_Project\gnn-bert-music-context\data\raw\musiccaps\audio\6k4lcF9IGUk_150_160.mp3,ok,10.0
6k6tF0s0lNs,260,270,False,B:\CSE425_Project\gnn-bert-music-context\data\raw\musiccaps\audio\6k6tF0s0lNs_260_270.mp3,ok,10.0
6lPgzqrvHHw,280,290,False,B:\CSE425_Project\gnn-bert-music-context\data\raw\musiccaps\audio\6lPgzqrvHHw_280_290.mp3,ok,10.0
6lPw0wKu7_M,180,190,False,B:\CSE425_Project\gnn-bert-music-context\data\raw\musiccaps\audio\6lPw0wKu7_M_180_190.mp3,ok,10.0
6nWWTNVRDjw,30,40,True,B:\CSE425_Project\gnn-bert-music-context\data\raw\musiccaps\audio\6nWWTNVRDjw_30_40.mp3,ok,10.0
6o6DsSnbpxE,60,70,False,B:\CSE425_Project\gnn-bert-music-context\data\raw\musiccaps\audio\6o6DsSnbpxE_60_70.mp3,ok,10.0
6og50XOZeIk,10,20,False,B:\CSE425_Project\gnn-bert-music-context\data\raw\musiccaps\audio\6og50XOZeIk_10_20.mp3,ok,10.0
6oqbYipROOs,30,40,False,B:\CSE425_Project\gnn-bert-music-context\data\raw\musiccaps\audio\6oqbYipROOs_30_40.mp3,ok,10.0
6pHo6fPdPvM,30,40,True,B:\CSE425_Project\gnn-bert-music-context\data\raw\musiccaps\audio\6pHo6fPdPvM_30_40.mp3,ok,10.0
6ragcEJVErI,30,40,True,B:\CSE425_Project\gnn-bert-music-context\data\raw\musiccaps\audio\6ragcEJVErI_30_40.mp3,ok,10.0
6sWVG6GyJBU,110,120,False,B:\CSE425_Project\gnn-bert-music-context\data\raw\musiccaps\audio\6sWVG6GyJBU_110_120.mp3,ok,10.0
6u1ckcErgcQ,30,40,True,B:\CSE425_Project\gnn-bert-music-context\data\raw\musiccaps\audio\6u1ckcErgcQ_30_40.mp3,ok,10.0
6uIOGE36tWo,110,120,False,B:\CSE425_Project\gnn-bert-music-context\data\raw\musiccaps\audio\6uIOGE36tWo_110_120.mp3,ok,10.0
6vM7Kv42Uv0,20,30,True,B:\CSE425_Project\gnn-bert-music-context\data\raw\musiccaps\audio\6vM7Kv42Uv0_20_30.mp3,ok,10.0
6vRBp8jo40Q,50,60,True,B:\CSE425_Project\gnn-bert-music-context\data\raw\musiccaps\audio\6vRBp8jo40Q_50_60.mp3,ok,10.0
6xxu6f0f0e4,60,70,False,B:\CSE425_Project\gnn-bert-music-context\data\raw\musiccaps\audio\6xxu6f0f0e4_60_70.mp3,ok,10.0
6yB6plsrjO0,30,40,True,B:\CSE425_Project\gnn-bert-music-context\data\raw\musiccaps\audio\6yB6plsrjO0_30_40.mp3,ok,10.0
6zgvEiJJrM8,420,430,False,B:\CSE425_Project\gnn-bert-music-context\data\raw\musiccaps\audio\6zgvEiJJrM8_420_430.mp3,ok,10.0
7-mNJ4IUY5Q,30,40,True,B:\CSE425_Project\gnn-bert-music-context\data\raw\musiccaps\audio\7-mNJ4IUY5Q_30_40.mp3,ok,10.0
70pyoqX0U9Y,30,40,True,B:\CSE425_Project\gnn-bert-music-context\data\raw\musiccaps\audio\70pyoqX0U9Y_30_40.mp3,ok,10.0
71KE7B1vvdI,30,40,True,B:\CSE425_Project\gnn-bert-music-context\data\raw\musiccaps\audio\71KE7B1vvdI_30_40.mp3,ok,10.0
71hqRT9U0wg,10,20,True,B:\CSE425_Project\gnn-bert-music-context\data\raw\musiccaps\audio\71hqRT9U0wg_10_20.mp3,ok,10.0
72_Hk1cdoxk,70,80,False,B:\CSE425_Project\gnn-bert-music-context\data\raw\musiccaps\audio\72_Hk1cdoxk_70_80.mp3,ok,10.0
73YTz8RC2Fo,30,40,True,,missing,
74p3DLeDCHE,30,40,True,B:\CSE425_Project\gnn-bert-music-context\data\raw\musiccaps\audio\74p3DLeDCHE_30_40.mp3,ok,10.0
752bW5cjXzw,110,120,True,B:\CSE425_Project\gnn-bert-music-context\data\raw\musiccaps\audio\752bW5cjXzw_110_120.mp3,ok,10.0
75UH33tO0Bo,30,40,False,B:\CSE425_Project\gnn-bert-music-context\data\raw\musiccaps\audio\75UH33tO0Bo_30_40.mp3,ok,10.0
75_dMqpSM4o,100,110,True,B:\CSE425_Project\gnn-bert-music-context\data\raw\musiccaps\audio\75_dMqpSM4o_100_110.mp3,ok,10.0
769EHEG4Mqc,0,10,True,B:\CSE425_Project\gnn-bert-music-context\data\raw\musiccaps\audio\769EHEG4Mqc_0_10.mp3,ok,10.0
76ON0Ixrr9s,30,40,True,B:\CSE425_Project\gnn-bert-music-context\data\raw\musiccaps\audio\76ON0Ixrr9s_30_40.mp3,ok,10.0
770ZkZhGy6A,30,40,True,B:\CSE425_Project\gnn-bert-music-context\data\raw\musiccaps\audio\770ZkZhGy6A_30_40.mp3,ok,10.0
78BtX0oNXHQ,100,110,False,B:\CSE425_Project\gnn-bert-music-context\data\raw\musiccaps\audio\78BtX0oNXHQ_100_110.mp3,ok,10.0
78S8DnvLQDY,30,40,True,B:\CSE425_Project\gnn-bert-music-context\data\raw\musiccaps\audio\78S8DnvLQDY_30_40.mp3,ok,10.0
79tuMIiWMZ4,30,40,True,B:\CSE425_Project\gnn-bert-music-context\data\raw\musiccaps\audio\79tuMIiWMZ4_30_40.mp3,ok,10.0
7AC9RqECN5k,30,40,False,B:\CSE425_Project\gnn-bert-music-context\data\raw\musiccaps\audio\7AC9RqECN5k_30_40.mp3,ok,10.0
7B1OAtD_VIA,30,40,False,B:\CSE425_Project\gnn-bert-music-context\data\raw\musiccaps\audio\7B1OAtD_VIA_30_40.mp3,ok,10.0
7DIPyJB4osY,30,40,False,B:\CSE425_Project\gnn-bert-music-context\data\raw\musiccaps\audio\7DIPyJB4osY_30_40.mp3,ok,10.0
7EvLwfwRrqA,30,40,False,,missing,
7FHzw4HV75Y,230,240,False,B:\CSE425_Project\gnn-bert-music-context\data\raw\musiccaps\audio\7FHzw4HV75Y_230_240.mp3,ok,10.0
7FkuqqdWRhw,170,180,False,B:\CSE425_Project\gnn-bert-music-context\data\raw\musiccaps\audio\7FkuqqdWRhw_170_180.mp3,ok,10.0
7Ht_Vu1D8nc,30,40,False,B:\CSE425_Project\gnn-bert-music-context\data\raw\musiccaps\audio\7Ht_Vu1D8nc_30_40.mp3,ok,10.0
7ITwarmdyfI,0,10,False,B:\CSE425_Project\gnn-bert-music-context\data\raw\musiccaps\audio\7ITwarmdyfI_0_10.mp3,ok,10.0
7IllUjk5fk0,30,40,False,B:\CSE425_Project\gnn-bert-music-context\data\raw\musiccaps\audio\7IllUjk5fk0_30_40.mp3,ok,10.0
7IndxxjZe1c,70,80,False,B:\CSE425_Project\gnn-bert-music-context\data\raw\musiccaps\audio\7IndxxjZe1c_70_80.mp3,ok,10.0
7J6U-HE3Lko,100,110,False,B:\CSE425_Project\gnn-bert-music-context\data\raw\musiccaps\audio\7J6U-HE3Lko_100_110.mp3,ok,10.0
7JE2eBK1f9M,110,120,False,B:\CSE425_Project\gnn-bert-music-context\data\raw\musiccaps\audio\7JE2eBK1f9M_110_120.mp3,ok,10.0
7JMN4DdhwsM,10,20,False,B:\CSE425_Project\gnn-bert-music-context\data\raw\musiccaps\audio\7JMN4DdhwsM_10_20.mp3,ok,10.0
7KCikXm6hic,30,40,True,B:\CSE425_Project\gnn-bert-music-context\data\raw\musiccaps\audio\7KCikXm6hic_30_40.mp3,ok,10.0
7KIn0zojwu8,330,340,False,B:\CSE425_Project\gnn-bert-music-context\data\raw\musiccaps\audio\7KIn0zojwu8_330_340.mp3,ok,10.0
7L5HQ4AJyLc,20,30,True,B:\CSE425_Project\gnn-bert-music-context\data\raw\musiccaps\audio\7L5HQ4AJyLc_20_30.mp3,ok,10.0
7LGLhQFiE0s,30,40,True,,missing,
7LlKoQAvXUc,30,40,True,B:\CSE425_Project\gnn-bert-music-context\data\raw\musiccaps\audio\7LlKoQAvXUc_30_40.mp3,ok,10.0
7LlnLjZOqVI,30,40,False,B:\CSE425_Project\gnn-bert-music-context\data\raw\musiccaps\audio\7LlnLjZOqVI_30_40.mp3,ok,10.0
7Msk_hkz6zk,30,40,False,B:\CSE425_Project\gnn-bert-music-context\data\raw\musiccaps\audio\7Msk_hkz6zk_30_40.mp3,ok,10.0
7MuFNZHhrOE,330,340,True,B:\CSE425_Project\gnn-bert-music-context\data\raw\musiccaps\audio\7MuFNZHhrOE_330_340.mp3,ok,10.0
7Mv4eKPe850,110,120,False,B:\CSE425_Project\gnn-bert-music-context\data\raw\musiccaps\audio\7Mv4eKPe850_110_120.mp3,ok,10.0
7NF2kcEfMBI,420,430,False,B:\CSE425_Project\gnn-bert-music-context\data\raw\musiccaps\audio\7NF2kcEfMBI_420_430.mp3,ok,10.0
7NnvEryyYdo,190,200,True,B:\CSE425_Project\gnn-bert-music-context\data\raw\musiccaps\audio\7NnvEryyYdo_190_200.mp3,ok,10.0
7NtM1MM76s0,20,30,False,B:\CSE425_Project\gnn-bert-music-context\data\raw\musiccaps\audio\7NtM1MM76s0_20_30.mp3,ok,10.0
7OgH3B49_E4,30,40,True,B:\CSE425_Project\gnn-bert-music-context\data\raw\musiccaps\audio\7OgH3B49_E4_30_40.mp3,ok,10.0
7OjXHfVoI64,200,210,False,B:\CSE425_Project\gnn-bert-music-context\data\raw\musiccaps\audio\7OjXHfVoI64_200_210.mp3,ok,10.0
7PtHb9jQCtg,130,140,True,B:\CSE425_Project\gnn-bert-music-context\data\raw\musiccaps\audio\7PtHb9jQCtg_130_140.mp3,ok,10.0
7RUkkhkqyUw,90,100,False,B:\CSE425_Project\gnn-bert-music-context\data\raw\musiccaps\audio\7RUkkhkqyUw_90_100.mp3,ok,10.0
7RtQpW2dSU4,10,20,False,B:\CSE425_Project\gnn-bert-music-context\data\raw\musiccaps\audio\7RtQpW2dSU4_10_20.mp3,ok,10.0
7S3fU4RHabw,470,480,False,B:\CSE425_Project\gnn-bert-music-context\data\raw\musiccaps\audio\7S3fU4RHabw_470_480.mp3,ok,10.0
7TmKzUgWiRU,0,10,True,B:\CSE425_Project\gnn-bert-music-context\data\raw\musiccaps\audio\7TmKzUgWiRU_0_10.mp3,ok,10.0
7Us4WHDmfeA,30,40,True,B:\CSE425_Project\gnn-bert-music-context\data\raw\musiccaps\audio\7Us4WHDmfeA_30_40.mp3,ok,10.0
7V0G65FK2VQ,0,10,True,B:\CSE425_Project\gnn-bert-music-context\data\raw\musiccaps\audio\7V0G65FK2VQ_0_10.mp3,ok,10.0
7Vjp9y6wvkY,30,40,True,B:\CSE425_Project\gnn-bert-music-context\data\raw\musiccaps\audio\7Vjp9y6wvkY_30_40.mp3,ok,10.0
7WR-hMV2RKs,170,180,False,B:\CSE425_Project\gnn-bert-music-context\data\raw\musiccaps\audio\7WR-hMV2RKs_170_180.mp3,ok,10.0
7WZwlOrRELI,30,40,True,B:\CSE425_Project\gnn-bert-music-context\data\raw\musiccaps\audio\7WZwlOrRELI_30_40.mp3,ok,10.0
7XMqcbZKNNw,30,40,True,B:\CSE425_Project\gnn-bert-music-context\data\raw\musiccaps\audio\7XMqcbZKNNw_30_40.mp3,ok,10.0
7XQN9XDnRm4,80,90,True,B:\CSE425_Project\gnn-bert-music-context\data\raw\musiccaps\audio\7XQN9XDnRm4_80_90.mp3,ok,10.0
7YWMPBHKdyY,30,40,False,B:\CSE425_Project\gnn-bert-music-context\data\raw\musiccaps\audio\7YWMPBHKdyY_30_40.mp3,ok,10.0
7YtKrL6ScXA,30,40,False,B:\CSE425_Project\gnn-bert-music-context\data\raw\musiccaps\audio\7YtKrL6ScXA_30_40.mp3,ok,10.0
7ZW8xO37bA4,10,20,False,B:\CSE425_Project\gnn-bert-music-context\data\raw\musiccaps\audio\7ZW8xO37bA4_10_20.mp3,ok,10.0
7ZXz3Xa7APs,0,10,True,B:\CSE425_Project\gnn-bert-music-context\data\raw\musiccaps\audio\7ZXz3Xa7APs_0_10.mp3,ok,10.0
7_0g3tEcM0w,80,90,False,B:\CSE425_Project\gnn-bert-music-context\data\raw\musiccaps\audio\7_0g3tEcM0w_80_90.mp3,ok,10.0
7_80oVTLkGU,30,40,True,B:\CSE425_Project\gnn-bert-music-context\data\raw\musiccaps\audio\7_80oVTLkGU_30_40.mp3,ok,10.0
7_Sr2zv1sQc,80,90,True,B:\CSE425_Project\gnn-bert-music-context\data\raw\musiccaps\audio\7_Sr2zv1sQc_80_90.mp3,ok,10.0
7_q36NyJtQY,70,80,True,B:\CSE425_Project\gnn-bert-music-context\data\raw\musiccaps\audio\7_q36NyJtQY_70_80.mp3,ok,10.0
7_yBcHaoR0w,50,60,True,B:\CSE425_Project\gnn-bert-music-context\data\raw\musiccaps\audio\7_yBcHaoR0w_50_60.mp3,ok,10.0
7avMUhHOCR8,30,40,False,B:\CSE425_Project\gnn-bert-music-context\data\raw\musiccaps\audio\7avMUhHOCR8_30_40.mp3,ok,10.0
7chwYGGSkmE,320,330,True,B:\CSE425_Project\gnn-bert-music-context\data\raw\musiccaps\audio\7chwYGGSkmE_320_330.mp3,ok,10.0
7cvqeU9Wh-I,10,20,False,B:\CSE425_Project\gnn-bert-music-context\data\raw\musiccaps\audio\7cvqeU9Wh-I_10_20.mp3,ok,10.0
7cw7rDLcujI,30,40,False,B:\CSE425_Project\gnn-bert-music-context\data\raw\musiccaps\audio\7cw7rDLcujI_30_40.mp3,ok,10.0
7dmT4SgS_EM,30,40,False,B:\CSE425_Project\gnn-bert-music-context\data\raw\musiccaps\audio\7dmT4SgS_EM_30_40.mp3,ok,10.0
7e46Hfy5j8g,30,40,True,B:\CSE425_Project\gnn-bert-music-context\data\raw\musiccaps\audio\7e46Hfy5j8g_30_40.mp3,ok,10.0
7eZTmLV9gcY,30,40,False,B:\CSE425_Project\gnn-bert-music-context\data\raw\musiccaps\audio\7eZTmLV9gcY_30_40.mp3,ok,10.0
7fVfG0DrLjI,30,40,True,B:\CSE425_Project\gnn-bert-music-context\data\raw\musiccaps\audio\7fVfG0DrLjI_30_40.mp3,ok,10.0
7h6nTyP7d9o,590,600,False,B:\CSE425_Project\gnn-bert-music-context\data\raw\musiccaps\audio\7h6nTyP7d9o_590_600.mp3,ok,10.0
7hKG33wkr0k,80,90,True,B:\CSE425_Project\gnn-bert-music-context\data\raw\musiccaps\audio\7hKG33wkr0k_80_90.mp3,ok,10.0
7jWRIjFaoeU,30,40,True,B:\CSE425_Project\gnn-bert-music-context\data\raw\musiccaps\audio\7jWRIjFaoeU_30_40.mp3,ok,10.0
7k3M0pQvzhY,200,210,False,B:\CSE425_Project\gnn-bert-music-context\data\raw\musiccaps\audio\7k3M0pQvzhY_200_210.mp3,ok,10.0
7k3OZ_fPXuM,30,40,True,B:\CSE425_Project\gnn-bert-music-context\data\raw\musiccaps\audio\7k3OZ_fPXuM_30_40.mp3,ok,10.0
7kEeYQx2VLE,0,10,False,B:\CSE425_Project\gnn-bert-music-context\data\raw\musiccaps\audio\7kEeYQx2VLE_0_10.mp3,ok,10.0
7l4-QmvXxEs,80,90,True,B:\CSE425_Project\gnn-bert-music-context\data\raw\musiccaps\audio\7l4-QmvXxEs_80_90.mp3,ok,10.0
7lG2zPKo9e4,30,40,True,B:\CSE425_Project\gnn-bert-music-context\data\raw\musiccaps\audio\7lG2zPKo9e4_30_40.mp3,ok,10.0
7lV4IvuW2lk,410,420,False,B:\CSE425_Project\gnn-bert-music-context\data\raw\musiccaps\audio\7lV4IvuW2lk_410_420.mp3,ok,10.0
7muzlOrbDu8,120,130,True,B:\CSE425_Project\gnn-bert-music-context\data\raw\musiccaps\audio\7muzlOrbDu8_120_130.mp3,ok,10.0
7nrOZXbpXBo,110,120,False,,missing,
7pYavsK9sPg,140,150,False,B:\CSE425_Project\gnn-bert-music-context\data\raw\musiccaps\audio\7pYavsK9sPg_140_150.mp3,ok,10.0
7p_Mnxl4Vq8,30,40,True,B:\CSE425_Project\gnn-bert-music-context\data\raw\musiccaps\audio\7p_Mnxl4Vq8_30_40.mp3,ok,10.0
7pdrGzdWMzI,50,60,True,B:\CSE425_Project\gnn-bert-music-context\data\raw\musiccaps\audio\7pdrGzdWMzI_50_60.mp3,ok,10.0
7qaRlUc4fb0,30,40,True,B:\CSE425_Project\gnn-bert-music-context\data\raw\musiccaps\audio\7qaRlUc4fb0_30_40.mp3,ok,10.0
7uKkUTml-DA,260,270,False,B:\CSE425_Project\gnn-bert-music-context\data\raw\musiccaps\audio\7uKkUTml-DA_260_270.mp3,ok,10.0
7vC1iriZlX8,180,190,False,B:\CSE425_Project\gnn-bert-music-context\data\raw\musiccaps\audio\7vC1iriZlX8_180_190.mp3,ok,10.0
7wSTdp1hiTA,30,40,True,B:\CSE425_Project\gnn-bert-music-context\data\raw\musiccaps\audio\7wSTdp1hiTA_30_40.mp3,ok,10.0
7xD_Ib3VS_w,30,40,False,B:\CSE425_Project\gnn-bert-music-context\data\raw\musiccaps\audio\7xD_Ib3VS_w_30_40.mp3,ok,10.0
7y9RfZXJZsk,90,100,True,B:\CSE425_Project\gnn-bert-music-context\data\raw\musiccaps\audio\7y9RfZXJZsk_90_100.mp3,ok,10.0
7yK4-hsVX1o,30,40,True,B:\CSE425_Project\gnn-bert-music-context\data\raw\musiccaps\audio\7yK4-hsVX1o_30_40.mp3,ok,10.0
7ym-LzgwSPE,20,30,False,B:\CSE425_Project\gnn-bert-music-context\data\raw\musiccaps\audio\7ym-LzgwSPE_20_30.mp3,ok,10.0
7zP5kNyDn88,30,40,False,B:\CSE425_Project\gnn-bert-music-context\data\raw\musiccaps\audio\7zP5kNyDn88_30_40.mp3,ok,10.0
81SgTHg66QY,30,40,True,B:\CSE425_Project\gnn-bert-music-context\data\raw\musiccaps\audio\81SgTHg66QY_30_40.mp3,ok,10.0
86YDiQjYU1U,40,50,False,B:\CSE425_Project\gnn-bert-music-context\data\raw\musiccaps\audio\86YDiQjYU1U_40_50.mp3,ok,10.0
886Qu4V0km4,110,120,True,B:\CSE425_Project\gnn-bert-music-context\data\raw\musiccaps\audio\886Qu4V0km4_110_120.mp3,ok,10.0
89eBh_Djflw,240,250,False,B:\CSE425_Project\gnn-bert-music-context\data\raw\musiccaps\audio\89eBh_Djflw_240_250.mp3,ok,10.0
8BJljuSm2Aw,30,40,True,B:\CSE425_Project\gnn-bert-music-context\data\raw\musiccaps\audio\8BJljuSm2Aw_30_40.mp3,ok,10.0
8Bu8CkR1xZY,270,280,False,B:\CSE425_Project\gnn-bert-music-context\data\raw\musiccaps\audio\8Bu8CkR1xZY_270_280.mp3,ok,10.0
8CY7G2NrlxY,30,40,True,B:\CSE425_Project\gnn-bert-music-context\data\raw\musiccaps\audio\8CY7G2NrlxY_30_40.mp3,ok,10.0
8DHtPopFvII,80,90,True,B:\CSE425_Project\gnn-bert-music-context\data\raw\musiccaps\audio\8DHtPopFvII_80_90.mp3,ok,10.0
8DQbnR7hwpc,30,40,False,B:\CSE425_Project\gnn-bert-music-context\data\raw\musiccaps\audio\8DQbnR7hwpc_30_40.mp3,ok,10.0
8DTKCAv9ods,280,290,False,B:\CSE425_Project\gnn-bert-music-context\data\raw\musiccaps\audio\8DTKCAv9ods_280_290.mp3,ok,10.0
8FZb_R2UANY,90,100,False,,missing,
8FawGISo8wY,60,70,True,B:\CSE425_Project\gnn-bert-music-context\data\raw\musiccaps\audio\8FawGISo8wY_60_70.mp3,ok,10.0
8GKbDSu9Xd0,30,40,True,B:\CSE425_Project\gnn-bert-music-context\data\raw\musiccaps\audio\8GKbDSu9Xd0_30_40.mp3,ok,10.0
8HHrlxQuZKE,60,70,False,B:\CSE425_Project\gnn-bert-music-context\data\raw\musiccaps\audio\8HHrlxQuZKE_60_70.mp3,ok,10.0
8Ha5qGnT7lg,260,270,True,B:\CSE425_Project\gnn-bert-music-context\data\raw\musiccaps\audio\8Ha5qGnT7lg_260_270.mp3,ok,10.0
8KIoQ2HZ0Hg,10,20,False,B:\CSE425_Project\gnn-bert-music-context\data\raw\musiccaps\audio\8KIoQ2HZ0Hg_10_20.mp3,ok,10.0
8KUV2TFTpGo,410,420,False,B:\CSE425_Project\gnn-bert-music-context\data\raw\musiccaps\audio\8KUV2TFTpGo_410_420.mp3,ok,10.0
8LP_wbFLaJE,30,40,False,B:\CSE425_Project\gnn-bert-music-context\data\raw\musiccaps\audio\8LP_wbFLaJE_30_40.mp3,ok,10.0
8LYWfpPUokc,330,340,False,B:\CSE425_Project\gnn-bert-music-context\data\raw\musiccaps\audio\8LYWfpPUokc_330_340.mp3,ok,10.0
8MF6nFj02sM,80,90,False,B:\CSE425_Project\gnn-bert-music-context\data\raw\musiccaps\audio\8MF6nFj02sM_80_90.mp3,ok,10.0
8MKemM0h5mE,30,40,True,B:\CSE425_Project\gnn-bert-music-context\data\raw\musiccaps\audio\8MKemM0h5mE_30_40.mp3,ok,10.0
8MbxazeMw2E,430,440,False,B:\CSE425_Project\gnn-bert-music-context\data\raw\musiccaps\audio\8MbxazeMw2E_430_440.mp3,ok,10.0
8NIxqHJrL68,30,40,True,B:\CSE425_Project\gnn-bert-music-context\data\raw\musiccaps\audio\8NIxqHJrL68_30_40.mp3,ok,10.0
8Nrp4jUZeGE,270,280,True,B:\CSE425_Project\gnn-bert-music-context\data\raw\musiccaps\audio\8Nrp4jUZeGE_270_280.mp3,ok,10.0
8OsmFmhNjoA,30,40,False,B:\CSE425_Project\gnn-bert-music-context\data\raw\musiccaps\audio\8OsmFmhNjoA_30_40.mp3,ok,10.0
8PcfPX11Hjg,230,240,False,B:\CSE425_Project\gnn-bert-music-context\data\raw\musiccaps\audio\8PcfPX11Hjg_230_240.mp3,ok,10.0
8UhdwnsckJ8,30,40,False,B:\CSE425_Project\gnn-bert-music-context\data\raw\musiccaps\audio\8UhdwnsckJ8_30_40.mp3,ok,10.0
8WPG0dD20lg,540,550,False,B:\CSE425_Project\gnn-bert-music-context\data\raw\musiccaps\audio\8WPG0dD20lg_540_550.mp3,ok,10.0
8WnXfe3ud4E,270,280,True,B:\CSE425_Project\gnn-bert-music-context\data\raw\musiccaps\audio\8WnXfe3ud4E_270_280.mp3,ok,10.0
8XBsesSEbbU,60,70,True,B:\CSE425_Project\gnn-bert-music-context\data\raw\musiccaps\audio\8XBsesSEbbU_60_70.mp3,ok,10.0
8XGXHDMIJw4,150,160,False,B:\CSE425_Project\gnn-bert-music-context\data\raw\musiccaps\audio\8XGXHDMIJw4_150_160.mp3,ok,10.0
8Y0FRjkX9xI,100,110,False,,missing,
8Yt55huZGZc,30,40,False,B:\CSE425_Project\gnn-bert-music-context\data\raw\musiccaps\audio\8Yt55huZGZc_30_40.mp3,ok,10.0
8Z5xnSxUmGE,60,70,False,B:\CSE425_Project\gnn-bert-music-context\data\raw\musiccaps\audio\8Z5xnSxUmGE_60_70.mp3,ok,10.0
8ZK1ajW598M,110,120,False,,missing,
8akqVDDGsNQ,30,40,True,B:\CSE425_Project\gnn-bert-music-context\data\raw\musiccaps\audio\8akqVDDGsNQ_30_40.mp3,ok,10.0
8dE1x--TuF8,10,20,False,B:\CSE425_Project\gnn-bert-music-context\data\raw\musiccaps\audio\8dE1x--TuF8_10_20.mp3,ok,10.0
8fInAz_GICs,0,10,False,B:\CSE425_Project\gnn-bert-music-context\data\raw\musiccaps\audio\8fInAz_GICs_0_10.mp3,ok,10.0
8fibq2VXibw,90,100,False,B:\CSE425_Project\gnn-bert-music-context\data\raw\musiccaps\audio\8fibq2VXibw_90_100.mp3,ok,10.0
8hO1S9VIfPY,380,390,True,B:\CSE425_Project\gnn-bert-music-context\data\raw\musiccaps\audio\8hO1S9VIfPY_380_390.mp3,ok,10.0
8hSmQpOPXJE,50,60,True,B:\CSE425_Project\gnn-bert-music-context\data\raw\musiccaps\audio\8hSmQpOPXJE_50_60.mp3,ok,10.0
8hT2G2ew6-c,30,40,False,,missing,
8iPpgyEh8WM,30,40,True,B:\CSE425_Project\gnn-bert-music-context\data\raw\musiccaps\audio\8iPpgyEh8WM_30_40.mp3,ok,10.0
8jDanS4ZzRc,240,250,True,B:\CSE425_Project\gnn-bert-music-context\data\raw\musiccaps\audio\8jDanS4ZzRc_240_250.mp3,ok,10.0
8kH-dzSBthI,250,260,False,B:\CSE425_Project\gnn-bert-music-context\data\raw\musiccaps\audio\8kH-dzSBthI_250_260.mp3,ok,10.0
8kx5ST65Fog,90,100,False,B:\CSE425_Project\gnn-bert-music-context\data\raw\musiccaps\audio\8kx5ST65Fog_90_100.mp3,ok,10.0
8m-a_6wLTkU,230,240,True,B:\CSE425_Project\gnn-bert-music-context\data\raw\musiccaps\audio\8m-a_6wLTkU_230_240.mp3,ok,10.0
8nJ2MhvhnJ0,30,40,False,B:\CSE425_Project\gnn-bert-music-context\data\raw\musiccaps\audio\8nJ2MhvhnJ0_30_40.mp3,ok,10.0
8ntKBILZ06k,30,40,True,B:\CSE425_Project\gnn-bert-music-context\data\raw\musiccaps\audio\8ntKBILZ06k_30_40.mp3,ok,10.0
8o2UyEYbNmY,90,100,False,B:\CSE425_Project\gnn-bert-music-context\data\raw\musiccaps\audio\8o2UyEYbNmY_90_100.mp3,ok,10.0
8oTTgXIO0-I,90,100,False,B:\CSE425_Project\gnn-bert-music-context\data\raw\musiccaps\audio\8oTTgXIO0-I_90_100.mp3,ok,10.0
8oUI02eK3SM,30,40,False,B:\CSE425_Project\gnn-bert-music-context\data\raw\musiccaps\audio\8oUI02eK3SM_30_40.mp3,ok,10.0
8olHAhUKkuk,200,210,False,,missing,
8pYHLfKqHL4,230,240,True,B:\CSE425_Project\gnn-bert-music-context\data\raw\musiccaps\audio\8pYHLfKqHL4_230_240.mp3,ok,10.0
8pc8fjPIV-Q,30,40,True,B:\CSE425_Project\gnn-bert-music-context\data\raw\musiccaps\audio\8pc8fjPIV-Q_30_40.mp3,ok,10.0
8pit9UV69S8,0,10,False,B:\CSE425_Project\gnn-bert-music-context\data\raw\musiccaps\audio\8pit9UV69S8_0_10.mp3,ok,10.0
8pl1D6oG38k,30,40,False,B:\CSE425_Project\gnn-bert-music-context\data\raw\musiccaps\audio\8pl1D6oG38k_30_40.mp3,ok,10.0
8q0An6WY7_c,10,20,False,B:\CSE425_Project\gnn-bert-music-context\data\raw\musiccaps\audio\8q0An6WY7_c_10_20.mp3,ok,10.0
8qeTEfOqB0A,80,90,False,B:\CSE425_Project\gnn-bert-music-context\data\raw\musiccaps\audio\8qeTEfOqB0A_80_90.mp3,ok,10.0
8r1y_Bz4VfQ,30,40,True,B:\CSE425_Project\gnn-bert-music-context\data\raw\musiccaps\audio\8r1y_Bz4VfQ_30_40.mp3,ok,10.0
8rCYRgePG-4,30,40,True,B:\CSE425_Project\gnn-bert-music-context\data\raw\musiccaps\audio\8rCYRgePG-4_30_40.mp3,ok,10.0
8sSV_vqOlS4,250,260,False,B:\CSE425_Project\gnn-bert-music-context\data\raw\musiccaps\audio\8sSV_vqOlS4_250_260.mp3,ok,10.0
8tY6nioUQIw,220,230,False,B:\CSE425_Project\gnn-bert-music-context\data\raw\musiccaps\audio\8tY6nioUQIw_220_230.mp3,ok,10.0
8vFJX7NcSbI,30,40,True,B:\CSE425_Project\gnn-bert-music-context\data\raw\musiccaps\audio\8vFJX7NcSbI_30_40.mp3,ok,10.0
8wty3wJfmEY,330,340,False,B:\CSE425_Project\gnn-bert-music-context\data\raw\musiccaps\audio\8wty3wJfmEY_330_340.mp3,ok,10.0
8y36aT4C_c0,30,40,False,B:\CSE425_Project\gnn-bert-music-context\data\raw\musiccaps\audio\8y36aT4C_c0_30_40.mp3,ok,10.0
8yiJOImd6k0,30,40,False,B:\CSE425_Project\gnn-bert-music-context\data\raw\musiccaps\audio\8yiJOImd6k0_30_40.mp3,ok,10.0
8ynjAtF5VnA,40,50,True,B:\CSE425_Project\gnn-bert-music-context\data\raw\musiccaps\audio\8ynjAtF5VnA_40_50.mp3,ok,10.0
8zCZzzAaC4I,30,40,True,B:\CSE425_Project\gnn-bert-music-context\data\raw\musiccaps\audio\8zCZzzAaC4I_30_40.mp3,ok,10.0
8zDbEfC6Uf0,30,40,True,B:\CSE425_Project\gnn-bert-music-context\data\raw\musiccaps\audio\8zDbEfC6Uf0_30_40.mp3,ok,10.0
8zGJ9N7c6pE,20,30,False,B:\CSE425_Project\gnn-bert-music-context\data\raw\musiccaps\audio\8zGJ9N7c6pE_20_30.mp3,ok,10.0
8zcogfmAD_o,180,190,False,B:\CSE425_Project\gnn-bert-music-context\data\raw\musiccaps\audio\8zcogfmAD_o_180_190.mp3,ok,10.0
9-R70gSqvrc,30,40,True,B:\CSE425_Project\gnn-bert-music-context\data\raw\musiccaps\audio\9-R70gSqvrc_30_40.mp3,ok,10.0
90NsBZvepy0,30,40,True,B:\CSE425_Project\gnn-bert-music-context\data\raw\musiccaps\audio\90NsBZvepy0_30_40.mp3,ok,10.0
91AmOKytRUM,0,10,False,B:\CSE425_Project\gnn-bert-music-context\data\raw\musiccaps\audio\91AmOKytRUM_0_10.mp3,ok,10.0
91Qp8XUskXo,20,30,False,B:\CSE425_Project\gnn-bert-music-context\data\raw\musiccaps\audio\91Qp8XUskXo_20_30.mp3,ok,10.0
92QYLjfo68Q,30,40,False,B:\CSE425_Project\gnn-bert-music-context\data\raw\musiccaps\audio\92QYLjfo68Q_30_40.mp3,ok,10.0
92k_81uqMSM,70,80,True,B:\CSE425_Project\gnn-bert-music-context\data\raw\musiccaps\audio\92k_81uqMSM_70_80.mp3,ok,10.0
92sRFZvCnWo,30,40,True,B:\CSE425_Project\gnn-bert-music-context\data\raw\musiccaps\audio\92sRFZvCnWo_30_40.mp3,ok,10.0
940MNbCeobw,0,10,False,B:\CSE425_Project\gnn-bert-music-context\data\raw\musiccaps\audio\940MNbCeobw_0_10.mp3,ok,10.0
95ThRxhl-ug,170,180,False,B:\CSE425_Project\gnn-bert-music-context\data\raw\musiccaps\audio\95ThRxhl-ug_170_180.mp3,ok,10.0
98YBS2tdpdU,120,130,False,B:\CSE425_Project\gnn-bert-music-context\data\raw\musiccaps\audio\98YBS2tdpdU_120_130.mp3,ok,10.0
99ZgIQwLC60,20,30,False,B:\CSE425_Project\gnn-bert-music-context\data\raw\musiccaps\audio\99ZgIQwLC60_20_30.mp3,ok,10.0
9A4VNkMdwhk,150,160,True,B:\CSE425_Project\gnn-bert-music-context\data\raw\musiccaps\audio\9A4VNkMdwhk_150_160.mp3,ok,10.0
9A_OmOetiuw,90,100,True,B:\CSE425_Project\gnn-bert-music-context\data\raw\musiccaps\audio\9A_OmOetiuw_90_100.mp3,ok,10.0
9BHvpWP2V9Y,50,60,False,B:\CSE425_Project\gnn-bert-music-context\data\raw\musiccaps\audio\9BHvpWP2V9Y_50_60.mp3,ok,10.0
9CJu43AvIds,30,40,False,B:\CSE425_Project\gnn-bert-music-context\data\raw\musiccaps\audio\9CJu43AvIds_30_40.mp3,ok,10.0
9Cfs00bZRCg,30,40,True,B:\CSE425_Project\gnn-bert-music-context\data\raw\musiccaps\audio\9Cfs00bZRCg_30_40.mp3,ok,10.0
9DCJTAzUwNc,30,40,True,B:\CSE425_Project\gnn-bert-music-context\data\raw\musiccaps\audio\9DCJTAzUwNc_30_40.mp3,ok,10.0
9EUXyEQZqLo,30,40,True,B:\CSE425_Project\gnn-bert-music-context\data\raw\musiccaps\audio\9EUXyEQZqLo_30_40.mp3,ok,10.0
9FLDpfkbxZs,330,340,True,B:\CSE425_Project\gnn-bert-music-context\data\raw\musiccaps\audio\9FLDpfkbxZs_330_340.mp3,ok,10.0
9GRNQKSsbvU,30,40,False,B:\CSE425_Project\gnn-bert-music-context\data\raw\musiccaps\audio\9GRNQKSsbvU_30_40.mp3,ok,10.0
9HQNvz4eZPU,190,200,False,B:\CSE425_Project\gnn-bert-music-context\data\raw\musiccaps\audio\9HQNvz4eZPU_190_200.mp3,ok,10.0
9IdAIIywBfY,30,40,True,B:\CSE425_Project\gnn-bert-music-context\data\raw\musiccaps\audio\9IdAIIywBfY_30_40.mp3,ok,10.0
9Ijpv6e57a4,30,40,True,B:\CSE425_Project\gnn-bert-music-context\data\raw\musiccaps\audio\9Ijpv6e57a4_30_40.mp3,ok,10.0
9InBmD_Miek,280,290,False,B:\CSE425_Project\gnn-bert-music-context\data\raw\musiccaps\audio\9InBmD_Miek_280_290.mp3,ok,10.0
9JeN1ld-3fY,280,290,False,B:\CSE425_Project\gnn-bert-music-context\data\raw\musiccaps\audio\9JeN1ld-3fY_280_290.mp3,ok,10.0
9JlifkCmUOk,290,300,False,B:\CSE425_Project\gnn-bert-music-context\data\raw\musiccaps\audio\9JlifkCmUOk_290_300.mp3,ok,10.0
9K8EePrEDdo,330,340,False,B:\CSE425_Project\gnn-bert-music-context\data\raw\musiccaps\audio\9K8EePrEDdo_330_340.mp3,ok,10.0
9KK6rg03bC8,400,410,False,B:\CSE425_Project\gnn-bert-music-context\data\raw\musiccaps\audio\9KK6rg03bC8_400_410.mp3,ok,10.0
9Kut4r8hswE,30,40,True,B:\CSE425_Project\gnn-bert-music-context\data\raw\musiccaps\audio\9Kut4r8hswE_30_40.mp3,ok,10.0
9L6ePkWtZI4,30,40,True,B:\CSE425_Project\gnn-bert-music-context\data\raw\musiccaps\audio\9L6ePkWtZI4_30_40.mp3,ok,10.0
9Lst8RagMYs,500,510,False,B:\CSE425_Project\gnn-bert-music-context\data\raw\musiccaps\audio\9Lst8RagMYs_500_510.mp3,ok,10.0
9M4IT3lOU10,30,40,True,B:\CSE425_Project\gnn-bert-music-context\data\raw\musiccaps\audio\9M4IT3lOU10_30_40.mp3,ok,10.0
9NJEKpPeWpE,0,10,True,B:\CSE425_Project\gnn-bert-music-context\data\raw\musiccaps\audio\9NJEKpPeWpE_0_10.mp3,ok,10.0
9PMoI31ncIs,30,40,False,B:\CSE425_Project\gnn-bert-music-context\data\raw\musiccaps\audio\9PMoI31ncIs_30_40.mp3,ok,10.0
9PQZSLa_A8A,130,140,False,B:\CSE425_Project\gnn-bert-music-context\data\raw\musiccaps\audio\9PQZSLa_A8A_130_140.mp3,ok,10.0
9QEm6u4bowQ,30,40,True,B:\CSE425_Project\gnn-bert-music-context\data\raw\musiccaps\audio\9QEm6u4bowQ_30_40.mp3,ok,10.0
9QYo50tFm6w,30,40,False,B:\CSE425_Project\gnn-bert-music-context\data\raw\musiccaps\audio\9QYo50tFm6w_30_40.mp3,ok,10.0
9Qd6AdTq3Ls,30,40,True,B:\CSE425_Project\gnn-bert-music-context\data\raw\musiccaps\audio\9Qd6AdTq3Ls_30_40.mp3,ok,10.0
9Qle4fgMbzk,0,10,False,B:\CSE425_Project\gnn-bert-music-context\data\raw\musiccaps\audio\9Qle4fgMbzk_0_10.mp3,ok,10.0
9QwaP-cvdeU,360,370,True,B:\CSE425_Project\gnn-bert-music-context\data\raw\musiccaps\audio\9QwaP-cvdeU_360_370.mp3,ok,10.0
9Rx57dlJtIA,80,90,False,B:\CSE425_Project\gnn-bert-music-context\data\raw\musiccaps\audio\9Rx57dlJtIA_80_90.mp3,ok,10.0
9STauy5DsC8,30,40,True,B:\CSE425_Project\gnn-bert-music-context\data\raw\musiccaps\audio\9STauy5DsC8_30_40.mp3,ok,10.0
9TkW1M_ZRr0,30,40,True,B:\CSE425_Project\gnn-bert-music-context\data\raw\musiccaps\audio\9TkW1M_ZRr0_30_40.mp3,ok,10.0
9Tl2l3bsLpE,60,70,False,B:\CSE425_Project\gnn-bert-music-context\data\raw\musiccaps\audio\9Tl2l3bsLpE_60_70.mp3,ok,10.0
9UCLvFqkFxk,140,150,False,B:\CSE425_Project\gnn-bert-music-context\data\raw\musiccaps\audio\9UCLvFqkFxk_140_150.mp3,ok,10.0
9UD7qz7DuVY,40,50,True,B:\CSE425_Project\gnn-bert-music-context\data\raw\musiccaps\audio\9UD7qz7DuVY_40_50.mp3,ok,10.0
9UOPRQhNzQ8,30,40,False,B:\CSE425_Project\gnn-bert-music-context\data\raw\musiccaps\audio\9UOPRQhNzQ8_30_40.mp3,ok,10.0
9VE1-3q27Qg,20,30,True,B:\CSE425_Project\gnn-bert-music-context\data\raw\musiccaps\audio\9VE1-3q27Qg_20_30.mp3,ok,10.0
9WrIbJC_C7A,30,40,True,B:\CSE425_Project\gnn-bert-music-context\data\raw\musiccaps\audio\9WrIbJC_C7A_30_40.mp3,ok,10.0
9WzzYYWpeyA,130,140,False,B:\CSE425_Project\gnn-bert-music-context\data\raw\musiccaps\audio\9WzzYYWpeyA_130_140.mp3,ok,10.0
9Y8NR6nDxjk,460,470,True,B:\CSE425_Project\gnn-bert-music-context\data\raw\musiccaps\audio\9Y8NR6nDxjk_460_470.mp3,ok,10.0
9YnYlDFKn-U,30,40,False,B:\CSE425_Project\gnn-bert-music-context\data\raw\musiccaps\audio\9YnYlDFKn-U_30_40.mp3,ok,10.0
9Z6Q0X60rmo,180,190,False,B:\CSE425_Project\gnn-bert-music-context\data\raw\musiccaps\audio\9Z6Q0X60rmo_180_190.mp3,ok,10.0
9ZAmdxKLnhs,50,60,True,B:\CSE425_Project\gnn-bert-music-context\data\raw\musiccaps\audio\9ZAmdxKLnhs_50_60.mp3,ok,10.0
9ZUzftiN2uw,10,20,False,B:\CSE425_Project\gnn-bert-music-context\data\raw\musiccaps\audio\9ZUzftiN2uw_10_20.mp3,ok,10.0
9ZWmZdgrE78,80,90,True,B:\CSE425_Project\gnn-bert-music-context\data\raw\musiccaps\audio\9ZWmZdgrE78_80_90.mp3,ok,10.0
9ZeoYezrI7Q,60,70,True,,missing,
9ZilD_4pi7E,0,10,True,B:\CSE425_Project\gnn-bert-music-context\data\raw\musiccaps\audio\9ZilD_4pi7E_0_10.mp3,ok,10.0
9ZinCW4jTeE,30,40,True,B:\CSE425_Project\gnn-bert-music-context\data\raw\musiccaps\audio\9ZinCW4jTeE_30_40.mp3,ok,10.0
9ZryMX2UtAo,20,30,True,B:\CSE425_Project\gnn-bert-music-context\data\raw\musiccaps\audio\9ZryMX2UtAo_20_30.mp3,ok,10.0
9aE33JEIGOg,30,40,True,B:\CSE425_Project\gnn-bert-music-context\data\raw\musiccaps\audio\9aE33JEIGOg_30_40.mp3,ok,10.0
9cojCCMSABc,30,40,False,B:\CSE425_Project\gnn-bert-music-context\data\raw\musiccaps\audio\9cojCCMSABc_30_40.mp3,ok,10.0
9dBWFEpcJIo,30,40,True,B:\CSE425_Project\gnn-bert-music-context\data\raw\musiccaps\audio\9dBWFEpcJIo_30_40.mp3,ok,10.0
9dx9IhSqwC4,30,40,False,B:\CSE425_Project\gnn-bert-music-context\data\raw\musiccaps\audio\9dx9IhSqwC4_30_40.mp3,ok,10.0
9gCeNCnWZhE,30,40,True,B:\CSE425_Project\gnn-bert-music-context\data\raw\musiccaps\audio\9gCeNCnWZhE_30_40.mp3,ok,10.0
9gSOOPDuD4Y,180,190,False,B:\CSE425_Project\gnn-bert-music-context\data\raw\musiccaps\audio\9gSOOPDuD4Y_180_190.mp3,ok,10.0
9gkppwB5CXA,30,40,True,B:\CSE425_Project\gnn-bert-music-context\data\raw\musiccaps\audio\9gkppwB5CXA_30_40.mp3,ok,10.0
9hCnEfZFZ04,30,40,False,B:\CSE425_Project\gnn-bert-music-context\data\raw\musiccaps\audio\9hCnEfZFZ04_30_40.mp3,ok,10.0
9iYxf1hS4Yk,460,470,True,B:\CSE425_Project\gnn-bert-music-context\data\raw\musiccaps\audio\9iYxf1hS4Yk_460_470.mp3,ok,10.0
9jeEfi6nDak,30,40,True,B:\CSE425_Project\gnn-bert-music-context\data\raw\musiccaps\audio\9jeEfi6nDak_30_40.mp3,ok,10.0
9kt7rsziUVQ,140,150,False,B:\CSE425_Project\gnn-bert-music-context\data\raw\musiccaps\audio\9kt7rsziUVQ_140_150.mp3,ok,10.0
9m0tNvskmTc,400,410,False,B:\CSE425_Project\gnn-bert-music-context\data\raw\musiccaps\audio\9m0tNvskmTc_400_410.mp3,ok,10.0
9mIDP_OT1uM,30,40,True,B:\CSE425_Project\gnn-bert-music-context\data\raw\musiccaps\audio\9mIDP_OT1uM_30_40.mp3,ok,10.0
9mqA4YdX444,160,170,False,B:\CSE425_Project\gnn-bert-music-context\data\raw\musiccaps\audio\9mqA4YdX444_160_170.mp3,ok,10.0
9nVpyqfyBSE,0,10,False,B:\CSE425_Project\gnn-bert-music-context\data\raw\musiccaps\audio\9nVpyqfyBSE_0_10.mp3,ok,10.0
9ogEGxsJcSY,30,40,False,B:\CSE425_Project\gnn-bert-music-context\data\raw\musiccaps\audio\9ogEGxsJcSY_30_40.mp3,ok,10.0
9ohu45KlgYA,120,130,False,B:\CSE425_Project\gnn-bert-music-context\data\raw\musiccaps\audio\9ohu45KlgYA_120_130.mp3,ok,10.0
9oiSwXk8Nsk,590,600,False,B:\CSE425_Project\gnn-bert-music-context\data\raw\musiccaps\audio\9oiSwXk8Nsk_590_600.mp3,ok,10.0
9r01cpNx2vk,10,20,True,B:\CSE425_Project\gnn-bert-music-context\data\raw\musiccaps\audio\9r01cpNx2vk_10_20.mp3,ok,10.0
9rgB0wKU1-g,380,390,False,B:\CSE425_Project\gnn-bert-music-context\data\raw\musiccaps\audio\9rgB0wKU1-g_380_390.mp3,ok,10.0
9uToez74x_M,30,40,False,B:\CSE425_Project\gnn-bert-music-context\data\raw\musiccaps\audio\9uToez74x_M_30_40.mp3,ok,10.0
9vbsI9xFuo8,120,130,True,B:\CSE425_Project\gnn-bert-music-context\data\raw\musiccaps\audio\9vbsI9xFuo8_120_130.mp3,ok,10.0
9x7jWb4lE7c,220,230,False,B:\CSE425_Project\gnn-bert-music-context\data\raw\musiccaps\audio\9x7jWb4lE7c_220_230.mp3,ok,10.0
9xV0nmojVeg,30,40,True,B:\CSE425_Project\gnn-bert-music-context\data\raw\musiccaps\audio\9xV0nmojVeg_30_40.mp3,ok,10.0
9z4YXc9rjTo,30,40,True,B:\CSE425_Project\gnn-bert-music-context\data\raw\musiccaps\audio\9z4YXc9rjTo_30_40.mp3,ok,10.0
9zW-E0XdWdw,160,170,True,B:\CSE425_Project\gnn-bert-music-context\data\raw\musiccaps\audio\9zW-E0XdWdw_160_170.mp3,ok,10.0
9ziKfjHWqZ0,40,50,False,B:\CSE425_Project\gnn-bert-music-context\data\raw\musiccaps\audio\9ziKfjHWqZ0_40_50.mp3,ok,10.0
9zmQwBUFwd4,0,10,False,B:\CSE425_Project\gnn-bert-music-context\data\raw\musiccaps\audio\9zmQwBUFwd4_0_10.mp3,ok,10.0
A-7dmBdsFXc,70,80,False,B:\CSE425_Project\gnn-bert-music-context\data\raw\musiccaps\audio\A-7dmBdsFXc_70_80.mp3,ok,10.0
A-oSBMP-Zy4,30,40,True,B:\CSE425_Project\gnn-bert-music-context\data\raw\musiccaps\audio\A-oSBMP-Zy4_30_40.mp3,ok,10.0
A0XXmVts1y0,30,40,True,B:\CSE425_Project\gnn-bert-music-context\data\raw\musiccaps\audio\A0XXmVts1y0_30_40.mp3,ok,10.0
A2NtJ12KIuU,30,40,True,B:\CSE425_Project\gnn-bert-music-context\data\raw\musiccaps\audio\A2NtJ12KIuU_30_40.mp3,ok,10.0
A2WdjyKQ57A,130,140,False,B:\CSE425_Project\gnn-bert-music-context\data\raw\musiccaps\audio\A2WdjyKQ57A_130_140.mp3,ok,10.0
A2bI-MIIJfU,30,40,False,,missing,
A2pgKzeDRqg,80,90,False,B:\CSE425_Project\gnn-bert-music-context\data\raw\musiccaps\audio\A2pgKzeDRqg_80_90.mp3,ok,10.0
A3vsvL-Yx0Q,30,40,False,B:\CSE425_Project\gnn-bert-music-context\data\raw\musiccaps\audio\A3vsvL-Yx0Q_30_40.mp3,ok,10.0
A446kjocnCg,10,20,False,B:\CSE425_Project\gnn-bert-music-context\data\raw\musiccaps\audio\A446kjocnCg_10_20.mp3,ok,10.0
A4jSRfZ6yd0,440,450,True,B:\CSE425_Project\gnn-bert-music-context\data\raw\musiccaps\audio\A4jSRfZ6yd0_440_450.mp3,ok,10.0
A4vwbziwPm8,30,40,True,B:\CSE425_Project\gnn-bert-music-context\data\raw\musiccaps\audio\A4vwbziwPm8_30_40.mp3,ok,10.0
A5fPSkTvjmY,70,80,False,B:\CSE425_Project\gnn-bert-music-context\data\raw\musiccaps\audio\A5fPSkTvjmY_70_80.mp3,ok,10.0
A6HJBIU1rD0,40,50,False,B:\CSE425_Project\gnn-bert-music-context\data\raw\musiccaps\audio\A6HJBIU1rD0_40_50.mp3,ok,10.0
A6ilKRqIDH4,30,40,True,B:\CSE425_Project\gnn-bert-music-context\data\raw\musiccaps\audio\A6ilKRqIDH4_30_40.mp3,ok,10.0
A7RgbrJYe_s,10,20,True,B:\CSE425_Project\gnn-bert-music-context\data\raw\musiccaps\audio\A7RgbrJYe_s_10_20.mp3,ok,10.0
A8CJ4YSsUgs,200,210,False,B:\CSE425_Project\gnn-bert-music-context\data\raw\musiccaps\audio\A8CJ4YSsUgs_200_210.mp3,ok,10.0
A8P5zzHCjJw,30,40,False,B:\CSE425_Project\gnn-bert-music-context\data\raw\musiccaps\audio\A8P5zzHCjJw_30_40.mp3,ok,10.0
A8b-0yWXBCE,30,40,True,B:\CSE425_Project\gnn-bert-music-context\data\raw\musiccaps\audio\A8b-0yWXBCE_30_40.mp3,ok,10.0
A9ECxUIqw6s,30,40,True,B:\CSE425_Project\gnn-bert-music-context\data\raw\musiccaps\audio\A9ECxUIqw6s_30_40.mp3,ok,10.0
AAFsg91kje4,30,40,False,B:\CSE425_Project\gnn-bert-music-context\data\raw\musiccaps\audio\AAFsg91kje4_30_40.mp3,ok,10.0
AAP5pAB-4jM,0,10,True,B:\CSE425_Project\gnn-bert-music-context\data\raw\musiccaps\audio\AAP5pAB-4jM_0_10.mp3,ok,10.0
AAWe4zRLVVU,30,40,True,B:\CSE425_Project\gnn-bert-music-context\data\raw\musiccaps\audio\AAWe4zRLVVU_30_40.mp3,ok,10.0
AAoqx07aTRI,20,30,True,B:\CSE425_Project\gnn-bert-music-context\data\raw\musiccaps\audio\AAoqx07aTRI_20_30.mp3,ok,10.0
ABSLnckbB8w,30,40,True,B:\CSE425_Project\gnn-bert-music-context\data\raw\musiccaps\audio\ABSLnckbB8w_30_40.mp3,ok,10.0
ABVYSaLu_VM,10,20,False,B:\CSE425_Project\gnn-bert-music-context\data\raw\musiccaps\audio\ABVYSaLu_VM_10_20.mp3,ok,10.0
ABWE9tjTvuI,130,140,False,B:\CSE425_Project\gnn-bert-music-context\data\raw\musiccaps\audio\ABWE9tjTvuI_130_140.mp3,ok,10.0
ABr4Q_ecoPw,160,170,True,B:\CSE425_Project\gnn-bert-music-context\data\raw\musiccaps\audio\ABr4Q_ecoPw_160_170.mp3,ok,10.0
AD3aI9avJ8Q,30,40,True,B:\CSE425_Project\gnn-bert-music-context\data\raw\musiccaps\audio\AD3aI9avJ8Q_30_40.mp3,ok,10.0
AD5Tc2TDCmM,30,40,False,B:\CSE425_Project\gnn-bert-music-context\data\raw\musiccaps\audio\AD5Tc2TDCmM_30_40.mp3,ok,10.0
ADPSmeFofpo,30,40,True,B:\CSE425_Project\gnn-bert-music-context\data\raw\musiccaps\audio\ADPSmeFofpo_30_40.mp3,ok,10.0
ADffHhHMtjU,30,40,True,B:\CSE425_Project\gnn-bert-music-context\data\raw\musiccaps\audio\ADffHhHMtjU_30_40.mp3,ok,10.0
ADxuhHNZVCc,30,40,True,B:\CSE425_Project\gnn-bert-music-context\data\raw\musiccaps\audio\ADxuhHNZVCc_30_40.mp3,ok,10.0
AElgGuUSSKE,30,40,True,B:\CSE425_Project\gnn-bert-music-context\data\raw\musiccaps\audio\AElgGuUSSKE_30_40.mp3,ok,10.0
AEwkS57P4eE,30,40,True,B:\CSE425_Project\gnn-bert-music-context\data\raw\musiccaps\audio\AEwkS57P4eE_30_40.mp3,ok,10.0
AEyeITzfPa0,30,40,True,B:\CSE425_Project\gnn-bert-music-context\data\raw\musiccaps\audio\AEyeITzfPa0_30_40.mp3,ok,10.0
AF7sah5a_DE,30,40,True,B:\CSE425_Project\gnn-bert-music-context\data\raw\musiccaps\audio\AF7sah5a_DE_30_40.mp3,ok,10.0
AFWy1qyyMHE,30,40,False,,missing,
AFwmMFq_xlc,390,400,True,B:\CSE425_Project\gnn-bert-music-context\data\raw\musiccaps\audio\AFwmMFq_xlc_390_400.mp3,ok,10.0
AFwtBviVhhM,30,40,True,B:\CSE425_Project\gnn-bert-music-context\data\raw\musiccaps\audio\AFwtBviVhhM_30_40.mp3,ok,10.0
AGNqX_OL-dU,60,70,True,B:\CSE425_Project\gnn-bert-music-context\data\raw\musiccaps\audio\AGNqX_OL-dU_60_70.mp3,ok,10.0
AGsMCWB1tTk,30,40,True,B:\CSE425_Project\gnn-bert-music-context\data\raw\musiccaps\audio\AGsMCWB1tTk_30_40.mp3,ok,10.0
AH6Xnyj6Ykc,30,40,False,B:\CSE425_Project\gnn-bert-music-context\data\raw\musiccaps\audio\AH6Xnyj6Ykc_30_40.mp3,ok,10.0
AHmcuClSTL4,100,110,False,B:\CSE425_Project\gnn-bert-music-context\data\raw\musiccaps\audio\AHmcuClSTL4_100_110.mp3,ok,10.0
AHrUfa2H_5s,30,40,True,B:\CSE425_Project\gnn-bert-music-context\data\raw\musiccaps\audio\AHrUfa2H_5s_30_40.mp3,ok,10.0
AI9P6HoiJy8,30,40,False,B:\CSE425_Project\gnn-bert-music-context\data\raw\musiccaps\audio\AI9P6HoiJy8_30_40.mp3,ok,10.0
AJROvxlmo40,570,580,False,B:\CSE425_Project\gnn-bert-music-context\data\raw\musiccaps\audio\AJROvxlmo40_570_580.mp3,ok,10.0
AJTU5RhF3S4,550,560,False,B:\CSE425_Project\gnn-bert-music-context\data\raw\musiccaps\audio\AJTU5RhF3S4_550_560.mp3,ok,10.0
AJeRSlZuZbk,30,40,True,B:\CSE425_Project\gnn-bert-music-context\data\raw\musiccaps\audio\AJeRSlZuZbk_30_40.mp3,ok,10.0
AJj6GGLaIfI,30,40,True,B:\CSE425_Project\gnn-bert-music-context\data\raw\musiccaps\audio\AJj6GGLaIfI_30_40.mp3,ok,10.0
AJw-x30L46E,80,90,True,B:\CSE425_Project\gnn-bert-music-context\data\raw\musiccaps\audio\AJw-x30L46E_80_90.mp3,ok,10.0
AKI0VrXEDww,190,200,True,B:\CSE425_Project\gnn-bert-music-context\data\raw\musiccaps\audio\AKI0VrXEDww_190_200.mp3,ok,10.0
ALU-1AILj1c,220,230,True,B:\CSE425_Project\gnn-bert-music-context\data\raw\musiccaps\audio\ALU-1AILj1c_220_230.mp3,ok,10.0
ALVS3Q_jNaU,30,40,True,B:\CSE425_Project\gnn-bert-music-context\data\raw\musiccaps\audio\ALVS3Q_jNaU_30_40.mp3,ok,10.0
ALcCb2HJmG8,70,80,True,B:\CSE425_Project\gnn-bert-music-context\data\raw\musiccaps\audio\ALcCb2HJmG8_70_80.mp3,ok,10.0
ANaaOqwO0Uo,30,40,False,B:\CSE425_Project\gnn-bert-music-context\data\raw\musiccaps\audio\ANaaOqwO0Uo_30_40.mp3,ok,10.0
AOgbZUl0y0A,30,40,False,B:\CSE425_Project\gnn-bert-music-context\data\raw\musiccaps\audio\AOgbZUl0y0A_30_40.mp3,ok,10.0
APSbmhJam74,30,40,False,B:\CSE425_Project\gnn-bert-music-context\data\raw\musiccaps\audio\APSbmhJam74_30_40.mp3,ok,10.0
APTh9uhf7WQ,30,40,True,B:\CSE425_Project\gnn-bert-music-context\data\raw\musiccaps\audio\APTh9uhf7WQ_30_40.mp3,ok,10.0
APUDprnfOIs,70,80,True,B:\CSE425_Project\gnn-bert-music-context\data\raw\musiccaps\audio\APUDprnfOIs_70_80.mp3,ok,10.0
ARXTRdKCupM,30,40,False,B:\CSE425_Project\gnn-bert-music-context\data\raw\musiccaps\audio\ARXTRdKCupM_30_40.mp3,ok,10.0
ASgLbz48BaY,30,40,False,B:\CSE425_Project\gnn-bert-music-context\data\raw\musiccaps\audio\ASgLbz48BaY_30_40.mp3,ok,10.0
ATDi-irUEWc,30,40,False,B:\CSE425_Project\gnn-bert-music-context\data\raw\musiccaps\audio\ATDi-irUEWc_30_40.mp3,ok,10.0
AT_076RUWPs,30,40,False,B:\CSE425_Project\gnn-bert-music-context\data\raw\musiccaps\audio\AT_076RUWPs_30_40.mp3,ok,10.0
AU1l1i0H0j0,30,40,True,B:\CSE425_Project\gnn-bert-music-context\data\raw\musiccaps\audio\AU1l1i0H0j0_30_40.mp3,ok,10.0
AUNK8dJzjLo,30,40,False,B:\CSE425_Project\gnn-bert-music-context\data\raw\musiccaps\audio\AUNK8dJzjLo_30_40.mp3,ok,10.0
AUPmWhim37Y,30,40,False,B:\CSE425_Project\gnn-bert-music-context\data\raw\musiccaps\audio\AUPmWhim37Y_30_40.mp3,ok,10.0
AUs5OVYg078,30,40,True,B:\CSE425_Project\gnn-bert-music-context\data\raw\musiccaps\audio\AUs5OVYg078_30_40.mp3,ok,10.0
AVG-Wmdd2yU,30,40,True,B:\CSE425_Project\gnn-bert-music-context\data\raw\musiccaps\audio\AVG-Wmdd2yU_30_40.mp3,ok,10.0
AVJ-NxMmF6E,30,40,True,B:\CSE425_Project\gnn-bert-music-context\data\raw\musiccaps\audio\AVJ-NxMmF6E_30_40.mp3,ok,10.0
AVPm96vrUQw,30,40,True,B:\CSE425_Project\gnn-bert-music-context\data\raw\musiccaps\audio\AVPm96vrUQw_30_40.mp3,ok,10.0
AVVfOYSmexM,30,40,False,B:\CSE425_Project\gnn-bert-music-context\data\raw\musiccaps\audio\AVVfOYSmexM_30_40.mp3,ok,10.0
AVmJF1uaRuE,30,40,True,B:\CSE425_Project\gnn-bert-music-context\data\raw\musiccaps\audio\AVmJF1uaRuE_30_40.mp3,ok,10.0
AVogdV8khxc,30,40,False,B:\CSE425_Project\gnn-bert-music-context\data\raw\musiccaps\audio\AVogdV8khxc_30_40.mp3,ok,10.0
AVsNJgR_K6w,30,40,False,B:\CSE425_Project\gnn-bert-music-context\data\raw\musiccaps\audio\AVsNJgR_K6w_30_40.mp3,ok,10.0
AVuh8-CucrE,30,40,True,B:\CSE425_Project\gnn-bert-music-context\data\raw\musiccaps\audio\AVuh8-CucrE_30_40.mp3,ok,10.0
AYOlvoM5bjY,60,70,True,B:\CSE425_Project\gnn-bert-music-context\data\raw\musiccaps\audio\AYOlvoM5bjY_60_70.mp3,ok,10.0
AY_yCk4eTTI,60,70,False,B:\CSE425_Project\gnn-bert-music-context\data\raw\musiccaps\audio\AY_yCk4eTTI_60_70.mp3,ok,10.0
AYln23c8g6w,30,40,True,B:\CSE425_Project\gnn-bert-music-context\data\raw\musiccaps\audio\AYln23c8g6w_30_40.mp3,ok,10.0
AZsupJ68Hp0,30,40,True,B:\CSE425_Project\gnn-bert-music-context\data\raw\musiccaps\audio\AZsupJ68Hp0_30_40.mp3,ok,10.0
A_NkQM85g6Q,30,40,False,B:\CSE425_Project\gnn-bert-music-context\data\raw\musiccaps\audio\A_NkQM85g6Q_30_40.mp3,ok,10.0
A_Yd5huF2Pg,30,40,False,B:\CSE425_Project\gnn-bert-music-context\data\raw\musiccaps\audio\A_Yd5huF2Pg_30_40.mp3,ok,10.0
A_oaLt-n4fQ,220,230,True,B:\CSE425_Project\gnn-bert-music-context\data\raw\musiccaps\audio\A_oaLt-n4fQ_220_230.mp3,ok,10.0
AaUZb-iRStE,80,90,False,,missing,
AaVUuKl8294,30,40,False,B:\CSE425_Project\gnn-bert-music-context\data\raw\musiccaps\audio\AaVUuKl8294_30_40.mp3,ok,10.0
AaajkQEU3A0,130,140,False,B:\CSE425_Project\gnn-bert-music-context\data\raw\musiccaps\audio\AaajkQEU3A0_130_140.mp3,ok,10.0
AagemOzvoZE,30,40,False,B:\CSE425_Project\gnn-bert-music-context\data\raw\musiccaps\audio\AagemOzvoZE_30_40.mp3,ok,10.0
Aak-VLHtFPM,70,80,False,B:\CSE425_Project\gnn-bert-music-context\data\raw\musiccaps\audio\Aak-VLHtFPM_70_80.mp3,ok,10.0
AareFwTIg1s,90,100,False,B:\CSE425_Project\gnn-bert-music-context\data\raw\musiccaps\audio\AareFwTIg1s_90_100.mp3,ok,10.0
Ac4M-EkdkDs,220,230,True,B:\CSE425_Project\gnn-bert-music-context\data\raw\musiccaps\audio\Ac4M-EkdkDs_220_230.mp3,ok,10.0
AcX1B_Pr-RQ,30,40,True,B:\CSE425_Project\gnn-bert-music-context\data\raw\musiccaps\audio\AcX1B_Pr-RQ_30_40.mp3,ok,10.0
AcX6rAwFTiY,260,270,True,B:\CSE425_Project\gnn-bert-music-context\data\raw\musiccaps\audio\AcX6rAwFTiY_260_270.mp3,ok,10.0
Ade0UZnb6dw,30,40,False,B:\CSE425_Project\gnn-bert-music-context\data\raw\musiccaps\audio\Ade0UZnb6dw_30_40.mp3,ok,10.0
AdxKsUW2mAo,30,40,True,B:\CSE425_Project\gnn-bert-music-context\data\raw\musiccaps\audio\AdxKsUW2mAo_30_40.mp3,ok,10.0
Ae8o_FMI0Xs,30,40,True,B:\CSE425_Project\gnn-bert-music-context\data\raw\musiccaps\audio\Ae8o_FMI0Xs_30_40.mp3,ok,10.0
AeDNy6Ff7VE,30,40,True,B:\CSE425_Project\gnn-bert-music-context\data\raw\musiccaps\audio\AeDNy6Ff7VE_30_40.mp3,ok,10.0
AeXDtbfpQlQ,30,40,True,B:\CSE425_Project\gnn-bert-music-context\data\raw\musiccaps\audio\AeXDtbfpQlQ_30_40.mp3,ok,10.0
AgCSBCsHkMk,60,70,True,B:\CSE425_Project\gnn-bert-music-context\data\raw\musiccaps\audio\AgCSBCsHkMk_60_70.mp3,ok,10.0
AgJH6Ul1EFg,130,140,False,B:\CSE425_Project\gnn-bert-music-context\data\raw\musiccaps\audio\AgJH6Ul1EFg_130_140.mp3,ok,10.0
AgVUGzrzJ20,320,330,True,B:\CSE425_Project\gnn-bert-music-context\data\raw\musiccaps\audio\AgVUGzrzJ20_320_330.mp3,ok,10.0
AgtY6m-b3Gk,30,40,True,B:\CSE425_Project\gnn-bert-music-context\data\raw\musiccaps\audio\AgtY6m-b3Gk_30_40.mp3,ok,10.0
Ah_aYOGnQ_I,30,40,True,,missing,
AiGGDpbgp6I,140,150,False,B:\CSE425_Project\gnn-bert-music-context\data\raw\musiccaps\audio\AiGGDpbgp6I_140_150.mp3,ok,10.0
Ail32Z1T4QM,30,40,True,B:\CSE425_Project\gnn-bert-music-context\data\raw\musiccaps\audio\Ail32Z1T4QM_30_40.mp3,ok,10.0
AjLX_1rBDPM,30,40,True,B:\CSE425_Project\gnn-bert-music-context\data\raw\musiccaps\audio\AjLX_1rBDPM_30_40.mp3,ok,10.0
AjLuenrAsbE,30,40,True,B:\CSE425_Project\gnn-bert-music-context\data\raw\musiccaps\audio\AjLuenrAsbE_30_40.mp3,ok,10.0
AjjQqd0eLzw,30,40,True,B:\CSE425_Project\gnn-bert-music-context\data\raw\musiccaps\audio\AjjQqd0eLzw_30_40.mp3,ok,10.0
AkHaDKuiE_s,60,70,False,B:\CSE425_Project\gnn-bert-music-context\data\raw\musiccaps\audio\AkHaDKuiE_s_60_70.mp3,ok,10.0
AkbCw7oVkw0,30,40,False,B:\CSE425_Project\gnn-bert-music-context\data\raw\musiccaps\audio\AkbCw7oVkw0_30_40.mp3,ok,10.0
Akg1n9IWSrw,0,10,False,B:\CSE425_Project\gnn-bert-music-context\data\raw\musiccaps\audio\Akg1n9IWSrw_0_10.mp3,ok,10.0
Aky0DF507fw,170,180,True,B:\CSE425_Project\gnn-bert-music-context\data\raw\musiccaps\audio\Aky0DF507fw_170_180.mp3,ok,10.0
AlVr7-ntuqw,30,40,False,B:\CSE425_Project\gnn-bert-music-context\data\raw\musiccaps\audio\AlVr7-ntuqw_30_40.mp3,ok,10.0
Al_OdIuqoe0,30,40,True,B:\CSE425_Project\gnn-bert-music-context\data\raw\musiccaps\audio\Al_OdIuqoe0_30_40.mp3,ok,10.0
AmAThmRphk0,30,40,True,B:\CSE425_Project\gnn-bert-music-context\data\raw\musiccaps\audio\AmAThmRphk0_30_40.mp3,ok,10.0
An-4jPvUT14,60,70,True,B:\CSE425_Project\gnn-bert-music-context\data\raw\musiccaps\audio\An-4jPvUT14_60_70.mp3,ok,10.0
AnErEDywInE,30,40,True,B:\CSE425_Project\gnn-bert-music-context\data\raw\musiccaps\audio\AnErEDywInE_30_40.mp3,ok,10.0
AnMR6SOBa9k,30,40,True,B:\CSE425_Project\gnn-bert-music-context\data\raw\musiccaps\audio\AnMR6SOBa9k_30_40.mp3,ok,10.0
AobHGHJSd-s,190,200,True,B:\CSE425_Project\gnn-bert-music-context\data\raw\musiccaps\audio\AobHGHJSd-s_190_200.mp3,ok,10.0
ApDJYsi9UGg,30,40,False,B:\CSE425_Project\gnn-bert-music-context\data\raw\musiccaps\audio\ApDJYsi9UGg_30_40.mp3,ok,10.0
AqSV_WKZxEc,30,40,False,B:\CSE425_Project\gnn-bert-music-context\data\raw\musiccaps\audio\AqSV_WKZxEc_30_40.mp3,ok,10.0
Aro-HcWNsHI,30,40,False,B:\CSE425_Project\gnn-bert-music-context\data\raw\musiccaps\audio\Aro-HcWNsHI_30_40.mp3,ok,10.0
Arqvnp6yUCg,30,40,True,B:\CSE425_Project\gnn-bert-music-context\data\raw\musiccaps\audio\Arqvnp6yUCg_30_40.mp3,ok,10.0
AsR5us-IS00,30,40,True,B:\CSE425_Project\gnn-bert-music-context\data\raw\musiccaps\audio\AsR5us-IS00_30_40.mp3,ok,10.0
At5v5ZZQHmw,30,40,True,B:\CSE425_Project\gnn-bert-music-context\data\raw\musiccaps\audio\At5v5ZZQHmw_30_40.mp3,ok,10.0
AtJ2RXQ98kY,30,40,False,,missing,
AtWf5OAE8aM,30,40,False,B:\CSE425_Project\gnn-bert-music-context\data\raw\musiccaps\audio\AtWf5OAE8aM_30_40.mp3,ok,10.0
AuG9i5cwGW0,230,240,False,B:\CSE425_Project\gnn-bert-music-context\data\raw\musiccaps\audio\AuG9i5cwGW0_230_240.mp3,ok,10.0
AuZNuyR2OJs,30,40,True,B:\CSE425_Project\gnn-bert-music-context\data\raw\musiccaps\audio\AuZNuyR2OJs_30_40.mp3,ok,10.0
AuvFmMpgj70,30,40,True,B:\CSE425_Project\gnn-bert-music-context\data\raw\musiccaps\audio\AuvFmMpgj70_30_40.mp3,ok,10.0
AuwwPMrH5sE,170,180,False,B:\CSE425_Project\gnn-bert-music-context\data\raw\musiccaps\audio\AuwwPMrH5sE_170_180.mp3,ok,10.0
Aw2ctwyhe28,120,130,False,B:\CSE425_Project\gnn-bert-music-context\data\raw\musiccaps\audio\Aw2ctwyhe28_120_130.mp3,ok,10.0
AwcuLXAPFDs,30,40,False,B:\CSE425_Project\gnn-bert-music-context\data\raw\musiccaps\audio\AwcuLXAPFDs_30_40.mp3,ok,10.0
AzGtPHlrlzU,70,80,False,B:\CSE425_Project\gnn-bert-music-context\data\raw\musiccaps\audio\AzGtPHlrlzU_70_80.mp3,ok,10.0
AzWIKyRnhG8,30,40,True,B:\CSE425_Project\gnn-bert-music-context\data\raw\musiccaps\audio\AzWIKyRnhG8_30_40.mp3,ok,10.0
AzhfZ8rNhRk,30,40,True,B:\CSE425_Project\gnn-bert-music-context\data\raw\musiccaps\audio\AzhfZ8rNhRk_30_40.mp3,ok,10.0
AzsBSUmhl1M,30,40,True,B:\CSE425_Project\gnn-bert-music-context\data\raw\musiccaps\audio\AzsBSUmhl1M_30_40.mp3,ok,10.0
B-1QW7g81gA,30,40,True,B:\CSE425_Project\gnn-bert-music-context\data\raw\musiccaps\audio\B-1QW7g81gA_30_40.mp3,ok,10.0
B00nfVc4FPI,30,40,True,B:\CSE425_Project\gnn-bert-music-context\data\raw\musiccaps\audio\B00nfVc4FPI_30_40.mp3,ok,10.0
B1beLwV4yzw,30,40,True,B:\CSE425_Project\gnn-bert-music-context\data\raw\musiccaps\audio\B1beLwV4yzw_30_40.mp3,ok,10.0
B1ixRtiUJ-U,30,40,False,B:\CSE425_Project\gnn-bert-music-context\data\raw\musiccaps\audio\B1ixRtiUJ-U_30_40.mp3,ok,10.0
B1vY7kxQ9Xg,0,10,True,B:\CSE425_Project\gnn-bert-music-context\data\raw\musiccaps\audio\B1vY7kxQ9Xg_0_10.mp3,ok,10.0
B1va1NqaA4o,30,40,True,B:\CSE425_Project\gnn-bert-music-context\data\raw\musiccaps\audio\B1va1NqaA4o_30_40.mp3,ok,10.0
B2yLFcmZ51I,100,110,False,B:\CSE425_Project\gnn-bert-music-context\data\raw\musiccaps\audio\B2yLFcmZ51I_100_110.mp3,ok,10.0
B32m9Jqqrpo,30,40,True,B:\CSE425_Project\gnn-bert-music-context\data\raw\musiccaps\audio\B32m9Jqqrpo_30_40.mp3,ok,10.0
B3WaJ_3M0vw,30,40,False,B:\CSE425_Project\gnn-bert-music-context\data\raw\musiccaps\audio\B3WaJ_3M0vw_30_40.mp3,ok,10.0
B3lq6U4PDZo,30,40,True,B:\CSE425_Project\gnn-bert-music-context\data\raw\musiccaps\audio\B3lq6U4PDZo_30_40.mp3,ok,10.0
B3q2wHpzhoM,110,120,True,B:\CSE425_Project\gnn-bert-music-context\data\raw\musiccaps\audio\B3q2wHpzhoM_110_120.mp3,ok,10.0
B41tuPoJ61c,30,40,True,B:\CSE425_Project\gnn-bert-music-context\data\raw\musiccaps\audio\B41tuPoJ61c_30_40.mp3,ok,10.0
B496Qv0CuOQ,30,40,True,B:\CSE425_Project\gnn-bert-music-context\data\raw\musiccaps\audio\B496Qv0CuOQ_30_40.mp3,ok,10.0
B4KIQtk7fT4,230,240,False,B:\CSE425_Project\gnn-bert-music-context\data\raw\musiccaps\audio\B4KIQtk7fT4_230_240.mp3,ok,10.0
B4lGhVjoMTk,210,220,False,B:\CSE425_Project\gnn-bert-music-context\data\raw\musiccaps\audio\B4lGhVjoMTk_210_220.mp3,ok,10.0
B5XTBvnpwqU,20,30,False,B:\CSE425_Project\gnn-bert-music-context\data\raw\musiccaps\audio\B5XTBvnpwqU_20_30.mp3,ok,10.0
B7V_grbxflg,30,40,True,B:\CSE425_Project\gnn-bert-music-context\data\raw\musiccaps\audio\B7V_grbxflg_30_40.mp3,ok,10.0
B7iRvj8y9aU,30,40,True,,missing,
B8pesuUc8Ek,30,40,True,B:\CSE425_Project\gnn-bert-music-context\data\raw\musiccaps\audio\B8pesuUc8Ek_30_40.mp3,ok,10.0
B90BOtSOD2Q,410,420,True,B:\CSE425_Project\gnn-bert-music-context\data\raw\musiccaps\audio\B90BOtSOD2Q_410_420.mp3,ok,10.0
B9IAl-ygE2k,10,20,False,B:\CSE425_Project\gnn-bert-music-context\data\raw\musiccaps\audio\B9IAl-ygE2k_10_20.mp3,ok,10.0
B9K58KYq-Cs,320,330,False,B:\CSE425_Project\gnn-bert-music-context\data\raw\musiccaps\audio\B9K58KYq-Cs_320_330.mp3,ok,10.0
B9ME0Vcm_xA,190,200,False,B:\CSE425_Project\gnn-bert-music-context\data\raw\musiccaps\audio\B9ME0Vcm_xA_190_200.mp3,ok,10.0
BAUQY0e25DM,30,40,True,B:\CSE425_Project\gnn-bert-music-context\data\raw\musiccaps\audio\BAUQY0e25DM_30_40.mp3,ok,10.0
BBSApRvkaqY,210,220,False,B:\CSE425_Project\gnn-bert-music-context\data\raw\musiccaps\audio\BBSApRvkaqY_210_220.mp3,ok,10.0
BBmXMoI9Qus,30,40,True,B:\CSE425_Project\gnn-bert-music-context\data\raw\musiccaps\audio\BBmXMoI9Qus_30_40.mp3,ok,10.0
BC7dI3lQ2Cg,30,40,True,B:\CSE425_Project\gnn-bert-music-context\data\raw\musiccaps\audio\BC7dI3lQ2Cg_30_40.mp3,ok,10.0
BDH7Fx1APR8,40,50,True,B:\CSE425_Project\gnn-bert-music-context\data\raw\musiccaps\audio\BDH7Fx1APR8_40_50.mp3,ok,10.0
BEEknOFrVdU,30,40,True,B:\CSE425_Project\gnn-bert-music-context\data\raw\musiccaps\audio\BEEknOFrVdU_30_40.mp3,ok,10.0
BEZdszHKGTQ,20,30,False,B:\CSE425_Project\gnn-bert-music-context\data\raw\musiccaps\audio\BEZdszHKGTQ_20_30.mp3,ok,10.0
BEhIGoq9tow,160,170,False,B:\CSE425_Project\gnn-bert-music-context\data\raw\musiccaps\audio\BEhIGoq9tow_160_170.mp3,ok,10.0
BEwNrjvNiYs,30,40,True,B:\CSE425_Project\gnn-bert-music-context\data\raw\musiccaps\audio\BEwNrjvNiYs_30_40.mp3,ok,10.0
BGD7J6MP2C8,30,40,True,B:\CSE425_Project\gnn-bert-music-context\data\raw\musiccaps\audio\BGD7J6MP2C8_30_40.mp3,ok,10.0
BHDhHO7J-Oo,30,40,True,B:\CSE425_Project\gnn-bert-music-context\data\raw\musiccaps\audio\BHDhHO7J-Oo_30_40.mp3,ok,10.0
BHu95Y_kVQA,30,40,True,B:\CSE425_Project\gnn-bert-music-context\data\raw\musiccaps\audio\BHu95Y_kVQA_30_40.mp3,ok,10.0
BI8YQ3ueD24,30,40,True,B:\CSE425_Project\gnn-bert-music-context\data\raw\musiccaps\audio\BI8YQ3ueD24_30_40.mp3,ok,10.0
BK2laUCyaH0,30,40,True,B:\CSE425_Project\gnn-bert-music-context\data\raw\musiccaps\audio\BK2laUCyaH0_30_40.mp3,ok,10.0
BKQYrrJVg6g,370,380,True,,missing,
BL181hSAG60,30,40,True,B:\CSE425_Project\gnn-bert-music-context\data\raw\musiccaps\audio\BL181hSAG60_30_40.mp3,ok,10.0
BM9XDXA-CUE,210,220,True,B:\CSE425_Project\gnn-bert-music-context\data\raw\musiccaps\audio\BM9XDXA-CUE_210_220.mp3,ok,10.0
BMPmavj4keA,190,200,True,B:\CSE425_Project\gnn-bert-music-context\data\raw\musiccaps\audio\BMPmavj4keA_190_200.mp3,ok,10.0
BMgYWTTJv3s,240,250,True,B:\CSE425_Project\gnn-bert-music-context\data\raw\musiccaps\audio\BMgYWTTJv3s_240_250.mp3,ok,10.0
BMxgDBoPv_0,0,10,False,B:\CSE425_Project\gnn-bert-music-context\data\raw\musiccaps\audio\BMxgDBoPv_0_0_10.mp3,ok,10.0
BN63M3_lPCQ,170,180,False,B:\CSE425_Project\gnn-bert-music-context\data\raw\musiccaps\audio\BN63M3_lPCQ_170_180.mp3,ok,10.0
BN6W6OQnVoE,30,40,True,B:\CSE425_Project\gnn-bert-music-context\data\raw\musiccaps\audio\BN6W6OQnVoE_30_40.mp3,ok,10.0
BQ_KrefFiTw,30,40,False,B:\CSE425_Project\gnn-bert-music-context\data\raw\musiccaps\audio\BQ_KrefFiTw_30_40.mp3,ok,10.0
BR5MDhvcGM8,60,70,True,B:\CSE425_Project\gnn-bert-music-context\data\raw\musiccaps\audio\BR5MDhvcGM8_60_70.mp3,ok,10.0
BRTHyoVgZT0,30,40,True,B:\CSE425_Project\gnn-bert-music-context\data\raw\musiccaps\audio\BRTHyoVgZT0_30_40.mp3,ok,10.0
BS2ZnUhmHj4,30,40,True,B:\CSE425_Project\gnn-bert-music-context\data\raw\musiccaps\audio\BS2ZnUhmHj4_30_40.mp3,ok,10.0
BSLriWJ7hn8,30,40,False,B:\CSE425_Project\gnn-bert-music-context\data\raw\musiccaps\audio\BSLriWJ7hn8_30_40.mp3,ok,10.0
BSe5J0KlN3k,500,510,True,B:\CSE425_Project\gnn-bert-music-context\data\raw\musiccaps\audio\BSe5J0KlN3k_500_510.mp3,ok,10.0
BT4env-Tw2o,30,40,True,B:\CSE425_Project\gnn-bert-music-context\data\raw\musiccaps\audio\BT4env-Tw2o_30_40.mp3,ok,10.0
BTMWpYzpu5g,60,70,False,B:\CSE425_Project\gnn-bert-music-context\data\raw\musiccaps\audio\BTMWpYzpu5g_60_70.mp3,ok,10.0
BUDb8YieUgU,140,150,False,B:\CSE425_Project\gnn-bert-music-context\data\raw\musiccaps\audio\BUDb8YieUgU_140_150.mp3,ok,10.0
BUzsQ6WohH4,30,40,True,B:\CSE425_Project\gnn-bert-music-context\data\raw\musiccaps\audio\BUzsQ6WohH4_30_40.mp3,ok,10.0
BVonSUC3zIQ,20,30,False,B:\CSE425_Project\gnn-bert-music-context\data\raw\musiccaps\audio\BVonSUC3zIQ_20_30.mp3,ok,10.0
BVt8RgNrwbQ,30,40,False,B:\CSE425_Project\gnn-bert-music-context\data\raw\musiccaps\audio\BVt8RgNrwbQ_30_40.mp3,ok,10.0
BWKQXn5xDwo,10,20,True,B:\CSE425_Project\gnn-bert-music-context\data\raw\musiccaps\audio\BWKQXn5xDwo_10_20.mp3,ok,10.0
BWSJjF32tQA,240,250,True,B:\CSE425_Project\gnn-bert-music-context\data\raw\musiccaps\audio\BWSJjF32tQA_240_250.mp3,ok,10.0
BWVovghBe2c,30,40,True,B:\CSE425_Project\gnn-bert-music-context\data\raw\musiccaps\audio\BWVovghBe2c_30_40.mp3,ok,10.0
BWvKAcOV_co,30,40,True,B:\CSE425_Project\gnn-bert-music-context\data\raw\musiccaps\audio\BWvKAcOV_co_30_40.mp3,ok,10.0
BXUS7pTYDzI,30,40,True,B:\CSE425_Project\gnn-bert-music-context\data\raw\musiccaps\audio\BXUS7pTYDzI_30_40.mp3,ok,10.0
BXcEsM8ykhE,30,40,False,B:\CSE425_Project\gnn-bert-music-context\data\raw\musiccaps\audio\BXcEsM8ykhE_30_40.mp3,ok,10.0
BXo1Tr_oJds,30,40,True,B:\CSE425_Project\gnn-bert-music-context\data\raw\musiccaps\audio\BXo1Tr_oJds_30_40.mp3,ok,10.0
BXv69uAoHk4,20,30,False,B:\CSE425_Project\gnn-bert-music-context\data\raw\musiccaps\audio\BXv69uAoHk4_20_30.mp3,ok,10.0
BYi0fAZtBls,30,40,False,B:\CSE425_Project\gnn-bert-music-context\data\raw\musiccaps\audio\BYi0fAZtBls_30_40.mp3,ok,10.0
BYnYTgeM6Go,30,40,False,B:\CSE425_Project\gnn-bert-music-context\data\raw\musiccaps\audio\BYnYTgeM6Go_30_40.mp3,ok,10.0
BYwS1dJRTi0,30,40,True,B:\CSE425_Project\gnn-bert-music-context\data\raw\musiccaps\audio\BYwS1dJRTi0_30_40.mp3,ok,10.0
BZyf8LPltYs,30,40,True,B:\CSE425_Project\gnn-bert-music-context\data\raw\musiccaps\audio\BZyf8LPltYs_30_40.mp3,ok,10.0
B_kAtTBUDIA,30,40,True,B:\CSE425_Project\gnn-bert-music-context\data\raw\musiccaps\audio\B_kAtTBUDIA_30_40.mp3,ok,10.0
B_ohqOgK6T8,0,10,True,B:\CSE425_Project\gnn-bert-music-context\data\raw\musiccaps\audio\B_ohqOgK6T8_0_10.mp3,ok,10.0
B_tbkQYT9N0,30,40,True,B:\CSE425_Project\gnn-bert-music-context\data\raw\musiccaps\audio\B_tbkQYT9N0_30_40.mp3,ok,10.0
BaMBwXQwK3g,30,40,True,B:\CSE425_Project\gnn-bert-music-context\data\raw\musiccaps\audio\BaMBwXQwK3g_30_40.mp3,ok,10.0
Bap5P9buB0Y,30,40,False,B:\CSE425_Project\gnn-bert-music-context\data\raw\musiccaps\audio\Bap5P9buB0Y_30_40.mp3,ok,10.0
BcVapmCbULQ,30,40,False,B:\CSE425_Project\gnn-bert-music-context\data\raw\musiccaps\audio\BcVapmCbULQ_30_40.mp3,ok,10.0
Bd0PbyrG6H4,30,40,True,,missing,
Bd9TjPP31U0,130,140,False,B:\CSE425_Project\gnn-bert-music-context\data\raw\musiccaps\audio\Bd9TjPP31U0_130_140.mp3,ok,10.0
BdKiPR3kdjo,30,40,False,B:\CSE425_Project\gnn-bert-music-context\data\raw\musiccaps\audio\BdKiPR3kdjo_30_40.mp3,ok,10.0
BdhaR2QUGqY,60,70,False,B:\CSE425_Project\gnn-bert-music-context\data\raw\musiccaps\audio\BdhaR2QUGqY_60_70.mp3,ok,10.0
BeFjxrUwAC4,30,40,True,B:\CSE425_Project\gnn-bert-music-context\data\raw\musiccaps\audio\BeFjxrUwAC4_30_40.mp3,ok,10.0
BeFzozm_H5M,20,30,False,,missing,
BfMKdrK9D8M,30,40,True,B:\CSE425_Project\gnn-bert-music-context\data\raw\musiccaps\audio\BfMKdrK9D8M_30_40.mp3,ok,10.0
BfUoopDpmmY,30,40,False,B:\CSE425_Project\gnn-bert-music-context\data\raw\musiccaps\audio\BfUoopDpmmY_30_40.mp3,ok,10.0
BgTB_xt11bA,30,40,False,B:\CSE425_Project\gnn-bert-music-context\data\raw\musiccaps\audio\BgTB_xt11bA_30_40.mp3,ok,10.0
Bgsy5UpXx8I,30,40,True,B:\CSE425_Project\gnn-bert-music-context\data\raw\musiccaps\audio\Bgsy5UpXx8I_30_40.mp3,ok,10.0
BhJa0kTUdGY,50,60,False,B:\CSE425_Project\gnn-bert-music-context\data\raw\musiccaps\audio\BhJa0kTUdGY_50_60.mp3,ok,10.0
BhYaXU1MVcQ,10,20,False,B:\CSE425_Project\gnn-bert-music-context\data\raw\musiccaps\audio\BhYaXU1MVcQ_10_20.mp3,ok,10.0
BiPwCMlghhQ,120,130,False,B:\CSE425_Project\gnn-bert-music-context\data\raw\musiccaps\audio\BiPwCMlghhQ_120_130.mp3,ok,10.0
BiQik0xsWxk,30,40,True,,missing,
BiqPn3d_dKM,150,160,False,B:\CSE425_Project\gnn-bert-music-context\data\raw\musiccaps\audio\BiqPn3d_dKM_150_160.mp3,ok,10.0
BjAL68IMlp0,30,40,True,B:\CSE425_Project\gnn-bert-music-context\data\raw\musiccaps\audio\BjAL68IMlp0_30_40.mp3,ok,10.0
BjIksWR4oKw,30,40,True,B:\CSE425_Project\gnn-bert-music-context\data\raw\musiccaps\audio\BjIksWR4oKw_30_40.mp3,ok,10.0
BjqhHeJD28U,30,40,True,B:\CSE425_Project\gnn-bert-music-context\data\raw\musiccaps\audio\BjqhHeJD28U_30_40.mp3,ok,10.0
BkOfrw3c3EE,30,40,True,B:\CSE425_Project\gnn-bert-music-context\data\raw\musiccaps\audio\BkOfrw3c3EE_30_40.mp3,ok,10.0
BkSCfcTBMRY,230,240,False,B:\CSE425_Project\gnn-bert-music-context\data\raw\musiccaps\audio\BkSCfcTBMRY_230_240.mp3,ok,10.0
BkjpjAohg-0,30,40,True,B:\CSE425_Project\gnn-bert-music-context\data\raw\musiccaps\audio\BkjpjAohg-0_30_40.mp3,ok,10.0
BkoCi-IZccI,30,40,True,B:\CSE425_Project\gnn-bert-music-context\data\raw\musiccaps\audio\BkoCi-IZccI_30_40.mp3,ok,10.0
Bl-lCgr5hGY,30,40,True,B:\CSE425_Project\gnn-bert-music-context\data\raw\musiccaps\audio\Bl-lCgr5hGY_30_40.mp3,ok,10.0
BlhUt8AJJO8,30,40,True,B:\CSE425_Project\gnn-bert-music-context\data\raw\musiccaps\audio\BlhUt8AJJO8_30_40.mp3,ok,10.0
BlsbeyimUDE,30,40,True,B:\CSE425_Project\gnn-bert-music-context\data\raw\musiccaps\audio\BlsbeyimUDE_30_40.mp3,ok,10.0
BnkDQXlrIX4,240,250,True,B:\CSE425_Project\gnn-bert-music-context\data\raw\musiccaps\audio\BnkDQXlrIX4_240_250.mp3,ok,10.0
BojCkFK3pNg,30,40,False,B:\CSE425_Project\gnn-bert-music-context\data\raw\musiccaps\audio\BojCkFK3pNg_30_40.mp3,ok,10.0
BpLUOKHl51E,0,10,False,B:\CSE425_Project\gnn-bert-music-context\data\raw\musiccaps\audio\BpLUOKHl51E_0_10.wav,ok,10.0
BqIZipifARo,80,90,False,B:\CSE425_Project\gnn-bert-music-context\data\raw\musiccaps\audio\BqIZipifARo_80_90.mp3,ok,10.0
BquHBzP5Ep0,30,40,True,B:\CSE425_Project\gnn-bert-music-context\data\raw\musiccaps\audio\BquHBzP5Ep0_30_40.mp3,ok,10.0
BrCW3BA8TIQ,30,40,False,B:\CSE425_Project\gnn-bert-music-context\data\raw\musiccaps\audio\BrCW3BA8TIQ_30_40.mp3,ok,10.0
Brc_nOquNbY,30,40,True,B:\CSE425_Project\gnn-bert-music-context\data\raw\musiccaps\audio\Brc_nOquNbY_30_40.mp3,ok,10.0
BsLFQV8HVZE,30,40,True,B:\CSE425_Project\gnn-bert-music-context\data\raw\musiccaps\audio\BsLFQV8HVZE_30_40.mp3,ok,10.0
BsVsoZ4ojp0,60,70,True,B:\CSE425_Project\gnn-bert-music-context\data\raw\musiccaps\audio\BsVsoZ4ojp0_60_70.mp3,ok,10.0
BscoQHJrNm8,170,180,False,B:\CSE425_Project\gnn-bert-music-context\data\raw\musiccaps\audio\BscoQHJrNm8_170_180.mp3,ok,10.0
BsnjK6DypAg,30,40,True,B:\CSE425_Project\gnn-bert-music-context\data\raw\musiccaps\audio\BsnjK6DypAg_30_40.mp3,ok,10.0
BtdzVnXZ0i4,30,40,False,B:\CSE425_Project\gnn-bert-music-context\data\raw\musiccaps\audio\BtdzVnXZ0i4_30_40.mp3,ok,10.0
BurGML_ZqSA,100,110,False,B:\CSE425_Project\gnn-bert-music-context\data\raw\musiccaps\audio\BurGML_ZqSA_100_110.mp3,ok,10.0
Bx1HZVX4UxM,170,180,True,B:\CSE425_Project\gnn-bert-music-context\data\raw\musiccaps\audio\Bx1HZVX4UxM_170_180.mp3,ok,10.0
Bx3nzrmGXhw,11,21,False,B:\CSE425_Project\gnn-bert-music-context\data\raw\musiccaps\audio\Bx3nzrmGXhw_11_21.mp3,ok,10.0
Bx726MYz6Uo,30,40,True,B:\CSE425_Project\gnn-bert-music-context\data\raw\musiccaps\audio\Bx726MYz6Uo_30_40.mp3,ok,10.0
BxQSEvHdyjQ,30,40,True,B:\CSE425_Project\gnn-bert-music-context\data\raw\musiccaps\audio\BxQSEvHdyjQ_30_40.mp3,ok,10.0
BxbB2_N5Xtk,30,40,True,B:\CSE425_Project\gnn-bert-music-context\data\raw\musiccaps\audio\BxbB2_N5Xtk_30_40.mp3,ok,10.0
ByF0pp-dVEo,150,160,False,B:\CSE425_Project\gnn-bert-music-context\data\raw\musiccaps\audio\ByF0pp-dVEo_150_160.mp3,ok,10.0
ByOqw8M2U-Q,30,40,True,B:\CSE425_Project\gnn-bert-music-context\data\raw\musiccaps\audio\ByOqw8M2U-Q_30_40.mp3,ok,10.0
Byk9p21g51g,30,40,True,B:\CSE425_Project\gnn-bert-music-context\data\raw\musiccaps\audio\Byk9p21g51g_30_40.mp3,ok,10.0
BzM0qok5Cns,30,40,False,B:\CSE425_Project\gnn-bert-music-context\data\raw\musiccaps\audio\BzM0qok5Cns_30_40.mp3,ok,10.0
C-1i2GlbiIY,260,270,False,B:\CSE425_Project\gnn-bert-music-context\data\raw\musiccaps\audio\C-1i2GlbiIY_260_270.mp3,ok,10.0
C-7ubPOCeJk,240,250,False,B:\CSE425_Project\gnn-bert-music-context\data\raw\musiccaps\audio\C-7ubPOCeJk_240_250.mp3,ok,10.0
C-NYmja61zE,30,40,True,B:\CSE425_Project\gnn-bert-music-context\data\raw\musiccaps\audio\C-NYmja61zE_30_40.mp3,ok,10.0
C0AQyOVGvFM,100,110,False,B:\CSE425_Project\gnn-bert-music-context\data\raw\musiccaps\audio\C0AQyOVGvFM_100_110.mp3,ok,10.0
C0eCERYt4bA,30,40,False,B:\CSE425_Project\gnn-bert-music-context\data\raw\musiccaps\audio\C0eCERYt4bA_30_40.mp3,ok,10.0
C0sSgrr5xrQ,30,40,True,B:\CSE425_Project\gnn-bert-music-context\data\raw\musiccaps\audio\C0sSgrr5xrQ_30_40.mp3,ok,10.0
C1M5xqDQW58,220,230,True,B:\CSE425_Project\gnn-bert-music-context\data\raw\musiccaps\audio\C1M5xqDQW58_220_230.mp3,ok,10.0
C25xvcl4YAU,30,40,True,B:\CSE425_Project\gnn-bert-music-context\data\raw\musiccaps\audio\C25xvcl4YAU_30_40.mp3,ok,10.0
C33WdI64FiY,30,40,True,B:\CSE425_Project\gnn-bert-music-context\data\raw\musiccaps\audio\C33WdI64FiY_30_40.mp3,ok,10.0
C3Jhu77uffQ,0,10,True,B:\CSE425_Project\gnn-bert-music-context\data\raw\musiccaps\audio\C3Jhu77uffQ_0_10.mp3,ok,10.0
C3o8pEsAu5U,40,50,True,B:\CSE425_Project\gnn-bert-music-context\data\raw\musiccaps\audio\C3o8pEsAu5U_40_50.mp3,ok,10.0
C3s-DmHtDUg,20,30,True,B:\CSE425_Project\gnn-bert-music-context\data\raw\musiccaps\audio\C3s-DmHtDUg_20_30.mp3,ok,10.0
C4-mZ1jGQ-E,30,40,True,B:\CSE425_Project\gnn-bert-music-context\data\raw\musiccaps\audio\C4-mZ1jGQ-E_30_40.mp3,ok,10.0
C4MeKaeaPcU,30,40,False,B:\CSE425_Project\gnn-bert-music-context\data\raw\musiccaps\audio\C4MeKaeaPcU_30_40.mp3,ok,10.0
C5MhO2HM2Wg,30,40,True,B:\CSE425_Project\gnn-bert-music-context\data\raw\musiccaps\audio\C5MhO2HM2Wg_30_40.mp3,ok,10.0
C5Zs-Lb2rIM,90,100,False,B:\CSE425_Project\gnn-bert-music-context\data\raw\musiccaps\audio\C5Zs-Lb2rIM_90_100.mp3,ok,10.0
C6-JxDWYJ-A,70,80,False,,missing,
C6m_OWe-JE4,40,50,True,B:\CSE425_Project\gnn-bert-music-context\data\raw\musiccaps\audio\C6m_OWe-JE4_40_50.mp3,ok,10.0
C6roSYqchkk,60,70,True,B:\CSE425_Project\gnn-bert-music-context\data\raw\musiccaps\audio\C6roSYqchkk_60_70.mp3,ok,10.0
C6ws4MxOH2Y,220,230,False,B:\CSE425_Project\gnn-bert-music-context\data\raw\musiccaps\audio\C6ws4MxOH2Y_220_230.mp3,ok,10.0
C7OIuhWSbjU,40,50,True,,missing,
C7WAx3n57Hk,30,40,True,B:\CSE425_Project\gnn-bert-music-context\data\raw\musiccaps\audio\C7WAx3n57Hk_30_40.mp3,ok,10.0
C8Euv69GR3U,0,10,True,B:\CSE425_Project\gnn-bert-music-context\data\raw\musiccaps\audio\C8Euv69GR3U_0_10.mp3,ok,10.0
C8VECv8kicU,180,190,True,B:\CSE425_Project\gnn-bert-music-context\data\raw\musiccaps\audio\C8VECv8kicU_180_190.mp3,ok,10.0
C9e2k030QcY,30,40,False,B:\CSE425_Project\gnn-bert-music-context\data\raw\musiccaps\audio\C9e2k030QcY_30_40.mp3,ok,10.0
CAL5CgkKkR4,70,80,True,B:\CSE425_Project\gnn-bert-music-context\data\raw\musiccaps\audio\CAL5CgkKkR4_70_80.mp3,ok,10.0
CAbNGe1PWoY,130,140,False,B:\CSE425_Project\gnn-bert-music-context\data\raw\musiccaps\audio\CAbNGe1PWoY_130_140.mp3,ok,10.0
CBUAy9Zl6ZE,10,20,True,B:\CSE425_Project\gnn-bert-music-context\data\raw\musiccaps\audio\CBUAy9Zl6ZE_10_20.mp3,ok,10.0
CCFYOw8keiI,100,110,False,,missing,
CD3OyaDW348,30,40,True,B:\CSE425_Project\gnn-bert-music-context\data\raw\musiccaps\audio\CD3OyaDW348_30_40.mp3,ok,10.0
CEJXvm2vH_4,30,40,True,B:\CSE425_Project\gnn-bert-music-context\data\raw\musiccaps\audio\CEJXvm2vH_4_30_40.mp3,ok,10.0
CFT9P94NMDw,40,50,True,B:\CSE425_Project\gnn-bert-music-context\data\raw\musiccaps\audio\CFT9P94NMDw_40_50.mp3,ok,10.0
CGYflJRiLt0,30,40,True,B:\CSE425_Project\gnn-bert-music-context\data\raw\musiccaps\audio\CGYflJRiLt0_30_40.mp3,ok,10.0
CH-zch2pUic,30,40,True,B:\CSE425_Project\gnn-bert-music-context\data\raw\musiccaps\audio\CH-zch2pUic_30_40.mp3,ok,10.0
CHo8wKj9J1w,30,40,False,B:\CSE425_Project\gnn-bert-music-context\data\raw\musiccaps\audio\CHo8wKj9J1w_30_40.mp3,ok,10.0
CHufyCHSF1U,30,40,True,B:\CSE425_Project\gnn-bert-music-context\data\raw\musiccaps\audio\CHufyCHSF1U_30_40.mp3,ok,10.0
CIoEXRnAr-Y,30,40,True,B:\CSE425_Project\gnn-bert-music-context\data\raw\musiccaps\audio\CIoEXRnAr-Y_30_40.mp3,ok,10.0
CJjyrDGmxIY,270,280,True,B:\CSE425_Project\gnn-bert-music-context\data\raw\musiccaps\audio\CJjyrDGmxIY_270_280.mp3,ok,10.0
CKEPPcaCjbw,60,70,False,B:\CSE425_Project\gnn-bert-music-context\data\raw\musiccaps\audio\CKEPPcaCjbw_60_70.mp3,ok,10.0
CKO35LsM0XI,30,40,False,B:\CSE425_Project\gnn-bert-music-context\data\raw\musiccaps\audio\CKO35LsM0XI_30_40.mp3,ok,10.0
CKkbZCb9Y18,30,40,True,B:\CSE425_Project\gnn-bert-music-context\data\raw\musiccaps\audio\CKkbZCb9Y18_30_40.mp3,ok,10.0
CLx4iYWSB1c,0,10,True,B:\CSE425_Project\gnn-bert-music-context\data\raw\musiccaps\audio\CLx4iYWSB1c_0_10.mp3,ok,10.0
CM2rKZmcR0I,80,90,False,B:\CSE425_Project\gnn-bert-music-context\data\raw\musiccaps\audio\CM2rKZmcR0I_80_90.mp3,ok,10.0
CM7jMnBXw2Y,20,30,False,B:\CSE425_Project\gnn-bert-music-context\data\raw\musiccaps\audio\CM7jMnBXw2Y_20_30.mp3,ok,10.0
CMfAu72qma0,250,260,True,B:\CSE425_Project\gnn-bert-music-context\data\raw\musiccaps\audio\CMfAu72qma0_250_260.mp3,ok,10.0
CN2QSmhP-HI,30,40,True,B:\CSE425_Project\gnn-bert-music-context\data\raw\musiccaps\audio\CN2QSmhP-HI_30_40.mp3,ok,10.0
COe_UKKVpVo,30,40,True,B:\CSE425_Project\gnn-bert-music-context\data\raw\musiccaps\audio\COe_UKKVpVo_30_40.mp3,ok,10.0
CP3phqztym0,30,40,True,B:\CSE425_Project\gnn-bert-music-context\data\raw\musiccaps\audio\CP3phqztym0_30_40.mp3,ok,10.0
CPX6f-Awx-0,60,70,False,B:\CSE425_Project\gnn-bert-music-context\data\raw\musiccaps\audio\CPX6f-Awx-0_60_70.mp3,ok,10.0
CPr0YRTcaKg,0,10,True,B:\CSE425_Project\gnn-bert-music-context\data\raw\musiccaps\audio\CPr0YRTcaKg_0_10.mp3,ok,10.0
CQlh4k5pXKA,10,20,True,B:\CSE425_Project\gnn-bert-music-context\data\raw\musiccaps\audio\CQlh4k5pXKA_10_20.mp3,ok,10.0
CRDDdjDinYc,50,60,True,B:\CSE425_Project\gnn-bert-music-context\data\raw\musiccaps\audio\CRDDdjDinYc_50_60.mp3,ok,10.0
CRHEuoCnI74,30,40,False,B:\CSE425_Project\gnn-bert-music-context\data\raw\musiccaps\audio\CRHEuoCnI74_30_40.mp3,ok,10.0
CRIFRYhiKUA,30,40,True,B:\CSE425_Project\gnn-bert-music-context\data\raw\musiccaps\audio\CRIFRYhiKUA_30_40.mp3,ok,10.0
CRUd8kY3L70,10,20,False,B:\CSE425_Project\gnn-bert-music-context\data\raw\musiccaps\audio\CRUd8kY3L70_10_20.mp3,ok,10.0
CRxIJ7YbcZA,30,40,True,B:\CSE425_Project\gnn-bert-music-context\data\raw\musiccaps\audio\CRxIJ7YbcZA_30_40.mp3,ok,10.0
CSzMTqkLHyg,60,70,False,B:\CSE425_Project\gnn-bert-music-context\data\raw\musiccaps\audio\CSzMTqkLHyg_60_70.mp3,ok,10.0
CVLqZyUwqv8,200,210,True,B:\CSE425_Project\gnn-bert-music-context\data\raw\musiccaps\audio\CVLqZyUwqv8_200_210.mp3,ok,10.0
CVgLrsBPt4o,140,150,False,B:\CSE425_Project\gnn-bert-music-context\data\raw\musiccaps\audio\CVgLrsBPt4o_140_150.mp3,ok,10.0
CWKBzt-v8w4,30,40,True,B:\CSE425_Project\gnn-bert-music-context\data\raw\musiccaps\audio\CWKBzt-v8w4_30_40.mp3,ok,10.0
CWQvCCRuU6k,0,10,True,B:\CSE425_Project\gnn-bert-music-context\data\raw\musiccaps\audio\CWQvCCRuU6k_0_10.mp3,ok,10.0
CXCbBSUuugs,190,200,True,B:\CSE425_Project\gnn-bert-music-context\data\raw\musiccaps\audio\CXCbBSUuugs_190_200.mp3,ok,10.0
CYZZIkEw_jY,30,40,False,B:\CSE425_Project\gnn-bert-music-context\data\raw\musiccaps\audio\CYZZIkEw_jY_30_40.mp3,ok,10.0
CYuYfvQv4eo,30,40,False,B:\CSE425_Project\gnn-bert-music-context\data\raw\musiccaps\audio\CYuYfvQv4eo_30_40.mp3,ok,10.0
CZWLPPO0KL4,170,180,True,B:\CSE425_Project\gnn-bert-music-context\data\raw\musiccaps\audio\CZWLPPO0KL4_170_180.mp3,ok,10.0
CZZSQ6rd8h0,110,120,False,B:\CSE425_Project\gnn-bert-music-context\data\raw\musiccaps\audio\CZZSQ6rd8h0_110_120.mp3,ok,10.0
CZoPTJNmiCw,30,40,True,B:\CSE425_Project\gnn-bert-music-context\data\raw\musiccaps\audio\CZoPTJNmiCw_30_40.mp3,ok,10.0
CZuH43NPynA,30,40,True,B:\CSE425_Project\gnn-bert-music-context\data\raw\musiccaps\audio\CZuH43NPynA_30_40.mp3,ok,10.0
Ca3b8qNUbsk,30,40,True,B:\CSE425_Project\gnn-bert-music-context\data\raw\musiccaps\audio\Ca3b8qNUbsk_30_40.mp3,ok,10.0
CaCjiFUL6Fg,170,180,False,,missing,
Cchf2QH63bI,130,140,True,B:\CSE425_Project\gnn-bert-music-context\data\raw\musiccaps\audio\Cchf2QH63bI_130_140.mp3,ok,10.0
Cd7JefC6-Zw,230,240,False,B:\CSE425_Project\gnn-bert-music-context\data\raw\musiccaps\audio\Cd7JefC6-Zw_230_240.mp3,ok,10.0
CdFutCUKTXI,30,40,True,B:\CSE425_Project\gnn-bert-music-context\data\raw\musiccaps\audio\CdFutCUKTXI_30_40.mp3,ok,10.0
CdWA-SNcYpM,160,170,False,B:\CSE425_Project\gnn-bert-music-context\data\raw\musiccaps\audio\CdWA-SNcYpM_160_170.mp3,ok,10.0
CdgQIiMdBa4,30,40,True,B:\CSE425_Project\gnn-bert-music-context\data\raw\musiccaps\audio\CdgQIiMdBa4_30_40.mp3,ok,10.0
Ce-Xok6SRPU,90,100,False,B:\CSE425_Project\gnn-bert-music-context\data\raw\musiccaps\audio\Ce-Xok6SRPU_90_100.mp3,ok,10.0
CeaWlENtRio,530,540,False,B:\CSE425_Project\gnn-bert-music-context\data\raw\musiccaps\audio\CeaWlENtRio_530_540.mp3,ok,10.0
Cf1zNtZEcc8,250,260,True,B:\CSE425_Project\gnn-bert-music-context\data\raw\musiccaps\audio\Cf1zNtZEcc8_250_260.mp3,ok,10.0
CfRzy-RtqnQ,120,130,True,B:\CSE425_Project\gnn-bert-music-context\data\raw\musiccaps\audio\CfRzy-RtqnQ_120_130.mp3,ok,10.0
CgK0DU3KFBc,30,40,True,B:\CSE425_Project\gnn-bert-music-context\data\raw\musiccaps\audio\CgK0DU3KFBc_30_40.mp3,ok,10.0
ChCdYoDz7CY,500,510,False,B:\CSE425_Project\gnn-bert-music-context\data\raw\musiccaps\audio\ChCdYoDz7CY_500_510.mp3,ok,10.0
ChqJYrmQIN4,50,60,False,B:\CSE425_Project\gnn-bert-music-context\data\raw\musiccaps\audio\ChqJYrmQIN4_50_60.mp3,ok,10.0
ChyayWIp_vU,30,40,True,B:\CSE425_Project\gnn-bert-music-context\data\raw\musiccaps\audio\ChyayWIp_vU_30_40.mp3,ok,10.0
Ck-1kRnHqro,10,20,False,B:\CSE425_Project\gnn-bert-music-context\data\raw\musiccaps\audio\Ck-1kRnHqro_10_20.mp3,ok,10.0
Ck_bvV8Aa-k,170,180,False,B:\CSE425_Project\gnn-bert-music-context\data\raw\musiccaps\audio\Ck_bvV8Aa-k_170_180.mp3,ok,10.0
CkgzMSbE68M,30,40,True,B:\CSE425_Project\gnn-bert-music-context\data\raw\musiccaps\audio\CkgzMSbE68M_30_40.mp3,ok,10.0
ClK_qf_Twm8,30,40,True,B:\CSE425_Project\gnn-bert-music-context\data\raw\musiccaps\audio\ClK_qf_Twm8_30_40.mp3,ok,10.0
ClNTn1wtq7E,90,100,True,B:\CSE425_Project\gnn-bert-music-context\data\raw\musiccaps\audio\ClNTn1wtq7E_90_100.mp3,ok,10.0
Cn3xoxvbkF0,30,40,True,B:\CSE425_Project\gnn-bert-music-context\data\raw\musiccaps\audio\Cn3xoxvbkF0_30_40.mp3,ok,10.0
CnTMm-bzssM,310,320,False,B:\CSE425_Project\gnn-bert-music-context\data\raw\musiccaps\audio\CnTMm-bzssM_310_320.mp3,ok,10.0
CodqNx1ukOc,30,40,True,B:\CSE425_Project\gnn-bert-music-context\data\raw\musiccaps\audio\CodqNx1ukOc_30_40.mp3,ok,10.0
CpHRQ-f4UtA,140,150,False,B:\CSE425_Project\gnn-bert-music-context\data\raw\musiccaps\audio\CpHRQ-f4UtA_140_150.mp3,ok,10.0
CphwhKgYHaM,70,80,True,B:\CSE425_Project\gnn-bert-music-context\data\raw\musiccaps\audio\CphwhKgYHaM_70_80.mp3,ok,10.0
CqtknE729Lw,310,320,False,B:\CSE425_Project\gnn-bert-music-context\data\raw\musiccaps\audio\CqtknE729Lw_310_320.mp3,ok,10.0
CrbZHPkHeV4,30,40,True,B:\CSE425_Project\gnn-bert-music-context\data\raw\musiccaps\audio\CrbZHPkHeV4_30_40.mp3,ok,10.0
CretxKgW4Jk,30,40,False,B:\CSE425_Project\gnn-bert-music-context\data\raw\musiccaps\audio\CretxKgW4Jk_30_40.mp3,ok,10.0
CrjSYvGWusQ,30,40,True,B:\CSE425_Project\gnn-bert-music-context\data\raw\musiccaps\audio\CrjSYvGWusQ_30_40.mp3,ok,10.0
CrkxrgTiVyk,30,40,False,B:\CSE425_Project\gnn-bert-music-context\data\raw\musiccaps\audio\CrkxrgTiVyk_30_40.mp3,ok,10.0
CtcmYF7mufk,30,40,True,B:\CSE425_Project\gnn-bert-music-context\data\raw\musiccaps\audio\CtcmYF7mufk_30_40.mp3,ok,10.0
CuUu6L5hhMs,30,40,True,B:\CSE425_Project\gnn-bert-music-context\data\raw\musiccaps\audio\CuUu6L5hhMs_30_40.mp3,ok,10.0
CudxWnS7ukw,30,40,True,B:\CSE425_Project\gnn-bert-music-context\data\raw\musiccaps\audio\CudxWnS7ukw_30_40.mp3,ok,10.0
CwHSb1NOi4c,30,40,True,B:\CSE425_Project\gnn-bert-music-context\data\raw\musiccaps\audio\CwHSb1NOi4c_30_40.mp3,ok,10.0
CwImmV7q1MY,30,40,False,B:\CSE425_Project\gnn-bert-music-context\data\raw\musiccaps\audio\CwImmV7q1MY_30_40.mp3,ok,10.0
Cwbtn_h6TP8,260,270,True,B:\CSE425_Project\gnn-bert-music-context\data\raw\musiccaps\audio\Cwbtn_h6TP8_260_270.mp3,ok,10.0
CwmUMySSNQc,30,40,False,B:\CSE425_Project\gnn-bert-music-context\data\raw\musiccaps\audio\CwmUMySSNQc_30_40.mp3,ok,10.0
CxTFgimfNfA,30,40,False,B:\CSE425_Project\gnn-bert-music-context\data\raw\musiccaps\audio\CxTFgimfNfA_30_40.mp3,ok,10.0
CxgVq6eovRU,70,80,False,B:\CSE425_Project\gnn-bert-music-context\data\raw\musiccaps\audio\CxgVq6eovRU_70_80.mp3,ok,10.0
Cy3HWnwMLyI,20,30,False,B:\CSE425_Project\gnn-bert-music-context\data\raw\musiccaps\audio\Cy3HWnwMLyI_20_30.mp3,ok,10.0
CyFsI_EYFQQ,30,40,True,,missing,
CyiPyjYX6AE,30,40,True,B:\CSE425_Project\gnn-bert-music-context\data\raw\musiccaps\audio\CyiPyjYX6AE_30_40.wav,ok,10.0
CzHZNJEV-3o,50,60,False,B:\CSE425_Project\gnn-bert-music-context\data\raw\musiccaps\audio\CzHZNJEV-3o_50_60.mp3,ok,10.0
CzMNiypg1I8,30,40,True,B:\CSE425_Project\gnn-bert-music-context\data\raw\musiccaps\audio\CzMNiypg1I8_30_40.mp3,ok,10.0
Czbi1u-gwUU,130,140,True,,missing,
D-PxXM2I5gY,0,10,False,B:\CSE425_Project\gnn-bert-music-context\data\raw\musiccaps\audio\D-PxXM2I5gY_0_10.mp3,ok,10.0
D-p9s8y2z_U,0,10,True,B:\CSE425_Project\gnn-bert-music-context\data\raw\musiccaps\audio\D-p9s8y2z_U_0_10.mp3,ok,10.0
D0L-M4trkpw,210,220,True,B:\CSE425_Project\gnn-bert-music-context\data\raw\musiccaps\audio\D0L-M4trkpw_210_220.mp3,ok,10.0
D2w3qHmJrdU,0,10,True,B:\CSE425_Project\gnn-bert-music-context\data\raw\musiccaps\audio\D2w3qHmJrdU_0_10.mp3,ok,10.0
D3FyfFIKLVc,30,40,True,B:\CSE425_Project\gnn-bert-music-context\data\raw\musiccaps\audio\D3FyfFIKLVc_30_40.mp3,ok,10.0
D3f5VIJYR7M,20,30,False,B:\CSE425_Project\gnn-bert-music-context\data\raw\musiccaps\audio\D3f5VIJYR7M_20_30.mp3,ok,10.0
D3ht_xXl5S0,100,110,False,B:\CSE425_Project\gnn-bert-music-context\data\raw\musiccaps\audio\D3ht_xXl5S0_100_110.mp3,ok,10.0
D3q_stCeCA8,30,40,False,B:\CSE425_Project\gnn-bert-music-context\data\raw\musiccaps\audio\D3q_stCeCA8_30_40.mp3,ok,10.0
D4GVgBX1eYc,80,90,False,B:\CSE425_Project\gnn-bert-music-context\data\raw\musiccaps\audio\D4GVgBX1eYc_80_90.mp3,ok,10.0
D4ccFYk3bhU,30,40,True,B:\CSE425_Project\gnn-bert-music-context\data\raw\musiccaps\audio\D4ccFYk3bhU_30_40.mp3,ok,10.0
D644BWAUOXo,120,130,False,B:\CSE425_Project\gnn-bert-music-context\data\raw\musiccaps\audio\D644BWAUOXo_120_130.mp3,ok,10.0
D6xrH93lnoc,30,40,False,B:\CSE425_Project\gnn-bert-music-context\data\raw\musiccaps\audio\D6xrH93lnoc_30_40.mp3,ok,10.0
D712KM8PE3I,30,40,True,B:\CSE425_Project\gnn-bert-music-context\data\raw\musiccaps\audio\D712KM8PE3I_30_40.mp3,ok,10.0
D7Cvisf3jf8,30,40,True,B:\CSE425_Project\gnn-bert-music-context\data\raw\musiccaps\audio\D7Cvisf3jf8_30_40.mp3,ok,10.0
D7pjR9cQChM,30,40,True,B:\CSE425_Project\gnn-bert-music-context\data\raw\musiccaps\audio\D7pjR9cQChM_30_40.mp3,ok,10.0
D7z2Q-hH25s,30,40,False,B:\CSE425_Project\gnn-bert-music-context\data\raw\musiccaps\audio\D7z2Q-hH25s_30_40.wav,ok,10.0
D8-x1T8M4gk,30,40,True,,missing,
D8zK7PHIkgA,170,180,False,B:\CSE425_Project\gnn-bert-music-context\data\raw\musiccaps\audio\D8zK7PHIkgA_170_180.mp3,ok,10.0
D9893od03Sc,0,10,False,B:\CSE425_Project\gnn-bert-music-context\data\raw\musiccaps\audio\D9893od03Sc_0_10.mp3,ok,10.0
D9TuP8PKD6M,60,70,True,B:\CSE425_Project\gnn-bert-music-context\data\raw\musiccaps\audio\D9TuP8PKD6M_60_70.mp3,ok,10.0
DA3fNvbZoBM,80,90,False,B:\CSE425_Project\gnn-bert-music-context\data\raw\musiccaps\audio\DA3fNvbZoBM_80_90.mp3,ok,10.0
DA8lw6Mq0DY,360,370,True,B:\CSE425_Project\gnn-bert-music-context\data\raw\musiccaps\audio\DA8lw6Mq0DY_360_370.mp3,ok,10.0
DAPGvg8qOAU,0,10,True,B:\CSE425_Project\gnn-bert-music-context\data\raw\musiccaps\audio\DAPGvg8qOAU_0_10.mp3,ok,10.0
DAX9uKYlDvw,120,130,False,B:\CSE425_Project\gnn-bert-music-context\data\raw\musiccaps\audio\DAX9uKYlDvw_120_130.mp3,ok,10.0
DB38NRSHw9A,30,40,True,B:\CSE425_Project\gnn-bert-music-context\data\raw\musiccaps\audio\DB38NRSHw9A_30_40.mp3,ok,10.0
DC0C-KO9EJk,100,110,False,B:\CSE425_Project\gnn-bert-music-context\data\raw\musiccaps\audio\DC0C-KO9EJk_100_110.mp3,ok,10.0
DCFrCX4HPO8,120,130,True,B:\CSE425_Project\gnn-bert-music-context\data\raw\musiccaps\audio\DCFrCX4HPO8_120_130.mp3,ok,10.0
DDZlMjb-0i4,150,160,True,B:\CSE425_Project\gnn-bert-music-context\data\raw\musiccaps\audio\DDZlMjb-0i4_150_160.mp3,ok,10.0
DE6bdmnmPtg,60,70,True,B:\CSE425_Project\gnn-bert-music-context\data\raw\musiccaps\audio\DE6bdmnmPtg_60_70.mp3,ok,10.0
DEnayQZiPGc,260,270,True,B:\CSE425_Project\gnn-bert-music-context\data\raw\musiccaps\audio\DEnayQZiPGc_260_270.mp3,ok,10.0
DG5d4megH8g,180,190,True,B:\CSE425_Project\gnn-bert-music-context\data\raw\musiccaps\audio\DG5d4megH8g_180_190.mp3,ok,10.0
DGON0D8E17Q,260,270,False,B:\CSE425_Project\gnn-bert-music-context\data\raw\musiccaps\audio\DGON0D8E17Q_260_270.mp3,ok,10.0
DGbMEkQerYs,30,40,True,B:\CSE425_Project\gnn-bert-music-context\data\raw\musiccaps\audio\DGbMEkQerYs_30_40.mp3,ok,10.0
DGlP6oTqe5Y,30,40,False,,missing,
DHDn79ee98Q,30,40,True,,missing,
DHo1z0_ZUNA,30,40,False,B:\CSE425_Project\gnn-bert-music-context\data\raw\musiccaps\audio\DHo1z0_ZUNA_30_40.mp3,ok,10.0
DJHEBMNPc-A,0,10,True,B:\CSE425_Project\gnn-bert-music-context\data\raw\musiccaps\audio\DJHEBMNPc-A_0_10.mp3,ok,10.0
DKBbLySEGic,30,40,True,B:\CSE425_Project\gnn-bert-music-context\data\raw\musiccaps\audio\DKBbLySEGic_30_40.mp3,ok,10.0
DKflAAykh6A,30,40,True,B:\CSE425_Project\gnn-bert-music-context\data\raw\musiccaps\audio\DKflAAykh6A_30_40.mp3,ok,10.0
DLDZrtwyY_Y,30,40,False,B:\CSE425_Project\gnn-bert-music-context\data\raw\musiccaps\audio\DLDZrtwyY_Y_30_40.mp3,ok,10.0
DLJGT99uEh4,30,40,True,B:\CSE425_Project\gnn-bert-music-context\data\raw\musiccaps\audio\DLJGT99uEh4_30_40.mp3,ok,10.0
DMwvY--3XD0,30,40,False,B:\CSE425_Project\gnn-bert-music-context\data\raw\musiccaps\audio\DMwvY--3XD0_30_40.mp3,ok,10.0
DNYDyXn6qso,30,40,True,B:\CSE425_Project\gnn-bert-music-context\data\raw\musiccaps\audio\DNYDyXn6qso_30_40.mp3,ok,10.0
DO8Db_i7IVc,30,40,True,B:\CSE425_Project\gnn-bert-music-context\data\raw\musiccaps\audio\DO8Db_i7IVc_30_40.mp3,ok,10.0
DOb8htND5_o,30,40,True,B:\CSE425_Project\gnn-bert-music-context\data\raw\musiccaps\audio\DOb8htND5_o_30_40.mp3,ok,10.0
DP2vmsftZHY,30,40,True,B:\CSE425_Project\gnn-bert-music-context\data\raw\musiccaps\audio\DP2vmsftZHY_30_40.mp3,ok,10.0
DP72GDe6AAs,18,28,True,B:\CSE425_Project\gnn-bert-music-context\data\raw\musiccaps\audio\DP72GDe6AAs_18_28.mp3,ok,10.0
DPW5M1FYxu4,490,500,False,B:\CSE425_Project\gnn-bert-music-context\data\raw\musiccaps\audio\DPW5M1FYxu4_490_500.mp3,ok,10.0
DQ_gcdLhAsY,30,40,True,B:\CSE425_Project\gnn-bert-music-context\data\raw\musiccaps\audio\DQ_gcdLhAsY_30_40.mp3,ok,10.0
DQrdOgRb-oA,10,20,False,B:\CSE425_Project\gnn-bert-music-context\data\raw\musiccaps\audio\DQrdOgRb-oA_10_20.mp3,ok,10.0
DQzg3cZeYSw,30,40,False,B:\CSE425_Project\gnn-bert-music-context\data\raw\musiccaps\audio\DQzg3cZeYSw_30_40.mp3,ok,10.0
DRU-IFx-7yQ,80,90,True,B:\CSE425_Project\gnn-bert-music-context\data\raw\musiccaps\audio\DRU-IFx-7yQ_80_90.mp3,ok,10.0
DTkKGYCRMlc,80,90,True,B:\CSE425_Project\gnn-bert-music-context\data\raw\musiccaps\audio\DTkKGYCRMlc_80_90.mp3,ok,10.0
DTnCrtCro44,30,40,False,B:\CSE425_Project\gnn-bert-music-context\data\raw\musiccaps\audio\DTnCrtCro44_30_40.mp3,ok,10.0
DU3Vlaa8rU0,290,300,False,B:\CSE425_Project\gnn-bert-music-context\data\raw\musiccaps\audio\DU3Vlaa8rU0_290_300.mp3,ok,10.0
DU5pD63Pv30,20,30,True,B:\CSE425_Project\gnn-bert-music-context\data\raw\musiccaps\audio\DU5pD63Pv30_20_30.mp3,ok,10.0
DUNOn71oGCw,40,50,True,B:\CSE425_Project\gnn-bert-music-context\data\raw\musiccaps\audio\DUNOn71oGCw_40_50.mp3,ok,10.0
DUmXpq-Cksg,30,40,True,B:\CSE425_Project\gnn-bert-music-context\data\raw\musiccaps\audio\DUmXpq-Cksg_30_40.mp3,ok,10.0
DV5mynb77JM,10,20,False,B:\CSE425_Project\gnn-bert-music-context\data\raw\musiccaps\audio\DV5mynb77JM_10_20.mp3,ok,10.0
DVuWm53IlVw,30,40,True,B:\CSE425_Project\gnn-bert-music-context\data\raw\musiccaps\audio\DVuWm53IlVw_30_40.mp3,ok,10.0
DW3z-ByrfWY,380,390,False,B:\CSE425_Project\gnn-bert-music-context\data\raw\musiccaps\audio\DW3z-ByrfWY_380_390.mp3,ok,10.0
DW7Qe-50X_A,250,260,False,B:\CSE425_Project\gnn-bert-music-context\data\raw\musiccaps\audio\DW7Qe-50X_A_250_260.mp3,ok,10.0
DX4_QlYLq30,30,40,False,B:\CSE425_Project\gnn-bert-music-context\data\raw\musiccaps\audio\DX4_QlYLq30_30_40.mp3,ok,10.0
DXd83S6NHLg,80,90,False,B:\CSE425_Project\gnn-bert-music-context\data\raw\musiccaps\audio\DXd83S6NHLg_80_90.mp3,ok,10.0
DXeiJpZXVAI,30,40,False,B:\CSE425_Project\gnn-bert-music-context\data\raw\musiccaps\audio\DXeiJpZXVAI_30_40.mp3,ok,10.0
DY7ko7iQCug,30,40,True,B:\CSE425_Project\gnn-bert-music-context\data\raw\musiccaps\audio\DY7ko7iQCug_30_40.mp3,ok,10.0
DYp8940tHso,0,10,False,B:\CSE425_Project\gnn-bert-music-context\data\raw\musiccaps\audio\DYp8940tHso_0_10.mp3,ok,10.0
DYpjbiyPUho,200,210,True,B:\CSE425_Project\gnn-bert-music-context\data\raw\musiccaps\audio\DYpjbiyPUho_200_210.mp3,ok,10.0
DZ3EShJzOOc,120,130,True,B:\CSE425_Project\gnn-bert-music-context\data\raw\musiccaps\audio\DZ3EShJzOOc_120_130.mp3,ok,10.0
D_QEW1Lnl2Q,30,40,True,B:\CSE425_Project\gnn-bert-music-context\data\raw\musiccaps\audio\D_QEW1Lnl2Q_30_40.mp3,ok,10.0
D_usHKfOXCw,40,50,False,B:\CSE425_Project\gnn-bert-music-context\data\raw\musiccaps\audio\D_usHKfOXCw_40_50.mp3,ok,10.0
DaeJYtWgcoI,30,40,True,B:\CSE425_Project\gnn-bert-music-context\data\raw\musiccaps\audio\DaeJYtWgcoI_30_40.mp3,ok,10.0
DaiVfxATCEE,210,220,True,B:\CSE425_Project\gnn-bert-music-context\data\raw\musiccaps\audio\DaiVfxATCEE_210_220.mp3,ok,10.0
Db0c4aAwUbY,30,40,True,B:\CSE425_Project\gnn-bert-music-context\data\raw\musiccaps\audio\Db0c4aAwUbY_30_40.mp3,ok,10.0
DdxW_JziHTA,30,40,True,B:\CSE425_Project\gnn-bert-music-context\data\raw\musiccaps\audio\DdxW_JziHTA_30_40.mp3,ok,10.0
DewyiIpkzi8,230,240,True,B:\CSE425_Project\gnn-bert-music-context\data\raw\musiccaps\audio\DewyiIpkzi8_230_240.mp3,ok,10.0
Dg8BLvkzdr0,30,40,True,B:\CSE425_Project\gnn-bert-music-context\data\raw\musiccaps\audio\Dg8BLvkzdr0_30_40.mp3,ok,10.0
DgVpK6r7JT4,280,290,False,B:\CSE425_Project\gnn-bert-music-context\data\raw\musiccaps\audio\DgVpK6r7JT4_280_290.mp3,ok,10.0
DgqPgNqW2hE,50,60,False,B:\CSE425_Project\gnn-bert-music-context\data\raw\musiccaps\audio\DgqPgNqW2hE_50_60.mp3,ok,10.0
DhnNZn8JjEQ,30,40,True,B:\CSE425_Project\gnn-bert-music-context\data\raw\musiccaps\audio\DhnNZn8JjEQ_30_40.mp3,ok,10.0
Di7Rs4QmYKI,150,160,False,B:\CSE425_Project\gnn-bert-music-context\data\raw\musiccaps\audio\Di7Rs4QmYKI_150_160.mp3,ok,10.0
Dk7ziLlNfeM,10,20,True,B:\CSE425_Project\gnn-bert-music-context\data\raw\musiccaps\audio\Dk7ziLlNfeM_10_20.mp3,ok,10.0
DkZ1Or_D-g8,100,110,False,B:\CSE425_Project\gnn-bert-music-context\data\raw\musiccaps\audio\DkZ1Or_D-g8_100_110.mp3,ok,10.0
DlU56FGTVEk,30,40,True,B:\CSE425_Project\gnn-bert-music-context\data\raw\musiccaps\audio\DlU56FGTVEk_30_40.mp3,ok,10.0
DlVgHV1UobM,30,40,True,B:\CSE425_Project\gnn-bert-music-context\data\raw\musiccaps\audio\DlVgHV1UobM_30_40.mp3,ok,10.0
DpAfyjjQJyk,250,260,True,B:\CSE425_Project\gnn-bert-music-context\data\raw\musiccaps\audio\DpAfyjjQJyk_250_260.mp3,ok,10.0
DpS_TigOHWo,180,190,True,,missing,
Dr4Ijx7Q9jk,30,40,True,B:\CSE425_Project\gnn-bert-music-context\data\raw\musiccaps\audio\Dr4Ijx7Q9jk_30_40.mp3,ok,10.0
DroAzooK4yw,30,40,True,B:\CSE425_Project\gnn-bert-music-context\data\raw\musiccaps\audio\DroAzooK4yw_30_40.mp3,ok,10.0
DsAp3b1poeA,30,40,True,B:\CSE425_Project\gnn-bert-music-context\data\raw\musiccaps\audio\DsAp3b1poeA_30_40.mp3,ok,10.0
Du3Q6NdsSso,30,40,False,B:\CSE425_Project\gnn-bert-music-context\data\raw\musiccaps\audio\Du3Q6NdsSso_30_40.mp3,ok,10.0
DueNcVFHI0k,20,30,False,B:\CSE425_Project\gnn-bert-music-context\data\raw\musiccaps\audio\DueNcVFHI0k_20_30.mp3,ok,10.0
Dv21JlCT4_k,40,50,False,B:\CSE425_Project\gnn-bert-music-context\data\raw\musiccaps\audio\Dv21JlCT4_k_40_50.mp3,ok,10.0
DvN5813H7Bo,190,200,False,B:\CSE425_Project\gnn-bert-music-context\data\raw\musiccaps\audio\DvN5813H7Bo_190_200.mp3,ok,10.0
DvOA0K-DIFM,30,40,True,B:\CSE425_Project\gnn-bert-music-context\data\raw\musiccaps\audio\DvOA0K-DIFM_30_40.mp3,ok,10.0
Dx58W7opw5A,0,10,False,B:\CSE425_Project\gnn-bert-music-context\data\raw\musiccaps\audio\Dx58W7opw5A_0_10.mp3,ok,10.0
DyPmDDN8m78,30,40,True,B:\CSE425_Project\gnn-bert-music-context\data\raw\musiccaps\audio\DyPmDDN8m78_30_40.mp3,ok,10.0
DysXetu2I0E,30,40,True,,missing,
E16FgDFQI_w,30,40,True,B:\CSE425_Project\gnn-bert-music-context\data\raw\musiccaps\audio\E16FgDFQI_w_30_40.mp3,ok,10.0
E29kpquu8W4,30,40,False,B:\CSE425_Project\gnn-bert-music-context\data\raw\musiccaps\audio\E29kpquu8W4_30_40.mp3,ok,10.0
E2gstPe3Im4,20,30,False,B:\CSE425_Project\gnn-bert-music-context\data\raw\musiccaps\audio\E2gstPe3Im4_20_30.mp3,ok,10.0
E2v025Ilsqo,60,70,False,B:\CSE425_Project\gnn-bert-music-context\data\raw\musiccaps\audio\E2v025Ilsqo_60_70.mp3,ok,10.0
E3F9bzeCgTQ,30,40,True,B:\CSE425_Project\gnn-bert-music-context\data\raw\musiccaps\audio\E3F9bzeCgTQ_30_40.mp3,ok,10.0
E3iPiZlT6f8,30,40,True,B:\CSE425_Project\gnn-bert-music-context\data\raw\musiccaps\audio\E3iPiZlT6f8_30_40.mp3,ok,10.0
E4To9BC2jx8,170,180,False,B:\CSE425_Project\gnn-bert-music-context\data\raw\musiccaps\audio\E4To9BC2jx8_170_180.mp3,ok,10.0
E4a3s8NRqUM,70,80,True,B:\CSE425_Project\gnn-bert-music-context\data\raw\musiccaps\audio\E4a3s8NRqUM_70_80.mp3,ok,10.0
E6B81rrUlnE,440,450,False,B:\CSE425_Project\gnn-bert-music-context\data\raw\musiccaps\audio\E6B81rrUlnE_440_450.mp3,ok,10.0
E6JR3htwgyE,0,10,False,B:\CSE425_Project\gnn-bert-music-context\data\raw\musiccaps\audio\E6JR3htwgyE_0_10.mp3,ok,10.0
E7D42u8a5gc,30,40,True,B:\CSE425_Project\gnn-bert-music-context\data\raw\musiccaps\audio\E7D42u8a5gc_30_40.mp3,ok,10.0
E7q_QwLYI8U,210,220,True,B:\CSE425_Project\gnn-bert-music-context\data\raw\musiccaps\audio\E7q_QwLYI8U_210_220.mp3,ok,10.0
EBpa2CADNJA,140,150,False,B:\CSE425_Project\gnn-bert-music-context\data\raw\musiccaps\audio\EBpa2CADNJA_140_150.mp3,ok,10.0
EC4GbkL3XvI,80,90,True,B:\CSE425_Project\gnn-bert-music-context\data\raw\musiccaps\audio\EC4GbkL3XvI_80_90.mp3,ok,10.0
ECP7EJka6N8,590,600,True,B:\CSE425_Project\gnn-bert-music-context\data\raw\musiccaps\audio\ECP7EJka6N8_590_600.mp3,ok,10.0
EC_JNTVDrok,10,20,True,B:\CSE425_Project\gnn-bert-music-context\data\raw\musiccaps\audio\EC_JNTVDrok_10_20.mp3,ok,10.0
EFlGHxV5WsY,240,250,False,B:\CSE425_Project\gnn-bert-music-context\data\raw\musiccaps\audio\EFlGHxV5WsY_240_250.mp3,ok,10.0
EGIeykrN4eg,410,420,False,B:\CSE425_Project\gnn-bert-music-context\data\raw\musiccaps\audio\EGIeykrN4eg_410_420.mp3,ok,10.0
EHm7vLZewS0,50,60,False,B:\CSE425_Project\gnn-bert-music-context\data\raw\musiccaps\audio\EHm7vLZewS0_50_60.mp3,ok,10.0
EIzBD62ja8E,30,40,True,B:\CSE425_Project\gnn-bert-music-context\data\raw\musiccaps\audio\EIzBD62ja8E_30_40.mp3,ok,10.0
EJMUwh1vY2s,30,40,True,B:\CSE425_Project\gnn-bert-music-context\data\raw\musiccaps\audio\EJMUwh1vY2s_30_40.mp3,ok,10.0
EKZvq0dUk50,30,40,True,B:\CSE425_Project\gnn-bert-music-context\data\raw\musiccaps\audio\EKZvq0dUk50_30_40.mp3,ok,10.0
EKt_KEbqQfQ,30,40,True,B:\CSE425_Project\gnn-bert-music-context\data\raw\musiccaps\audio\EKt_KEbqQfQ_30_40.mp3,ok,10.0
EL2DtgPD4J4,30,40,True,B:\CSE425_Project\gnn-bert-music-context\data\raw\musiccaps\audio\EL2DtgPD4J4_30_40.mp3,ok,10.0
ELhxZhWsGM8,30,40,True,B:\CSE425_Project\gnn-bert-music-context\data\raw\musiccaps\audio\ELhxZhWsGM8_30_40.mp3,ok,10.0
EN_FOFkxAEw,240,250,False,B:\CSE425_Project\gnn-bert-music-context\data\raw\musiccaps\audio\EN_FOFkxAEw_240_250.mp3,ok,10.0
EO_tdzbN75Q,450,460,True,B:\CSE425_Project\gnn-bert-music-context\data\raw\musiccaps\audio\EO_tdzbN75Q_450_460.mp3,ok,10.0
EOaQnfDjVyo,30,40,False,B:\CSE425_Project\gnn-bert-music-context\data\raw\musiccaps\audio\EOaQnfDjVyo_30_40.mp3,ok,10.0
EPjfqS5NvCY,30,40,False,B:\CSE425_Project\gnn-bert-music-context\data\raw\musiccaps\audio\EPjfqS5NvCY_30_40.mp3,ok,10.0
EPvnkbo5wrI,150,160,True,B:\CSE425_Project\gnn-bert-music-context\data\raw\musiccaps\audio\EPvnkbo5wrI_150_160.mp3,ok,10.0
EQHrQIaQNv8,30,40,True,B:\CSE425_Project\gnn-bert-music-context\data\raw\musiccaps\audio\EQHrQIaQNv8_30_40.mp3,ok,10.0
EQSv7DIJJtw,50,60,False,B:\CSE425_Project\gnn-bert-music-context\data\raw\musiccaps\audio\EQSv7DIJJtw_50_60.mp3,ok,10.0
EQVZLtlDkHw,30,40,True,B:\CSE425_Project\gnn-bert-music-context\data\raw\musiccaps\audio\EQVZLtlDkHw_30_40.mp3,ok,10.0
ER1fTL9-pQw,30,40,True,B:\CSE425_Project\gnn-bert-music-context\data\raw\musiccaps\audio\ER1fTL9-pQw_30_40.mp3,ok,10.0
ESFANzZTdYM,30,40,True,B:\CSE425_Project\gnn-bert-music-context\data\raw\musiccaps\audio\ESFANzZTdYM_30_40.mp3,ok,10.0
ESbtW0CUmp4,0,10,False,B:\CSE425_Project\gnn-bert-music-context\data\raw\musiccaps\audio\ESbtW0CUmp4_0_10.mp3,ok,10.0
ET6HVZ8muVE,30,40,False,B:\CSE425_Project\gnn-bert-music-context\data\raw\musiccaps\audio\ET6HVZ8muVE_30_40.mp3,ok,10.0
ET7yQfaiF_8,30,40,False,B:\CSE425_Project\gnn-bert-music-context\data\raw\musiccaps\audio\ET7yQfaiF_8_30_40.mp3,ok,10.0
ETl0hYRlVmg,30,40,True,B:\CSE425_Project\gnn-bert-music-context\data\raw\musiccaps\audio\ETl0hYRlVmg_30_40.mp3,ok,10.0
EUNTykrvpok,30,40,True,B:\CSE425_Project\gnn-bert-music-context\data\raw\musiccaps\audio\EUNTykrvpok_30_40.mp3,ok,10.0
EUmfsCvmkgo,0,10,False,B:\CSE425_Project\gnn-bert-music-context\data\raw\musiccaps\audio\EUmfsCvmkgo_0_10.mp3,ok,10.0
EXRKJRL0TDU,50,60,True,B:\CSE425_Project\gnn-bert-music-context\data\raw\musiccaps\audio\EXRKJRL0TDU_50_60.mp3,ok,10.0
EY8boPZ1hPs,30,40,False,B:\CSE425_Project\gnn-bert-music-context\data\raw\musiccaps\audio\EY8boPZ1hPs_30_40.mp3,ok,10.0
EZAwPnGOJPE,60,70,True,B:\CSE425_Project\gnn-bert-music-context\data\raw\musiccaps\audio\EZAwPnGOJPE_60_70.mp3,ok,10.0
EZJzzWEDtQo,30,40,False,B:\CSE425_Project\gnn-bert-music-context\data\raw\musiccaps\audio\EZJzzWEDtQo_30_40.mp3,ok,10.0
EZb1wQsg6CU,30,40,False,B:\CSE425_Project\gnn-bert-music-context\data\raw\musiccaps\audio\EZb1wQsg6CU_30_40.mp3,ok,10.0
EZi80fUpBfE,30,40,True,B:\CSE425_Project\gnn-bert-music-context\data\raw\musiccaps\audio\EZi80fUpBfE_30_40.mp3,ok,10.0
E_34BmDVnOI,180,190,False,B:\CSE425_Project\gnn-bert-music-context\data\raw\musiccaps\audio\E_34BmDVnOI_180_190.mp3,ok,10.0
E_IG2ubeTME,30,40,False,B:\CSE425_Project\gnn-bert-music-context\data\raw\musiccaps\audio\E_IG2ubeTME_30_40.mp3,ok,10.0
E_kgtQ93Q1s,30,40,True,B:\CSE425_Project\gnn-bert-music-context\data\raw\musiccaps\audio\E_kgtQ93Q1s_30_40.mp3,ok,10.0
EaGhKzpkNso,30,40,True,B:\CSE425_Project\gnn-bert-music-context\data\raw\musiccaps\audio\EaGhKzpkNso_30_40.mp3,ok,10.0
EayN_Jj0740,90,100,False,B:\CSE425_Project\gnn-bert-music-context\data\raw\musiccaps\audio\EayN_Jj0740_90_100.mp3,ok,10.0
EcEDVL6vn_w,340,350,False,B:\CSE425_Project\gnn-bert-music-context\data\raw\musiccaps\audio\EcEDVL6vn_w_340_350.mp3,ok,10.0
Ee6MP1bIRUA,30,40,True,B:\CSE425_Project\gnn-bert-music-context\data\raw\musiccaps\audio\Ee6MP1bIRUA_30_40.mp3,ok,10.0
EfUUgsioXyU,70,80,True,,missing,
EgwGYmAH0BA,0,10,True,B:\CSE425_Project\gnn-bert-music-context\data\raw\musiccaps\audio\EgwGYmAH0BA_0_10.mp3,ok,10.0
EhFWLbNBOxc,60,70,True,,missing,
Ehks1uuwR3s,30,40,False,B:\CSE425_Project\gnn-bert-music-context\data\raw\musiccaps\audio\Ehks1uuwR3s_30_40.mp3,ok,10.0
EieK70X8lnw,30,40,False,B:\CSE425_Project\gnn-bert-music-context\data\raw\musiccaps\audio\EieK70X8lnw_30_40.mp3,ok,10.0
EijTwCm-pRM,30,40,True,B:\CSE425_Project\gnn-bert-music-context\data\raw\musiccaps\audio\EijTwCm-pRM_30_40.mp3,ok,10.0
EkMgPJfSL04,30,40,False,B:\CSE425_Project\gnn-bert-music-context\data\raw\musiccaps\audio\EkMgPJfSL04_30_40.mp3,ok,10.0
EkmHGd0U8yE,100,110,False,B:\CSE425_Project\gnn-bert-music-context\data\raw\musiccaps\audio\EkmHGd0U8yE_100_110.mp3,ok,10.0
Ekoh6TJpA88,60,70,False,B:\CSE425_Project\gnn-bert-music-context\data\raw\musiccaps\audio\Ekoh6TJpA88_60_70.mp3,ok,10.0
EmSZKb0LdVM,30,40,True,B:\CSE425_Project\gnn-bert-music-context\data\raw\musiccaps\audio\EmSZKb0LdVM_30_40.mp3,ok,10.0
Emc18GpAeRY,80,90,False,B:\CSE425_Project\gnn-bert-music-context\data\raw\musiccaps\audio\Emc18GpAeRY_80_90.mp3,ok,10.0
EnJ8zV3vaJA,80,90,False,B:\CSE425_Project\gnn-bert-music-context\data\raw\musiccaps\audio\EnJ8zV3vaJA_80_90.mp3,ok,10.0
EnewI6fNhVA,150,160,False,B:\CSE425_Project\gnn-bert-music-context\data\raw\musiccaps\audio\EnewI6fNhVA_150_160.mp3,ok,10.0
EoZH1gyRlr4,30,40,False,B:\CSE425_Project\gnn-bert-music-context\data\raw\musiccaps\audio\EoZH1gyRlr4_30_40.mp3,ok,10.0
Eop_sG9FVgA,30,40,True,B:\CSE425_Project\gnn-bert-music-context\data\raw\musiccaps\audio\Eop_sG9FVgA_30_40.mp3,ok,10.0
EptdhC17avY,30,40,False,B:\CSE425_Project\gnn-bert-music-context\data\raw\musiccaps\audio\EptdhC17avY_30_40.mp3,ok,10.0
EremEyLrdUY,170,180,False,B:\CSE425_Project\gnn-bert-music-context\data\raw\musiccaps\audio\EremEyLrdUY_170_180.mp3,ok,10.0
Es9FNjZ-SHI,30,40,True,B:\CSE425_Project\gnn-bert-music-context\data\raw\musiccaps\audio\Es9FNjZ-SHI_30_40.mp3,ok,10.0
EsHXnkZ_W2c,40,50,True,,missing,
EsssGCL-Axw,70,80,False,B:\CSE425_Project\gnn-bert-music-context\data\raw\musiccaps\audio\EsssGCL-Axw_70_80.mp3,ok,10.0
EtmKuWPpjG0,230,240,False,B:\CSE425_Project\gnn-bert-music-context\data\raw\musiccaps\audio\EtmKuWPpjG0_230_240.mp3,ok,10.0
Euu6zlJQSD0,30,40,True,B:\CSE425_Project\gnn-bert-music-context\data\raw\musiccaps\audio\Euu6zlJQSD0_30_40.mp3,ok,10.0
EwDiNj_5PEg,50,60,True,B:\CSE425_Project\gnn-bert-music-context\data\raw\musiccaps\audio\EwDiNj_5PEg_50_60.mp3,ok,10.0
EwoCbcSXlSM,210,220,False,B:\CSE425_Project\gnn-bert-music-context\data\raw\musiccaps\audio\EwoCbcSXlSM_210_220.mp3,ok,10.0
Ex0ukzO5z9M,30,40,True,B:\CSE425_Project\gnn-bert-music-context\data\raw\musiccaps\audio\Ex0ukzO5z9M_30_40.mp3,ok,10.0
Ex18Xwznj60,30,40,True,B:\CSE425_Project\gnn-bert-music-context\data\raw\musiccaps\audio\Ex18Xwznj60_30_40.mp3,ok,10.0
ExghbCGRBx0,30,40,True,B:\CSE425_Project\gnn-bert-music-context\data\raw\musiccaps\audio\ExghbCGRBx0_30_40.mp3,ok,10.0
EyO5vB4eqo0,30,40,True,B:\CSE425_Project\gnn-bert-music-context\data\raw\musiccaps\audio\EyO5vB4eqo0_30_40.mp3,ok,10.0
EzP7PB2x670,30,40,True,B:\CSE425_Project\gnn-bert-music-context\data\raw\musiccaps\audio\EzP7PB2x670_30_40.mp3,ok,10.0
Ezodz2aZnzQ,70,80,False,B:\CSE425_Project\gnn-bert-music-context\data\raw\musiccaps\audio\Ezodz2aZnzQ_70_80.mp3,ok,10.0
F1X7egd8Us0,30,40,True,B:\CSE425_Project\gnn-bert-music-context\data\raw\musiccaps\audio\F1X7egd8Us0_30_40.mp3,ok,10.0
F1uXNtotVsg,30,40,False,B:\CSE425_Project\gnn-bert-music-context\data\raw\musiccaps\audio\F1uXNtotVsg_30_40.mp3,ok,10.0
F2ekiX14ID4,100,110,False,B:\CSE425_Project\gnn-bert-music-context\data\raw\musiccaps\audio\F2ekiX14ID4_100_110.mp3,ok,10.0
F3uf_RleI3E,210,220,True,,missing,
F5e-SEICJP4,60,70,True,B:\CSE425_Project\gnn-bert-music-context\data\raw\musiccaps\audio\F5e-SEICJP4_60_70.mp3,ok,10.0
F5xnAYHuGlo,30,40,False,B:\CSE425_Project\gnn-bert-music-context\data\raw\musiccaps\audio\F5xnAYHuGlo_30_40.mp3,ok,10.0
F5zDEHggiMg,30,40,False,B:\CSE425_Project\gnn-bert-music-context\data\raw\musiccaps\audio\F5zDEHggiMg_30_40.mp3,ok,10.0
F7JllgnefSI,30,40,True,B:\CSE425_Project\gnn-bert-music-context\data\raw\musiccaps\audio\F7JllgnefSI_30_40.mp3,ok,10.0
F7Y1T-rQ2JU,410,420,False,B:\CSE425_Project\gnn-bert-music-context\data\raw\musiccaps\audio\F7Y1T-rQ2JU_410_420.mp3,ok,10.0
F8MCOgWhgvY,30,40,True,B:\CSE425_Project\gnn-bert-music-context\data\raw\musiccaps\audio\F8MCOgWhgvY_30_40.mp3,ok,10.0
F8wGRd9332s,30,40,False,B:\CSE425_Project\gnn-bert-music-context\data\raw\musiccaps\audio\F8wGRd9332s_30_40.mp3,ok,10.0
F9LJIyqQFe8,10,20,False,B:\CSE425_Project\gnn-bert-music-context\data\raw\musiccaps\audio\F9LJIyqQFe8_10_20.mp3,ok,10.0
FAhfuP_xh5Y,450,460,True,B:\CSE425_Project\gnn-bert-music-context\data\raw\musiccaps\audio\FAhfuP_xh5Y_450_460.mp3,ok,10.0
FBXBDe3OU5s,90,100,False,B:\CSE425_Project\gnn-bert-music-context\data\raw\musiccaps\audio\FBXBDe3OU5s_90_100.mp3,ok,10.0
FCvs17jk10A,30,40,False,B:\CSE425_Project\gnn-bert-music-context\data\raw\musiccaps\audio\FCvs17jk10A_30_40.mp3,ok,10.0
FCzMqo8kh1o,20,30,True,B:\CSE425_Project\gnn-bert-music-context\data\raw\musiccaps\audio\FCzMqo8kh1o_20_30.mp3,ok,10.0
FDO5BekX478,390,400,True,B:\CSE425_Project\gnn-bert-music-context\data\raw\musiccaps\audio\FDO5BekX478_390_400.mp3,ok,10.0
FDYIdBZUl2Y,30,40,True,B:\CSE425_Project\gnn-bert-music-context\data\raw\musiccaps\audio\FDYIdBZUl2Y_30_40.mp3,ok,10.0
FE2kALvHjEU,30,40,True,B:\CSE425_Project\gnn-bert-music-context\data\raw\musiccaps\audio\FE2kALvHjEU_30_40.mp3,ok,10.0
FENJIDecy5s,80,90,True,B:\CSE425_Project\gnn-bert-music-context\data\raw\musiccaps\audio\FENJIDecy5s_80_90.mp3,ok,10.0
FEuXIeWoCQQ,30,40,False,B:\CSE425_Project\gnn-bert-music-context\data\raw\musiccaps\audio\FEuXIeWoCQQ_30_40.mp3,ok,10.0
FF0VaBxb27w,30,40,True,B:\CSE425_Project\gnn-bert-music-context\data\raw\musiccaps\audio\FF0VaBxb27w_30_40.mp3,ok,10.0
FFQVVwFjy7s,50,60,False,B:\CSE425_Project\gnn-bert-music-context\data\raw\musiccaps\audio\FFQVVwFjy7s_50_60.mp3,ok,10.0
FGZ0sLt4dXA,80,90,False,B:\CSE425_Project\gnn-bert-music-context\data\raw\musiccaps\audio\FGZ0sLt4dXA_80_90.mp3,ok,10.0
FGoDfNZezh0,210,220,False,B:\CSE425_Project\gnn-bert-music-context\data\raw\musiccaps\audio\FGoDfNZezh0_210_220.mp3,ok,10.0
FHC7gN3NnX8,60,70,False,B:\CSE425_Project\gnn-bert-music-context\data\raw\musiccaps\audio\FHC7gN3NnX8_60_70.mp3,ok,10.0
FI_Dl0Cmd38,30,40,False,B:\CSE425_Project\gnn-bert-music-context\data\raw\musiccaps\audio\FI_Dl0Cmd38_30_40.mp3,ok,10.0
FKBryvLMTY4,30,40,False,B:\CSE425_Project\gnn-bert-music-context\data\raw\musiccaps\audio\FKBryvLMTY4_30_40.mp3,ok,10.0
FKChZXXhufE,30,40,True,B:\CSE425_Project\gnn-bert-music-context\data\raw\musiccaps\audio\FKChZXXhufE_30_40.mp3,ok,10.0
FLFmcZiRuzU,30,40,True,B:\CSE425_Project\gnn-bert-music-context\data\raw\musiccaps\audio\FLFmcZiRuzU_30_40.mp3,ok,10.0
FLJPxFCPeDY,40,50,False,B:\CSE425_Project\gnn-bert-music-context\data\raw\musiccaps\audio\FLJPxFCPeDY_40_50.mp3,ok,10.0
FMjUGdTn7lU,80,90,False,B:\CSE425_Project\gnn-bert-music-context\data\raw\musiccaps\audio\FMjUGdTn7lU_80_90.mp3,ok,10.0
FMr1WHtXJbc,30,40,True,B:\CSE425_Project\gnn-bert-music-context\data\raw\musiccaps\audio\FMr1WHtXJbc_30_40.mp3,ok,10.0
FNnKFUkFJ5M,0,10,False,B:\CSE425_Project\gnn-bert-music-context\data\raw\musiccaps\audio\FNnKFUkFJ5M_0_10.mp3,ok,10.0
FRZzUh9hcTo,130,140,False,B:\CSE425_Project\gnn-bert-music-context\data\raw\musiccaps\audio\FRZzUh9hcTo_130_140.mp3,ok,10.0
FSQ3E4XbpPU,30,40,True,B:\CSE425_Project\gnn-bert-music-context\data\raw\musiccaps\audio\FSQ3E4XbpPU_30_40.mp3,ok,10.0
FTdcanPJw6E,70,80,False,B:\CSE425_Project\gnn-bert-music-context\data\raw\musiccaps\audio\FTdcanPJw6E_70_80.mp3,ok,10.0
FXQxobF8FWw,30,40,True,B:\CSE425_Project\gnn-bert-music-context\data\raw\musiccaps\audio\FXQxobF8FWw_30_40.mp3,ok,10.0
FXVu-YwjhxM,200,210,False,B:\CSE425_Project\gnn-bert-music-context\data\raw\musiccaps\audio\FXVu-YwjhxM_200_210.mp3,ok,10.0
FY8bZRm_QiE,50,60,False,B:\CSE425_Project\gnn-bert-music-context\data\raw\musiccaps\audio\FY8bZRm_QiE_50_60.mp3,ok,10.0
FYFapDVOFHg,440,450,False,B:\CSE425_Project\gnn-bert-music-context\data\raw\musiccaps\audio\FYFapDVOFHg_440_450.mp3,ok,10.0
FYux89o7Hhk,390,400,False,B:\CSE425_Project\gnn-bert-music-context\data\raw\musiccaps\audio\FYux89o7Hhk_390_400.mp3,ok,10.0
FYwDTJtEzhk,0,10,True,,missing,
Fa1KdG8niq0,30,40,True,B:\CSE425_Project\gnn-bert-music-context\data\raw\musiccaps\audio\Fa1KdG8niq0_30_40.mp3,ok,10.0
Fa1c4qfBqzE,22,32,True,B:\CSE425_Project\gnn-bert-music-context\data\raw\musiccaps\audio\Fa1c4qfBqzE_22_32.mp3,ok,10.0
FaD9qs2ACpI,30,40,True,B:\CSE425_Project\gnn-bert-music-context\data\raw\musiccaps\audio\FaD9qs2ACpI_30_40.mp3,ok,10.0
FaRrq7cYu84,30,40,True,B:\CSE425_Project\gnn-bert-music-context\data\raw\musiccaps\audio\FaRrq7cYu84_30_40.mp3,ok,10.0
FbV2Lgt3H1Q,30,40,True,B:\CSE425_Project\gnn-bert-music-context\data\raw\musiccaps\audio\FbV2Lgt3H1Q_30_40.mp3,ok,10.0
FcwWl5JBnoU,30,40,False,B:\CSE425_Project\gnn-bert-music-context\data\raw\musiccaps\audio\FcwWl5JBnoU_30_40.mp3,ok,10.0
FdPaa6WR2F8,30,40,False,B:\CSE425_Project\gnn-bert-music-context\data\raw\musiccaps\audio\FdPaa6WR2F8_30_40.mp3,ok,10.0
FdvGsAq99r0,30,40,False,B:\CSE425_Project\gnn-bert-music-context\data\raw\musiccaps\audio\FdvGsAq99r0_30_40.mp3,ok,10.0
Fg8yzA7zifw,30,40,True,B:\CSE425_Project\gnn-bert-music-context\data\raw\musiccaps\audio\Fg8yzA7zifw_30_40.mp3,ok,10.0
FgUSmmTEE3M,0,10,False,B:\CSE425_Project\gnn-bert-music-context\data\raw\musiccaps\audio\FgUSmmTEE3M_0_10.mp3,ok,10.0
Fh53p0Tnnxg,130,140,True,B:\CSE425_Project\gnn-bert-music-context\data\raw\musiccaps\audio\Fh53p0Tnnxg_130_140.mp3,ok,10.0
FiKY19GK6-8,30,40,False,B:\CSE425_Project\gnn-bert-music-context\data\raw\musiccaps\audio\FiKY19GK6-8_30_40.mp3,ok,10.0
FkpJaXzgMBQ,180,190,True,B:\CSE425_Project\gnn-bert-music-context\data\raw\musiccaps\audio\FkpJaXzgMBQ_180_190.mp3,ok,10.0
Fm6ss1PBC1Q,30,40,False,B:\CSE425_Project\gnn-bert-music-context\data\raw\musiccaps\audio\Fm6ss1PBC1Q_30_40.mp3,ok,10.0
FmytwY7SAfU,60,70,False,B:\CSE425_Project\gnn-bert-music-context\data\raw\musiccaps\audio\FmytwY7SAfU_60_70.mp3,ok,10.0
FoFMRXlNJ6Y,30,40,False,B:\CSE425_Project\gnn-bert-music-context\data\raw\musiccaps\audio\FoFMRXlNJ6Y_30_40.mp3,ok,10.0
FsCQmTluSDw,30,40,True,B:\CSE425_Project\gnn-bert-music-context\data\raw\musiccaps\audio\FsCQmTluSDw_30_40.mp3,ok,10.0
FscE_AHEmFk,0,10,False,,missing,
Fsm-xDmyFKg,30,40,True,B:\CSE425_Project\gnn-bert-music-context\data\raw\musiccaps\audio\Fsm-xDmyFKg_30_40.mp3,ok,10.0
FsnRM2irjvI,30,40,True,B:\CSE425_Project\gnn-bert-music-context\data\raw\musiccaps\audio\FsnRM2irjvI_30_40.mp3,ok,10.0
Fsv_syCvzsc,0,10,False,B:\CSE425_Project\gnn-bert-music-context\data\raw\musiccaps\audio\Fsv_syCvzsc_0_10.mp3,ok,10.0
FteW_2gNtD4,170,180,True,B:\CSE425_Project\gnn-bert-music-context\data\raw\musiccaps\audio\FteW_2gNtD4_170_180.mp3,ok,10.0
FtskdD6Py7Y,30,40,False,,missing,
Fv9swdLA-lo,90,100,True,,missing,
FvIKye4-iGc,230,240,True,B:\CSE425_Project\gnn-bert-music-context\data\raw\musiccaps\audio\FvIKye4-iGc_230_240.mp3,ok,10.0
FvQgVl5IBHw,30,40,True,B:\CSE425_Project\gnn-bert-music-context\data\raw\musiccaps\audio\FvQgVl5IBHw_30_40.mp3,ok,10.0
FvdUm5j_oA0,190,200,False,B:\CSE425_Project\gnn-bert-music-context\data\raw\musiccaps\audio\FvdUm5j_oA0_190_200.mp3,ok,10.0
FxeA9blzUD8,30,40,True,B:\CSE425_Project\gnn-bert-music-context\data\raw\musiccaps\audio\FxeA9blzUD8_30_40.mp3,ok,10.0
FxpV97ILuSo,30,40,True,B:\CSE425_Project\gnn-bert-music-context\data\raw\musiccaps\audio\FxpV97ILuSo_30_40.mp3,ok,10.0
Fy51z2RwH3E,30,40,True,B:\CSE425_Project\gnn-bert-music-context\data\raw\musiccaps\audio\Fy51z2RwH3E_30_40.mp3,ok,10.0
Fz-ZNyVKWro,30,40,False,B:\CSE425_Project\gnn-bert-music-context\data\raw\musiccaps\audio\Fz-ZNyVKWro_30_40.mp3,ok,10.0
FzG8ZQAhKrE,30,40,True,B:\CSE425_Project\gnn-bert-music-context\data\raw\musiccaps\audio\FzG8ZQAhKrE_30_40.mp3,ok,10.0
G-5UYGccne4,30,40,False,B:\CSE425_Project\gnn-bert-music-context\data\raw\musiccaps\audio\G-5UYGccne4_30_40.mp3,ok,10.0
G-7BfzMgZL8,30,40,True,B:\CSE425_Project\gnn-bert-music-context\data\raw\musiccaps\audio\G-7BfzMgZL8_30_40.mp3,ok,10.0
G13NEVAm6-o,30,40,False,B:\CSE425_Project\gnn-bert-music-context\data\raw\musiccaps\audio\G13NEVAm6-o_30_40.mp3,ok,10.0
G18Nt0ZeEJQ,30,40,False,B:\CSE425_Project\gnn-bert-music-context\data\raw\musiccaps\audio\G18Nt0ZeEJQ_30_40.mp3,ok,10.0
G22YfD5xxMU,60,70,False,B:\CSE425_Project\gnn-bert-music-context\data\raw\musiccaps\audio\G22YfD5xxMU_60_70.mp3,ok,10.0
G2JDDwIuNrQ,150,160,True,B:\CSE425_Project\gnn-bert-music-context\data\raw\musiccaps\audio\G2JDDwIuNrQ_150_160.mp3,ok,10.0
G2uCAwYS6w0,120,130,True,B:\CSE425_Project\gnn-bert-music-context\data\raw\musiccaps\audio\G2uCAwYS6w0_120_130.mp3,ok,10.0
G4fTKotMoWI,30,40,True,B:\CSE425_Project\gnn-bert-music-context\data\raw\musiccaps\audio\G4fTKotMoWI_30_40.mp3,ok,10.0
G6A9NKeK8ko,580,590,True,B:\CSE425_Project\gnn-bert-music-context\data\raw\musiccaps\audio\G6A9NKeK8ko_580_590.mp3,ok,10.0
G6ihF82lvEA,0,10,False,B:\CSE425_Project\gnn-bert-music-context\data\raw\musiccaps\audio\G6ihF82lvEA_0_10.mp3,ok,10.0
G7pD1K3jYg4,30,40,False,B:\CSE425_Project\gnn-bert-music-context\data\raw\musiccaps\audio\G7pD1K3jYg4_30_40.mp3,ok,10.0
G8iTuTi8ywU,90,100,False,B:\CSE425_Project\gnn-bert-music-context\data\raw\musiccaps\audio\G8iTuTi8ywU_90_100.mp3,ok,10.0
G9gsCU85c8k,160,170,False,B:\CSE425_Project\gnn-bert-music-context\data\raw\musiccaps\audio\G9gsCU85c8k_160_170.mp3,ok,10.0
GAoGADilmV8,450,460,False,B:\CSE425_Project\gnn-bert-music-context\data\raw\musiccaps\audio\GAoGADilmV8_450_460.mp3,ok,10.0
GAohd8KvONo,30,40,True,B:\CSE425_Project\gnn-bert-music-context\data\raw\musiccaps\audio\GAohd8KvONo_30_40.mp3,ok,10.0
GBLKj2d0iC4,30,40,True,,missing,
GBMlv6j0WJ8,100,110,False,B:\CSE425_Project\gnn-bert-music-context\data\raw\musiccaps\audio\GBMlv6j0WJ8_100_110.mp3,ok,10.0
GBsate-JQAo,120,130,True,B:\CSE425_Project\gnn-bert-music-context\data\raw\musiccaps\audio\GBsate-JQAo_120_130.mp3,ok,10.0
GF8QWSW0UbY,30,40,True,B:\CSE425_Project\gnn-bert-music-context\data\raw\musiccaps\audio\GF8QWSW0UbY_30_40.mp3,ok,10.0
GFGwPa9d9XQ,30,40,False,B:\CSE425_Project\gnn-bert-music-context\data\raw\musiccaps\audio\GFGwPa9d9XQ_30_40.mp3,ok,10.0
GFJNgqcX7u0,30,40,True,B:\CSE425_Project\gnn-bert-music-context\data\raw\musiccaps\audio\GFJNgqcX7u0_30_40.mp3,ok,10.0
GFT6TeQx_0U,30,40,True,B:\CSE425_Project\gnn-bert-music-context\data\raw\musiccaps\audio\GFT6TeQx_0U_30_40.mp3,ok,10.0
GFbSHWBjuuQ,30,40,False,B:\CSE425_Project\gnn-bert-music-context\data\raw\musiccaps\audio\GFbSHWBjuuQ_30_40.mp3,ok,10.0
GG6XkHATIyw,90,100,True,B:\CSE425_Project\gnn-bert-music-context\data\raw\musiccaps\audio\GG6XkHATIyw_90_100.mp3,ok,10.0
GHQlBD-6rkA,50,60,True,B:\CSE425_Project\gnn-bert-music-context\data\raw\musiccaps\audio\GHQlBD-6rkA_50_60.mp3,ok,10.0
GHyUAl9Yaos,140,150,False,B:\CSE425_Project\gnn-bert-music-context\data\raw\musiccaps\audio\GHyUAl9Yaos_140_150.mp3,ok,10.0
GJYhDjThTHM,30,40,True,B:\CSE425_Project\gnn-bert-music-context\data\raw\musiccaps\audio\GJYhDjThTHM_30_40.mp3,ok,10.0
GLIXnXZEOxY,90,100,True,B:\CSE425_Project\gnn-bert-music-context\data\raw\musiccaps\audio\GLIXnXZEOxY_90_100.mp3,ok,10.0
GMFWnMRtfNI,30,40,False,B:\CSE425_Project\gnn-bert-music-context\data\raw\musiccaps\audio\GMFWnMRtfNI_30_40.mp3,ok,10.0
GMtb7U-8IYM,30,40,True,B:\CSE425_Project\gnn-bert-music-context\data\raw\musiccaps\audio\GMtb7U-8IYM_30_40.mp3,ok,10.0
GNjsxLdSwHI,30,40,True,B:\CSE425_Project\gnn-bert-music-context\data\raw\musiccaps\audio\GNjsxLdSwHI_30_40.mp3,ok,10.0
GNu_hiHGEp0,40,50,True,B:\CSE425_Project\gnn-bert-music-context\data\raw\musiccaps\audio\GNu_hiHGEp0_40_50.mp3,ok,10.0
GOTy3yhCylw,100,110,False,B:\CSE425_Project\gnn-bert-music-context\data\raw\musiccaps\audio\GOTy3yhCylw_100_110.mp3,ok,10.0
GOujNXEtDmg,30,40,True,B:\CSE425_Project\gnn-bert-music-context\data\raw\musiccaps\audio\GOujNXEtDmg_30_40.mp3,ok,10.0
GPSqrciDLog,30,40,True,B:\CSE425_Project\gnn-bert-music-context\data\raw\musiccaps\audio\GPSqrciDLog_30_40.mp3,ok,10.0
GPwzpw_47Dg,260,270,False,B:\CSE425_Project\gnn-bert-music-context\data\raw\musiccaps\audio\GPwzpw_47Dg_260_270.mp3,ok,10.0
GQPOpFX20Gw,30,40,True,B:\CSE425_Project\gnn-bert-music-context\data\raw\musiccaps\audio\GQPOpFX20Gw_30_40.mp3,ok,10.0
GQbUpJFArKI,50,60,True,B:\CSE425_Project\gnn-bert-music-context\data\raw\musiccaps\audio\GQbUpJFArKI_50_60.mp3,ok,10.0
GQbytKkt0tg,10,20,True,B:\CSE425_Project\gnn-bert-music-context\data\raw\musiccaps\audio\GQbytKkt0tg_10_20.mp3,ok,10.0
GQz_u0Vc8Os,30,40,True,B:\CSE425_Project\gnn-bert-music-context\data\raw\musiccaps\audio\GQz_u0Vc8Os_30_40.mp3,ok,10.0
GRdzFvQezUE,80,90,False,B:\CSE425_Project\gnn-bert-music-context\data\raw\musiccaps\audio\GRdzFvQezUE_80_90.mp3,ok,10.0
GSAMEMX_oAg,200,210,True,B:\CSE425_Project\gnn-bert-music-context\data\raw\musiccaps\audio\GSAMEMX_oAg_200_210.mp3,ok,10.0
GT9g4uqK9G8,30,40,False,B:\CSE425_Project\gnn-bert-music-context\data\raw\musiccaps\audio\GT9g4uqK9G8_30_40.mp3,ok,10.0
GU782ddSBvk,390,400,True,B:\CSE425_Project\gnn-bert-music-context\data\raw\musiccaps\audio\GU782ddSBvk_390_400.mp3,ok,10.0
GUwBLItoJXk,60,70,False,B:\CSE425_Project\gnn-bert-music-context\data\raw\musiccaps\audio\GUwBLItoJXk_60_70.mp3,ok,10.0
GW6pti04qIo,130,140,False,B:\CSE425_Project\gnn-bert-music-context\data\raw\musiccaps\audio\GW6pti04qIo_130_140.mp3,ok,10.0
GWcMqKYOJR4,20,30,False,B:\CSE425_Project\gnn-bert-music-context\data\raw\musiccaps\audio\GWcMqKYOJR4_20_30.mp3,ok,10.0
GWcTd6XrQj4,380,390,False,B:\CSE425_Project\gnn-bert-music-context\data\raw\musiccaps\audio\GWcTd6XrQj4_380_390.mp3,ok,10.0
GWxiiDBK5s8,30,40,False,B:\CSE425_Project\gnn-bert-music-context\data\raw\musiccaps\audio\GWxiiDBK5s8_30_40.mp3,ok,10.0
GX-QhoihLeI,30,40,True,B:\CSE425_Project\gnn-bert-music-context\data\raw\musiccaps\audio\GX-QhoihLeI_30_40.mp3,ok,10.0
GXLeUXSVFYU,30,40,True,B:\CSE425_Project\gnn-bert-music-context\data\raw\musiccaps\audio\GXLeUXSVFYU_30_40.mp3,ok,10.0
GYCfrx0ruz4,30,40,True,B:\CSE425_Project\gnn-bert-music-context\data\raw\musiccaps\audio\GYCfrx0ruz4_30_40.mp3,ok,10.0
GYx6HNQbP1w,30,40,True,B:\CSE425_Project\gnn-bert-music-context\data\raw\musiccaps\audio\GYx6HNQbP1w_30_40.mp3,ok,10.0
G_iJif-fC6E,80,90,False,B:\CSE425_Project\gnn-bert-music-context\data\raw\musiccaps\audio\G_iJif-fC6E_80_90.mp3,ok,10.0
GaNjXwElAUE,30,40,True,B:\CSE425_Project\gnn-bert-music-context\data\raw\musiccaps\audio\GaNjXwElAUE_30_40.mp3,ok,10.0
GbjtSTTEFK4,30,40,True,B:\CSE425_Project\gnn-bert-music-context\data\raw\musiccaps\audio\GbjtSTTEFK4_30_40.mp3,ok,10.0
Gc8xf7CJiFY,240,250,True,B:\CSE425_Project\gnn-bert-music-context\data\raw\musiccaps\audio\Gc8xf7CJiFY_240_250.mp3,ok,10.0
GcOOmVSM8Uw,110,120,False,B:\CSE425_Project\gnn-bert-music-context\data\raw\musiccaps\audio\GcOOmVSM8Uw_110_120.mp3,ok,10.0
GcYeBWujhjw,10,20,False,B:\CSE425_Project\gnn-bert-music-context\data\raw\musiccaps\audio\GcYeBWujhjw_10_20.mp3,ok,10.0
GcbCOmNiVm8,0,10,True,,missing,
GcnLApOeCh0,30,40,True,B:\CSE425_Project\gnn-bert-music-context\data\raw\musiccaps\audio\GcnLApOeCh0_30_40.mp3,ok,10.0
GcqCHmHXEjo,30,40,True,B:\CSE425_Project\gnn-bert-music-context\data\raw\musiccaps\audio\GcqCHmHXEjo_30_40.mp3,ok,10.0
Gde1fn1Y1uM,30,40,True,B:\CSE425_Project\gnn-bert-music-context\data\raw\musiccaps\audio\Gde1fn1Y1uM_30_40.mp3,ok,10.0
GglIHiqClGM,30,40,True,B:\CSE425_Project\gnn-bert-music-context\data\raw\musiccaps\audio\GglIHiqClGM_30_40.mp3,ok,10.0
Gh4KBdcCU64,160,170,False,B:\CSE425_Project\gnn-bert-music-context\data\raw\musiccaps\audio\Gh4KBdcCU64_160_170.mp3,ok,10.0
GiTmjE7az74,30,40,True,B:\CSE425_Project\gnn-bert-music-context\data\raw\musiccaps\audio\GiTmjE7az74_30_40.mp3,ok,10.0
GinP_ZRgAoY,30,40,True,B:\CSE425_Project\gnn-bert-music-context\data\raw\musiccaps\audio\GinP_ZRgAoY_30_40.mp3,ok,10.0
Gj6etuzTWlQ,30,40,True,B:\CSE425_Project\gnn-bert-music-context\data\raw\musiccaps\audio\Gj6etuzTWlQ_30_40.mp3,ok,10.0
GjE_iD2BbFg,190,200,False,B:\CSE425_Project\gnn-bert-music-context\data\raw\musiccaps\audio\GjE_iD2BbFg_190_200.mp3,ok,10.0
GkB_BkyVyPs,30,40,True,B:\CSE425_Project\gnn-bert-music-context\data\raw\musiccaps\audio\GkB_BkyVyPs_30_40.mp3,ok,10.0
GmGWvBNO8JI,30,40,True,B:\CSE425_Project\gnn-bert-music-context\data\raw\musiccaps\audio\GmGWvBNO8JI_30_40.mp3,ok,10.0
GopccU3Am1w,20,30,True,B:\CSE425_Project\gnn-bert-music-context\data\raw\musiccaps\audio\GopccU3Am1w_20_30.mp3,ok,10.0
Gow0TlxIx7U,220,230,False,B:\CSE425_Project\gnn-bert-music-context\data\raw\musiccaps\audio\Gow0TlxIx7U_220_230.mp3,ok,10.0
GrbrWNohr6Y,30,40,True,B:\CSE425_Project\gnn-bert-music-context\data\raw\musiccaps\audio\GrbrWNohr6Y_30_40.mp3,ok,10.0
Grtmre_r9yI,250,260,True,B:\CSE425_Project\gnn-bert-music-context\data\raw\musiccaps\audio\Grtmre_r9yI_250_260.mp3,ok,10.0
GuHDy--gWiM,30,40,False,B:\CSE425_Project\gnn-bert-music-context\data\raw\musiccaps\audio\GuHDy--gWiM_30_40.mp3,ok,10.0
GuJdy864xWM,30,40,False,B:\CSE425_Project\gnn-bert-music-context\data\raw\musiccaps\audio\GuJdy864xWM_30_40.mp3,ok,10.0
GuQFhmGqdog,62,72,True,B:\CSE425_Project\gnn-bert-music-context\data\raw\musiccaps\audio\GuQFhmGqdog_62_72.mp3,ok,10.0
GuYRF0no7hw,30,40,True,B:\CSE425_Project\gnn-bert-music-context\data\raw\musiccaps\audio\GuYRF0no7hw_30_40.mp3,ok,10.0
Guu30szkA-0,30,40,True,B:\CSE425_Project\gnn-bert-music-context\data\raw\musiccaps\audio\Guu30szkA-0_30_40.mp3,ok,10.0
Gw0KmZ3kbjs,30,40,True,B:\CSE425_Project\gnn-bert-music-context\data\raw\musiccaps\audio\Gw0KmZ3kbjs_30_40.mp3,ok,10.0
GwTXkfuc5v8,30,40,True,B:\CSE425_Project\gnn-bert-music-context\data\raw\musiccaps\audio\GwTXkfuc5v8_30_40.mp3,ok,10.0
GwxSvUoYSZg,10,20,True,B:\CSE425_Project\gnn-bert-music-context\data\raw\musiccaps\audio\GwxSvUoYSZg_10_20.mp3,ok,10.0
GxeDIuOzxmU,30,40,False,B:\CSE425_Project\gnn-bert-music-context\data\raw\musiccaps\audio\GxeDIuOzxmU_30_40.mp3,ok,10.0
GyxH8ep_Vx8,30,40,False,B:\CSE425_Project\gnn-bert-music-context\data\raw\musiccaps\audio\GyxH8ep_Vx8_30_40.mp3,ok,10.0
Gz8RlHf3Czs,30,40,False,B:\CSE425_Project\gnn-bert-music-context\data\raw\musiccaps\audio\Gz8RlHf3Czs_30_40.mp3,ok,10.0
GzRvq0gJbj0,70,80,False,B:\CSE425_Project\gnn-bert-music-context\data\raw\musiccaps\audio\GzRvq0gJbj0_70_80.mp3,ok,10.0
H-bTMbePj0A,30,40,True,B:\CSE425_Project\gnn-bert-music-context\data\raw\musiccaps\audio\H-bTMbePj0A_30_40.mp3,ok,10.0
H18aK9HhNSM,30,40,True,B:\CSE425_Project\gnn-bert-music-context\data\raw\musiccaps\audio\H18aK9HhNSM_30_40.mp3,ok,10.0
H4rdJlSSt5Y,30,40,True,B:\CSE425_Project\gnn-bert-music-context\data\raw\musiccaps\audio\H4rdJlSSt5Y_30_40.mp3,ok,10.0
H4tyvJJzSDk,30,40,True,B:\CSE425_Project\gnn-bert-music-context\data\raw\musiccaps\audio\H4tyvJJzSDk_30_40.mp3,ok,10.0
H6Y_7Ax34-g,290,300,False,B:\CSE425_Project\gnn-bert-music-context\data\raw\musiccaps\audio\H6Y_7Ax34-g_290_300.mp3,ok,10.0
H6qzijVEqZQ,10,20,True,B:\CSE425_Project\gnn-bert-music-context\data\raw\musiccaps\audio\H6qzijVEqZQ_10_20.mp3,ok,10.0
H6rZwBc6aNM,30,40,True,B:\CSE425_Project\gnn-bert-music-context\data\raw\musiccaps\audio\H6rZwBc6aNM_30_40.mp3,ok,10.0
HAEoz3VbaP8,0,10,True,B:\CSE425_Project\gnn-bert-music-context\data\raw\musiccaps\audio\HAEoz3VbaP8_0_10.mp3,ok,10.0
HAHn_zB47ig,80,90,True,,missing,
HCCGZh-TxK0,30,40,False,B:\CSE425_Project\gnn-bert-music-context\data\raw\musiccaps\audio\HCCGZh-TxK0_30_40.mp3,ok,10.0
HDSV7Pzq8CA,80,90,True,B:\CSE425_Project\gnn-bert-music-context\data\raw\musiccaps\audio\HDSV7Pzq8CA_80_90.mp3,ok,10.0
HEclHruM37s,210,220,False,B:\CSE425_Project\gnn-bert-music-context\data\raw\musiccaps\audio\HEclHruM37s_210_220.mp3,ok,10.0
HEhogaw0vUg,30,40,True,B:\CSE425_Project\gnn-bert-music-context\data\raw\musiccaps\audio\HEhogaw0vUg_30_40.mp3,ok,10.0
HEk4fx_XNNE,20,30,True,B:\CSE425_Project\gnn-bert-music-context\data\raw\musiccaps\audio\HEk4fx_XNNE_20_30.mp3,ok,10.0
HFH9tcIK_PM,170,180,True,B:\CSE425_Project\gnn-bert-music-context\data\raw\musiccaps\audio\HFH9tcIK_PM_170_180.mp3,ok,10.0
HFVM5pVTwkM,150,160,True,B:\CSE425_Project\gnn-bert-music-context\data\raw\musiccaps\audio\HFVM5pVTwkM_150_160.mp3,ok,10.0
HH3ryAEP308,30,40,False,B:\CSE425_Project\gnn-bert-music-context\data\raw\musiccaps\audio\HH3ryAEP308_30_40.mp3,ok,10.0
HHTgjmgTV6c,30,40,True,B:\CSE425_Project\gnn-bert-music-context\data\raw\musiccaps\audio\HHTgjmgTV6c_30_40.mp3,ok,10.0
HHZGjS4g-w4,30,40,False,B:\CSE425_Project\gnn-bert-music-context\data\raw\musiccaps\audio\HHZGjS4g-w4_30_40.mp3,ok,10.0
HIDXdH6R6T8,220,230,False,B:\CSE425_Project\gnn-bert-music-context\data\raw\musiccaps\audio\HIDXdH6R6T8_220_230.mp3,ok,10.0
HJuR9WJ1iRY,40,50,False,B:\CSE425_Project\gnn-bert-music-context\data\raw\musiccaps\audio\HJuR9WJ1iRY_40_50.mp3,ok,10.0
HLXGkzzQHUU,30,40,True,B:\CSE425_Project\gnn-bert-music-context\data\raw\musiccaps\audio\HLXGkzzQHUU_30_40.mp3,ok,10.0
HLsRePLObfI,30,40,True,B:\CSE425_Project\gnn-bert-music-context\data\raw\musiccaps\audio\HLsRePLObfI_30_40.mp3,ok,10.0
HLz3N5nG8fQ,30,40,True,B:\CSE425_Project\gnn-bert-music-context\data\raw\musiccaps\audio\HLz3N5nG8fQ_30_40.mp3,ok,10.0
HMJe5jS0Yt4,30,40,True,B:\CSE425_Project\gnn-bert-music-context\data\raw\musiccaps\audio\HMJe5jS0Yt4_30_40.mp3,ok,10.0
HMQfp_qtF-M,220,230,False,B:\CSE425_Project\gnn-bert-music-context\data\raw\musiccaps\audio\HMQfp_qtF-M_220_230.mp3,ok,10.0
HNf9eHqDT1A,30,40,True,B:\CSE425_Project\gnn-bert-music-context\data\raw\musiccaps\audio\HNf9eHqDT1A_30_40.mp3,ok,10.0
HOIIp5NyFx0,20,30,True,B:\CSE425_Project\gnn-bert-music-context\data\raw\musiccaps\audio\HOIIp5NyFx0_20_30.mp3,ok,10.0
HOkuea1wExA,30,40,False,B:\CSE425_Project\gnn-bert-music-context\data\raw\musiccaps\audio\HOkuea1wExA_30_40.mp3,ok,10.0
HQ9HlWProm0,30,40,False,B:\CSE425_Project\gnn-bert-music-context\data\raw\musiccaps\audio\HQ9HlWProm0_30_40.mp3,ok,10.0
HQb2jhmw1BE,310,320,True,B:\CSE425_Project\gnn-bert-music-context\data\raw\musiccaps\audio\HQb2jhmw1BE_310_320.mp3,ok,10.0
HRVVqstIabc,240,250,False,B:\CSE425_Project\gnn-bert-music-context\data\raw\musiccaps\audio\HRVVqstIabc_240_250.mp3,ok,10.0
HRxTN4TH-80,0,10,False,B:\CSE425_Project\gnn-bert-music-context\data\raw\musiccaps\audio\HRxTN4TH-80_0_10.mp3,ok,10.0
HS_ikHx4LIQ,190,200,True,B:\CSE425_Project\gnn-bert-music-context\data\raw\musiccaps\audio\HS_ikHx4LIQ_190_200.mp3,ok,10.0
HSrzR9hhEe8,30,40,False,B:\CSE425_Project\gnn-bert-music-context\data\raw\musiccaps\audio\HSrzR9hhEe8_30_40.mp3,ok,10.0
HTQySJM4Jhg,50,60,False,B:\CSE425_Project\gnn-bert-music-context\data\raw\musiccaps\audio\HTQySJM4Jhg_50_60.mp3,ok,10.0
HU7oqkJeItQ,0,10,True,B:\CSE425_Project\gnn-bert-music-context\data\raw\musiccaps\audio\HU7oqkJeItQ_0_10.mp3,ok,10.0
HVA9-fjtv6U,60,70,False,,missing,
HVsXJDR1_Lw,30,40,True,B:\CSE425_Project\gnn-bert-music-context\data\raw\musiccaps\audio\HVsXJDR1_Lw_30_40.mp3,ok,10.0
HWZdPxRzCWs,30,40,True,B:\CSE425_Project\gnn-bert-music-context\data\raw\musiccaps\audio\HWZdPxRzCWs_30_40.mp3,ok,10.0
HWe3TSUcvHc,30,40,True,B:\CSE425_Project\gnn-bert-music-context\data\raw\musiccaps\audio\HWe3TSUcvHc_30_40.mp3,ok,10.0
HXG8DnTpyPc,220,230,False,B:\CSE425_Project\gnn-bert-music-context\data\raw\musiccaps\audio\HXG8DnTpyPc_220_230.mp3,ok,10.0
HXwX9f9ugZ4,340,350,False,B:\CSE425_Project\gnn-bert-music-context\data\raw\musiccaps\audio\HXwX9f9ugZ4_340_350.mp3,ok,10.0
HY1KdNS19CM,0,10,False,B:\CSE425_Project\gnn-bert-music-context\data\raw\musiccaps\audio\HY1KdNS19CM_0_10.mp3,ok,10.0
HYjSrwSm0T4,250,260,True,B:\CSE425_Project\gnn-bert-music-context\data\raw\musiccaps\audio\HYjSrwSm0T4_250_260.mp3,ok,10.0
H_2ZPxy80Eo,30,40,True,B:\CSE425_Project\gnn-bert-music-context\data\raw\musiccaps\audio\H_2ZPxy80Eo_30_40.mp3,ok,10.0
H_5wh4aMQe0,270,280,True,B:\CSE425_Project\gnn-bert-music-context\data\raw\musiccaps\audio\H_5wh4aMQe0_270_280.mp3,ok,10.0
H_He9_zHk8I,80,90,False,B:\CSE425_Project\gnn-bert-music-context\data\raw\musiccaps\audio\H_He9_zHk8I_80_90.mp3,ok,10.0
Ha-FS_CHmGw,60,70,True,B:\CSE425_Project\gnn-bert-music-context\data\raw\musiccaps\audio\Ha-FS_CHmGw_60_70.mp3,ok,10.0
HbX1ZIuD0ac,110,120,False,B:\CSE425_Project\gnn-bert-music-context\data\raw\musiccaps\audio\HbX1ZIuD0ac_110_120.mp3,ok,10.0
Hc_UM8l_sTg,30,40,True,B:\CSE425_Project\gnn-bert-music-context\data\raw\musiccaps\audio\Hc_UM8l_sTg_30_40.mp3,ok,10.0
HdRPdh-cSTw,140,150,False,B:\CSE425_Project\gnn-bert-music-context\data\raw\musiccaps\audio\HdRPdh-cSTw_140_150.mp3,ok,10.0
Hdko95EitpI,40,50,False,B:\CSE425_Project\gnn-bert-music-context\data\raw\musiccaps\audio\Hdko95EitpI_40_50.mp3,ok,10.0
He63KV_9Pwg,60,70,False,B:\CSE425_Project\gnn-bert-music-context\data\raw\musiccaps\audio\He63KV_9Pwg_60_70.mp3,ok,10.0
HfBh3lZZi8Q,100,110,False,B:\CSE425_Project\gnn-bert-music-context\data\raw\musiccaps\audio\HfBh3lZZi8Q_100_110.mp3,ok,10.0
HflVPAOVL7U,2,12,True,B:\CSE425_Project\gnn-bert-music-context\data\raw\musiccaps\audio\HflVPAOVL7U_2_12.mp3,ok,10.0
HfzEa06vDLg,30,40,True,B:\CSE425_Project\gnn-bert-music-context\data\raw\musiccaps\audio\HfzEa06vDLg_30_40.mp3,ok,10.0
Hg4f2xt3oKA,30,40,True,B:\CSE425_Project\gnn-bert-music-context\data\raw\musiccaps\audio\Hg4f2xt3oKA_30_40.mp3,ok,10.0
HhQTvaZtURY,30,40,False,B:\CSE425_Project\gnn-bert-music-context\data\raw\musiccaps\audio\HhQTvaZtURY_30_40.mp3,ok,10.0
Hij_QxDkIJI,30,40,False,B:\CSE425_Project\gnn-bert-music-context\data\raw\musiccaps\audio\Hij_QxDkIJI_30_40.mp3,ok,10.0
HkCYA4ax4jI,70,80,False,B:\CSE425_Project\gnn-bert-music-context\data\raw\musiccaps\audio\HkCYA4ax4jI_70_80.mp3,ok,10.0
HkXSX7Kdhms,30,40,True,B:\CSE425_Project\gnn-bert-music-context\data\raw\musiccaps\audio\HkXSX7Kdhms_30_40.mp3,ok,10.0
Hl8OrRlMwi4,10,20,False,B:\CSE425_Project\gnn-bert-music-context\data\raw\musiccaps\audio\Hl8OrRlMwi4_10_20.mp3,ok,10.0
Hn46VuvS88Y,30,40,False,B:\CSE425_Project\gnn-bert-music-context\data\raw\musiccaps\audio\Hn46VuvS88Y_30_40.mp3,ok,10.0
Hnk45Z0EAxg,150,160,True,B:\CSE425_Project\gnn-bert-music-context\data\raw\musiccaps\audio\Hnk45Z0EAxg_150_160.mp3,ok,10.0
Hob0LAu8afQ,110,120,False,,missing,
Hp-lgcs4VXY,50,60,False,B:\CSE425_Project\gnn-bert-music-context\data\raw\musiccaps\audio\Hp-lgcs4VXY_50_60.mp3,ok,10.0
HpkPTa1fQDE,500,510,False,B:\CSE425_Project\gnn-bert-music-context\data\raw\musiccaps\audio\HpkPTa1fQDE_500_510.mp3,ok,10.0
HplcVmJhuIc,40,50,True,B:\CSE425_Project\gnn-bert-music-context\data\raw\musiccaps\audio\HplcVmJhuIc_40_50.mp3,ok,10.0
HrPnGYGrvm0,100,110,True,B:\CSE425_Project\gnn-bert-music-context\data\raw\musiccaps\audio\HrPnGYGrvm0_100_110.mp3,ok,10.0
Hrgl_1rGGU4,30,40,False,B:\CSE425_Project\gnn-bert-music-context\data\raw\musiccaps\audio\Hrgl_1rGGU4_30_40.mp3,ok,10.0
HrwpdRe7meM,10,20,False,B:\CSE425_Project\gnn-bert-music-context\data\raw\musiccaps\audio\HrwpdRe7meM_10_20.mp3,ok,10.0
HrxfNVYirCo,30,40,True,B:\CSE425_Project\gnn-bert-music-context\data\raw\musiccaps\audio\HrxfNVYirCo_30_40.mp3,ok,10.0
HtCkwxfAmzw,30,40,True,B:\CSE425_Project\gnn-bert-music-context\data\raw\musiccaps\audio\HtCkwxfAmzw_30_40.mp3,ok,10.0
HtRjRuKnvjI,30,40,False,B:\CSE425_Project\gnn-bert-music-context\data\raw\musiccaps\audio\HtRjRuKnvjI_30_40.mp3,ok,10.0
HtSznF9_784,30,40,True,B:\CSE425_Project\gnn-bert-music-context\data\raw\musiccaps\audio\HtSznF9_784_30_40.mp3,ok,10.0
HtXtfCR-MUg,60,70,False,B:\CSE425_Project\gnn-bert-music-context\data\raw\musiccaps\audio\HtXtfCR-MUg_60_70.mp3,ok,10.0
HuVgc2jf0Ec,10,20,False,B:\CSE425_Project\gnn-bert-music-context\data\raw\musiccaps\audio\HuVgc2jf0Ec_10_20.mp3,ok,10.0
HvOSaS8sXQM,30,40,False,B:\CSE425_Project\gnn-bert-music-context\data\raw\musiccaps\audio\HvOSaS8sXQM_30_40.mp3,ok,10.0
Hvs6Xwc6-gc,30,40,False,,missing,
HvuHSr_yncE,70,80,True,B:\CSE425_Project\gnn-bert-music-context\data\raw\musiccaps\audio\HvuHSr_yncE_70_80.mp3,ok,10.0
HwGK5RvNOFI,30,40,True,B:\CSE425_Project\gnn-bert-music-context\data\raw\musiccaps\audio\HwGK5RvNOFI_30_40.mp3,ok,10.0
Hxf1seOpijE,10,20,True,B:\CSE425_Project\gnn-bert-music-context\data\raw\musiccaps\audio\Hxf1seOpijE_10_20.mp3,ok,10.0
HyJ2YaNrA3U,30,40,True,B:\CSE425_Project\gnn-bert-music-context\data\raw\musiccaps\audio\HyJ2YaNrA3U_30_40.mp3,ok,10.0
HyXMWRU9Owc,130,140,False,B:\CSE425_Project\gnn-bert-music-context\data\raw\musiccaps\audio\HyXMWRU9Owc_130_140.mp3,ok,10.0
HyyHwIK9SSI,30,40,True,B:\CSE425_Project\gnn-bert-music-context\data\raw\musiccaps\audio\HyyHwIK9SSI_30_40.mp3,ok,10.0
HzXWXYxXyYA,50,60,True,B:\CSE425_Project\gnn-bert-music-context\data\raw\musiccaps\audio\HzXWXYxXyYA_50_60.mp3,ok,10.0
I-C14nCneBs,0,10,True,B:\CSE425_Project\gnn-bert-music-context\data\raw\musiccaps\audio\I-C14nCneBs_0_10.mp3,ok,10.0
I-XYm2Ck2r8,30,40,True,B:\CSE425_Project\gnn-bert-music-context\data\raw\musiccaps\audio\I-XYm2Ck2r8_30_40.mp3,ok,10.0
I-Z3gB6pfIA,30,40,True,B:\CSE425_Project\gnn-bert-music-context\data\raw\musiccaps\audio\I-Z3gB6pfIA_30_40.mp3,ok,10.0
I-xPuRe9vF0,210,220,True,B:\CSE425_Project\gnn-bert-music-context\data\raw\musiccaps\audio\I-xPuRe9vF0_210_220.mp3,ok,10.0
I06TOd9pXng,0,10,False,B:\CSE425_Project\gnn-bert-music-context\data\raw\musiccaps\audio\I06TOd9pXng_0_10.mp3,ok,10.0
I0q3IGmTkRo,30,40,True,B:\CSE425_Project\gnn-bert-music-context\data\raw\musiccaps\audio\I0q3IGmTkRo_30_40.mp3,ok,10.0
I0skZ6yT36E,30,40,False,B:\CSE425_Project\gnn-bert-music-context\data\raw\musiccaps\audio\I0skZ6yT36E_30_40.mp3,ok,10.0
I11AcD1sGes,330,340,False,B:\CSE425_Project\gnn-bert-music-context\data\raw\musiccaps\audio\I11AcD1sGes_330_340.mp3,ok,10.0
I1fcUe9MoMw,120,130,True,B:\CSE425_Project\gnn-bert-music-context\data\raw\musiccaps\audio\I1fcUe9MoMw_120_130.mp3,ok,10.0
I1wakVlpP6M,30,40,True,B:\CSE425_Project\gnn-bert-music-context\data\raw\musiccaps\audio\I1wakVlpP6M_30_40.mp3,ok,10.0
I2yA-F-_A2E,80,90,False,B:\CSE425_Project\gnn-bert-music-context\data\raw\musiccaps\audio\I2yA-F-_A2E_80_90.mp3,ok,10.0
I368EWBLIs4,230,240,True,B:\CSE425_Project\gnn-bert-music-context\data\raw\musiccaps\audio\I368EWBLIs4_230_240.mp3,ok,10.0
I3qbB4Kq3Y0,30,40,True,B:\CSE425_Project\gnn-bert-music-context\data\raw\musiccaps\audio\I3qbB4Kq3Y0_30_40.mp3,ok,10.0
I4Jp0kB2Ns0,30,40,True,B:\CSE425_Project\gnn-bert-music-context\data\raw\musiccaps\audio\I4Jp0kB2Ns0_30_40.mp3,ok,10.0
I4Rhe1XViYg,30,40,True,B:\CSE425_Project\gnn-bert-music-context\data\raw\musiccaps\audio\I4Rhe1XViYg_30_40.mp3,ok,10.0
I5CBPhpimtg,30,40,False,B:\CSE425_Project\gnn-bert-music-context\data\raw\musiccaps\audio\I5CBPhpimtg_30_40.mp3,ok,10.0
I5KHYgtrVBw,30,40,True,B:\CSE425_Project\gnn-bert-music-context\data\raw\musiccaps\audio\I5KHYgtrVBw_30_40.mp3,ok,10.0
I5mESbabhZY,30,40,False,B:\CSE425_Project\gnn-bert-music-context\data\raw\musiccaps\audio\I5mESbabhZY_30_40.mp3,ok,10.0
I6eU2qRjJ7Y,520,530,False,B:\CSE425_Project\gnn-bert-music-context\data\raw\musiccaps\audio\I6eU2qRjJ7Y_520_530.mp3,ok,10.0
I6wri5XQQbU,30,40,True,B:\CSE425_Project\gnn-bert-music-context\data\raw\musiccaps\audio\I6wri5XQQbU_30_40.mp3,ok,10.0
IAeYandwJqc,70,80,False,B:\CSE425_Project\gnn-bert-music-context\data\raw\musiccaps\audio\IAeYandwJqc_70_80.mp3,ok,10.0
IC_Wpalzzm8,30,40,False,B:\CSE425_Project\gnn-bert-music-context\data\raw\musiccaps\audio\IC_Wpalzzm8_30_40.mp3,ok,10.0
ICcASgMtIJ8,30,40,False,B:\CSE425_Project\gnn-bert-music-context\data\raw\musiccaps\audio\ICcASgMtIJ8_30_40.mp3,ok,10.0
ICtri0ElFZc,30,40,True,B:\CSE425_Project\gnn-bert-music-context\data\raw\musiccaps\audio\ICtri0ElFZc_30_40.mp3,ok,10.0
ID4AoAfHMVk,30,40,True,B:\CSE425_Project\gnn-bert-music-context\data\raw\musiccaps\audio\ID4AoAfHMVk_30_40.mp3,ok,10.0
IDHHAwqDpzU,30,40,False,B:\CSE425_Project\gnn-bert-music-context\data\raw\musiccaps\audio\IDHHAwqDpzU_30_40.mp3,ok,10.0
IEVVHo9nr7g,30,40,True,B:\CSE425_Project\gnn-bert-music-context\data\raw\musiccaps\audio\IEVVHo9nr7g_30_40.mp3,ok,10.0
IF-77lLlMzE,30,40,True,,missing,
IFimpFwvbz8,30,40,True,B:\CSE425_Project\gnn-bert-music-context\data\raw\musiccaps\audio\IFimpFwvbz8_30_40.mp3,ok,10.0
IFumVgqOVaM,10,20,False,B:\CSE425_Project\gnn-bert-music-context\data\raw\musiccaps\audio\IFumVgqOVaM_10_20.mp3,ok,10.0
IGAzIIZRczw,10,20,False,B:\CSE425_Project\gnn-bert-music-context\data\raw\musiccaps\audio\IGAzIIZRczw_10_20.mp3,ok,10.0
IGyDtKAU1u8,550,560,False,B:\CSE425_Project\gnn-bert-music-context\data\raw\musiccaps\audio\IGyDtKAU1u8_550_560.mp3,ok,10.0
II1oyaWPiD0,160,170,False,B:\CSE425_Project\gnn-bert-music-context\data\raw\musiccaps\audio\II1oyaWPiD0_160_170.mp3,ok,10.0
IIK0EuHyb6w,130,140,False,B:\CSE425_Project\gnn-bert-music-context\data\raw\musiccaps\audio\IIK0EuHyb6w_130_140.mp3,ok,10.0
IISJXKl1Ih4,200,210,False,B:\CSE425_Project\gnn-bert-music-context\data\raw\musiccaps\audio\IISJXKl1Ih4_200_210.mp3,ok,10.0
IJcLW4arT6s,70,80,True,B:\CSE425_Project\gnn-bert-music-context\data\raw\musiccaps\audio\IJcLW4arT6s_70_80.mp3,ok,10.0
IJw2o_Yg00Q,30,40,True,B:\CSE425_Project\gnn-bert-music-context\data\raw\musiccaps\audio\IJw2o_Yg00Q_30_40.mp3,ok,10.0
IKfmu7tAyUE,30,40,False,B:\CSE425_Project\gnn-bert-music-context\data\raw\musiccaps\audio\IKfmu7tAyUE_30_40.mp3,ok,10.0
IKq2OF8jq1c,60,70,True,B:\CSE425_Project\gnn-bert-music-context\data\raw\musiccaps\audio\IKq2OF8jq1c_60_70.mp3,ok,10.0
IL1n6jzABVw,260,270,False,B:\CSE425_Project\gnn-bert-music-context\data\raw\musiccaps\audio\IL1n6jzABVw_260_270.mp3,ok,10.0
ILE12hEW5Ck,30,40,False,B:\CSE425_Project\gnn-bert-music-context\data\raw\musiccaps\audio\ILE12hEW5Ck_30_40.mp3,ok,10.0
IMnh-TIyFuE,30,40,False,B:\CSE425_Project\gnn-bert-music-context\data\raw\musiccaps\audio\IMnh-TIyFuE_30_40.mp3,ok,10.0
IN71kMOAk_k,60,70,True,B:\CSE425_Project\gnn-bert-music-context\data\raw\musiccaps\audio\IN71kMOAk_k_60_70.mp3,ok,10.0
INBx8CrIWcg,30,40,True,B:\CSE425_Project\gnn-bert-music-context\data\raw\musiccaps\audio\INBx8CrIWcg_30_40.mp3,ok,10.0
IO5QJRyoqO8,290,300,False,B:\CSE425_Project\gnn-bert-music-context\data\raw\musiccaps\audio\IO5QJRyoqO8_290_300.mp3,ok,10.0
IOEwc-N2rX4,30,40,False,B:\CSE425_Project\gnn-bert-music-context\data\raw\musiccaps\audio\IOEwc-N2rX4_30_40.mp3,ok,10.0
IOzWDVGWRng,0,10,True,B:\CSE425_Project\gnn-bert-music-context\data\raw\musiccaps\audio\IOzWDVGWRng_0_10.mp3,ok,10.0
IPO79GrOYjg,270,280,False,B:\CSE425_Project\gnn-bert-music-context\data\raw\musiccaps\audio\IPO79GrOYjg_270_280.mp3,ok,10.0
IQbzpgmi4Ec,50,60,True,B:\CSE425_Project\gnn-bert-music-context\data\raw\musiccaps\audio\IQbzpgmi4Ec_50_60.mp3,ok,10.0
IQxr3xwAbKk,40,50,False,B:\CSE425_Project\gnn-bert-music-context\data\raw\musiccaps\audio\IQxr3xwAbKk_40_50.mp3,ok,10.0
IS5V2yjPp3k,30,40,True,B:\CSE425_Project\gnn-bert-music-context\data\raw\musiccaps\audio\IS5V2yjPp3k_30_40.mp3,ok,10.0
IT5hcf0KhYE,30,40,True,B:\CSE425_Project\gnn-bert-music-context\data\raw\musiccaps\audio\IT5hcf0KhYE_30_40.mp3,ok,10.0
ITYv4126yhk,0,10,True,B:\CSE425_Project\gnn-bert-music-context\data\raw\musiccaps\audio\ITYv4126yhk_0_10.mp3,ok,10.0
ITg9o6Gwsbo,30,40,False,B:\CSE425_Project\gnn-bert-music-context\data\raw\musiccaps\audio\ITg9o6Gwsbo_30_40.mp3,ok,10.0
ITq14s8h92I,400,410,False,B:\CSE425_Project\gnn-bert-music-context\data\raw\musiccaps\audio\ITq14s8h92I_400_410.mp3,ok,10.0
IUD_ZYOh2MM,0,10,True,B:\CSE425_Project\gnn-bert-music-context\data\raw\musiccaps\audio\IUD_ZYOh2MM_0_10.mp3,ok,10.0
IUjzBX2Qm4k,100,110,True,B:\CSE425_Project\gnn-bert-music-context\data\raw\musiccaps\audio\IUjzBX2Qm4k_100_110.mp3,ok,10.0
IWbe-NSK6Ic,30,40,True,B:\CSE425_Project\gnn-bert-music-context\data\raw\musiccaps\audio\IWbe-NSK6Ic_30_40.mp3,ok,10.0
IYiHhVWrh0w,30,40,True,B:\CSE425_Project\gnn-bert-music-context\data\raw\musiccaps\audio\IYiHhVWrh0w_30_40.mp3,ok,10.0
IYtQfDsFVfA,30,40,True,B:\CSE425_Project\gnn-bert-music-context\data\raw\musiccaps\audio\IYtQfDsFVfA_30_40.mp3,ok,10.0
IYumekd1VMg,30,40,False,B:\CSE425_Project\gnn-bert-music-context\data\raw\musiccaps\audio\IYumekd1VMg_30_40.mp3,ok,10.0
I_a9OhfTcIc,10,20,False,B:\CSE425_Project\gnn-bert-music-context\data\raw\musiccaps\audio\I_a9OhfTcIc_10_20.mp3,ok,10.0
I_kUf7vgVNM,80,90,False,B:\CSE425_Project\gnn-bert-music-context\data\raw\musiccaps\audio\I_kUf7vgVNM_80_90.mp3,ok,10.0
I_wT76iYBdQ,60,70,False,B:\CSE425_Project\gnn-bert-music-context\data\raw\musiccaps\audio\I_wT76iYBdQ_60_70.mp3,ok,10.0
IbD0zpcimgM,30,40,False,B:\CSE425_Project\gnn-bert-music-context\data\raw\musiccaps\audio\IbD0zpcimgM_30_40.mp3,ok,10.0
IbJh1xeBFcI,100,110,True,,missing,
IbaQjxGDT-o,30,40,True,B:\CSE425_Project\gnn-bert-music-context\data\raw\musiccaps\audio\IbaQjxGDT-o_30_40.mp3,ok,10.0
IcPbxJRbe5g,30,40,False,B:\CSE425_Project\gnn-bert-music-context\data\raw\musiccaps\audio\IcPbxJRbe5g_30_40.mp3,ok,10.0
Ie5FO_BetOE,500,510,True,B:\CSE425_Project\gnn-bert-music-context\data\raw\musiccaps\audio\Ie5FO_BetOE_500_510.mp3,ok,10.0
IePfzUzlDng,40,50,False,B:\CSE425_Project\gnn-bert-music-context\data\raw\musiccaps\audio\IePfzUzlDng_40_50.mp3,ok,10.0
Ieef9l-gWN8,20,30,False,B:\CSE425_Project\gnn-bert-music-context\data\raw\musiccaps\audio\Ieef9l-gWN8_20_30.mp3,ok,10.0
Ife1WaGirdQ,30,40,True,B:\CSE425_Project\gnn-bert-music-context\data\raw\musiccaps\audio\Ife1WaGirdQ_30_40.mp3,ok,10.0
IhNPDueFVSo,50,60,False,B:\CSE425_Project\gnn-bert-music-context\data\raw\musiccaps\audio\IhNPDueFVSo_50_60.mp3,ok,10.0
IiBgER0W8iA,30,40,True,B:\CSE425_Project\gnn-bert-music-context\data\raw\musiccaps\audio\IiBgER0W8iA_30_40.mp3,ok,10.0
IiJciyiQBDw,10,20,True,B:\CSE425_Project\gnn-bert-music-context\data\raw\musiccaps\audio\IiJciyiQBDw_10_20.mp3,ok,10.0
IizUHzmcPGA,30,40,False,B:\CSE425_Project\gnn-bert-music-context\data\raw\musiccaps\audio\IizUHzmcPGA_30_40.mp3,ok,10.0
Ij1-640aafg,30,40,False,B:\CSE425_Project\gnn-bert-music-context\data\raw\musiccaps\audio\Ij1-640aafg_30_40.mp3,ok,10.0
IjP5kKfgBiI,30,40,False,B:\CSE425_Project\gnn-bert-music-context\data\raw\musiccaps\audio\IjP5kKfgBiI_30_40.mp3,ok,10.0
Ikdb_jA9ehU,0,10,True,B:\CSE425_Project\gnn-bert-music-context\data\raw\musiccaps\audio\Ikdb_jA9ehU_0_10.mp3,ok,10.0
IlUcHzBzZvg,30,40,True,B:\CSE425_Project\gnn-bert-music-context\data\raw\musiccaps\audio\IlUcHzBzZvg_30_40.mp3,ok,10.0
Ime3FHuQG4k,30,40,True,B:\CSE425_Project\gnn-bert-music-context\data\raw\musiccaps\audio\Ime3FHuQG4k_30_40.mp3,ok,10.0
In44gO8Ej90,30,40,True,B:\CSE425_Project\gnn-bert-music-context\data\raw\musiccaps\audio\In44gO8Ej90_30_40.mp3,ok,10.0
InKK8z21UYo,180,190,False,B:\CSE425_Project\gnn-bert-music-context\data\raw\musiccaps\audio\InKK8z21UYo_180_190.mp3,ok,10.0
InQs7K9MqaI,30,40,False,B:\CSE425_Project\gnn-bert-music-context\data\raw\musiccaps\audio\InQs7K9MqaI_30_40.mp3,ok,10.0
InfQUMh935c,30,40,False,,missing,
Inuq5W98ktA,350,360,False,B:\CSE425_Project\gnn-bert-music-context\data\raw\musiccaps\audio\Inuq5W98ktA_350_360.mp3,ok,10.0
Ip6FptuXHyk,30,40,True,B:\CSE425_Project\gnn-bert-music-context\data\raw\musiccaps\audio\Ip6FptuXHyk_30_40.mp3,ok,10.0
IpYw4nKPx5o,30,40,True,B:\CSE425_Project\gnn-bert-music-context\data\raw\musiccaps\audio\IpYw4nKPx5o_30_40.mp3,ok,10.0
Ipow026xzVw,100,110,False,B:\CSE425_Project\gnn-bert-music-context\data\raw\musiccaps\audio\Ipow026xzVw_100_110.mp3,ok,10.0
IqGB4nQIAcQ,210,220,True,B:\CSE425_Project\gnn-bert-music-context\data\raw\musiccaps\audio\IqGB4nQIAcQ_210_220.mp3,ok,10.0
IqV9wp0IeAo,210,220,False,B:\CSE425_Project\gnn-bert-music-context\data\raw\musiccaps\audio\IqV9wp0IeAo_210_220.mp3,ok,10.0
Ir82jewhXCo,0,10,False,B:\CSE425_Project\gnn-bert-music-context\data\raw\musiccaps\audio\Ir82jewhXCo_0_10.mp3,ok,10.0
IrIKXhYuwuU,30,40,True,B:\CSE425_Project\gnn-bert-music-context\data\raw\musiccaps\audio\IrIKXhYuwuU_30_40.mp3,ok,10.0
ItLWKIhe58c,30,40,True,B:\CSE425_Project\gnn-bert-music-context\data\raw\musiccaps\audio\ItLWKIhe58c_30_40.mp3,ok,10.0
ItSLkF6O3Mk,30,40,False,B:\CSE425_Project\gnn-bert-music-context\data\raw\musiccaps\audio\ItSLkF6O3Mk_30_40.mp3,ok,10.0
ItstzW7xuDU,30,40,False,B:\CSE425_Project\gnn-bert-music-context\data\raw\musiccaps\audio\ItstzW7xuDU_30_40.mp3,ok,10.0
IwdjPDw6o5I,30,40,True,B:\CSE425_Project\gnn-bert-music-context\data\raw\musiccaps\audio\IwdjPDw6o5I_30_40.mp3,ok,10.0
IwobTmzjOiQ,220,230,False,B:\CSE425_Project\gnn-bert-music-context\data\raw\musiccaps\audio\IwobTmzjOiQ_220_230.mp3,ok,10.0
IwqD859w2_E,30,40,True,B:\CSE425_Project\gnn-bert-music-context\data\raw\musiccaps\audio\IwqD859w2_E_30_40.mp3,ok,10.0
IyJ3a5uuCOs,100,110,True,B:\CSE425_Project\gnn-bert-music-context\data\raw\musiccaps\audio\IyJ3a5uuCOs_100_110.mp3,ok,10.0
Iz611KubW70,30,40,False,B:\CSE425_Project\gnn-bert-music-context\data\raw\musiccaps\audio\Iz611KubW70_30_40.mp3,ok,10.0
J0RzvGnQxD0,60,70,True,B:\CSE425_Project\gnn-bert-music-context\data\raw\musiccaps\audio\J0RzvGnQxD0_60_70.mp3,ok,10.0
J0lA7ZDfPLE,30,40,True,B:\CSE425_Project\gnn-bert-music-context\data\raw\musiccaps\audio\J0lA7ZDfPLE_30_40.mp3,ok,10.0
J0t4VMnXDNM,0,10,False,B:\CSE425_Project\gnn-bert-music-context\data\raw\musiccaps\audio\J0t4VMnXDNM_0_10.mp3,ok,10.0
J1-Qvl7u2TI,0,10,True,B:\CSE425_Project\gnn-bert-music-context\data\raw\musiccaps\audio\J1-Qvl7u2TI_0_10.mp3,ok,10.0
J1gZRam89EE,100,110,True,B:\CSE425_Project\gnn-bert-music-context\data\raw\musiccaps\audio\J1gZRam89EE_100_110.mp3,ok,10.0
J1nIXpnMe1U,30,40,False,B:\CSE425_Project\gnn-bert-music-context\data\raw\musiccaps\audio\J1nIXpnMe1U_30_40.mp3,ok,10.0
J2BDMndrvhA,30,40,True,B:\CSE425_Project\gnn-bert-music-context\data\raw\musiccaps\audio\J2BDMndrvhA_30_40.mp3,ok,10.0
J2R8Ab25reU,110,120,False,B:\CSE425_Project\gnn-bert-music-context\data\raw\musiccaps\audio\J2R8Ab25reU_110_120.mp3,ok,10.0
J48F0e0guSQ,30,40,True,B:\CSE425_Project\gnn-bert-music-context\data\raw\musiccaps\audio\J48F0e0guSQ_30_40.mp3,ok,10.0
J4DrdTy52kg,50,60,True,B:\CSE425_Project\gnn-bert-music-context\data\raw\musiccaps\audio\J4DrdTy52kg_50_60.mp3,ok,10.0
J4tjy-0CNm4,30,40,False,B:\CSE425_Project\gnn-bert-music-context\data\raw\musiccaps\audio\J4tjy-0CNm4_30_40.mp3,ok,10.0
J7d3nuS9wqg,0,10,True,B:\CSE425_Project\gnn-bert-music-context\data\raw\musiccaps\audio\J7d3nuS9wqg_0_10.mp3,ok,10.0
J7fVdG7Zd3A,30,40,True,B:\CSE425_Project\gnn-bert-music-context\data\raw\musiccaps\audio\J7fVdG7Zd3A_30_40.mp3,ok,10.0
J7jVR6y6REA,30,40,True,B:\CSE425_Project\gnn-bert-music-context\data\raw\musiccaps\audio\J7jVR6y6REA_30_40.mp3,ok,10.0
J8lCxfaiHeo,80,90,False,B:\CSE425_Project\gnn-bert-music-context\data\raw\musiccaps\audio\J8lCxfaiHeo_80_90.mp3,ok,10.0
J8pkQfYlJA4,280,290,False,B:\CSE425_Project\gnn-bert-music-context\data\raw\musiccaps\audio\J8pkQfYlJA4_280_290.mp3,ok,10.0
J9PJI1UwIQ4,30,40,True,B:\CSE425_Project\gnn-bert-music-context\data\raw\musiccaps\audio\J9PJI1UwIQ4_30_40.mp3,ok,10.0
J9ZlahUawkg,30,40,True,B:\CSE425_Project\gnn-bert-music-context\data\raw\musiccaps\audio\J9ZlahUawkg_30_40.mp3,ok,10.0
JC41M7RPSec,0,10,True,B:\CSE425_Project\gnn-bert-music-context\data\raw\musiccaps\audio\JC41M7RPSec_0_10.mp3,ok,10.0
JCfZpSEH77Y,380,390,False,B:\CSE425_Project\gnn-bert-music-context\data\raw\musiccaps\audio\JCfZpSEH77Y_380_390.mp3,ok,10.0
JCsuOzlwJqA,100,110,True,B:\CSE425_Project\gnn-bert-music-context\data\raw\musiccaps\audio\JCsuOzlwJqA_100_110.mp3,ok,10.0
JD9LYReBGXU,30,40,False,B:\CSE425_Project\gnn-bert-music-context\data\raw\musiccaps\audio\JD9LYReBGXU_30_40.mp3,ok,10.0
JDBu-3VCyWc,110,120,True,B:\CSE425_Project\gnn-bert-music-context\data\raw\musiccaps\audio\JDBu-3VCyWc_110_120.mp3,ok,10.0
JDWPJ1AiDKc,30,40,False,B:\CSE425_Project\gnn-bert-music-context\data\raw\musiccaps\audio\JDWPJ1AiDKc_30_40.wav,ok,10.0
JDrnf3vldLw,30,40,True,B:\CSE425_Project\gnn-bert-music-context\data\raw\musiccaps\audio\JDrnf3vldLw_30_40.mp3,ok,10.0
JEJLTct-014,380,390,False,B:\CSE425_Project\gnn-bert-music-context\data\raw\musiccaps\audio\JEJLTct-014_380_390.mp3,ok,10.0
JFGNmPzPXeA,30,40,False,B:\CSE425_Project\gnn-bert-music-context\data\raw\musiccaps\audio\JFGNmPzPXeA_30_40.mp3,ok,10.0
JFJuEOZx1K4,160,170,True,B:\CSE425_Project\gnn-bert-music-context\data\raw\musiccaps\audio\JFJuEOZx1K4_160_170.mp3,ok,10.0
JHkcCXF5vII,30,40,True,B:\CSE425_Project\gnn-bert-music-context\data\raw\musiccaps\audio\JHkcCXF5vII_30_40.mp3,ok,10.0
JHvLuYk6TfI,70,80,False,B:\CSE425_Project\gnn-bert-music-context\data\raw\musiccaps\audio\JHvLuYk6TfI_70_80.mp3,ok,10.0
JI26wmUPcrM,0,10,True,B:\CSE425_Project\gnn-bert-music-context\data\raw\musiccaps\audio\JI26wmUPcrM_0_10.mp3,ok,10.0
JIoA1KsfioQ,30,40,True,B:\CSE425_Project\gnn-bert-music-context\data\raw\musiccaps\audio\JIoA1KsfioQ_30_40.mp3,ok,10.0
JKbUVdMJAO8,30,40,True,B:\CSE425_Project\gnn-bert-music-context\data\raw\musiccaps\audio\JKbUVdMJAO8_30_40.mp3,ok,10.0
JKihzveDE5g,500,510,False,B:\CSE425_Project\gnn-bert-music-context\data\raw\musiccaps\audio\JKihzveDE5g_500_510.mp3,ok,10.0
JL4Z2_5Q7sU,190,200,False,B:\CSE425_Project\gnn-bert-music-context\data\raw\musiccaps\audio\JL4Z2_5Q7sU_190_200.mp3,ok,10.0
JL9Xxzf9e2A,30,40,True,,missing,
JLYb7DwCaQU,0,10,False,B:\CSE425_Project\gnn-bert-music-context\data\raw\musiccaps\audio\JLYb7DwCaQU_0_10.mp3,ok,10.0
JNW76fDWkA0,80,90,True,B:\CSE425_Project\gnn-bert-music-context\data\raw\musiccaps\audio\JNW76fDWkA0_80_90.mp3,ok,10.0
JN_VJCJhC4Y,30,40,True,B:\CSE425_Project\gnn-bert-music-context\data\raw\musiccaps\audio\JN_VJCJhC4Y_30_40.mp3,ok,10.0
JNw0A8pRnsQ,30,40,False,,missing,
JNwt0afB1fQ,30,40,True,B:\CSE425_Project\gnn-bert-music-context\data\raw\musiccaps\audio\JNwt0afB1fQ_30_40.mp3,ok,10.0
JOhK7oq9KtU,30,40,True,B:\CSE425_Project\gnn-bert-music-context\data\raw\musiccaps\audio\JOhK7oq9KtU_30_40.mp3,ok,10.0
JOkuwbhMxbQ,30,40,False,B:\CSE425_Project\gnn-bert-music-context\data\raw\musiccaps\audio\JOkuwbhMxbQ_30_40.mp3,ok,10.0
JP637fg_ZC0,30,40,True,B:\CSE425_Project\gnn-bert-music-context\data\raw\musiccaps\audio\JP637fg_ZC0_30_40.mp3,ok,10.0
JPVRBbdykSw,30,40,True,B:\CSE425_Project\gnn-bert-music-context\data\raw\musiccaps\audio\JPVRBbdykSw_30_40.mp3,ok,10.0
JPZlyvPNZj4,30,40,True,B:\CSE425_Project\gnn-bert-music-context\data\raw\musiccaps\audio\JPZlyvPNZj4_30_40.mp3,ok,10.0
JR-1k8GHYAw,100,110,True,B:\CSE425_Project\gnn-bert-music-context\data\raw\musiccaps\audio\JR-1k8GHYAw_100_110.mp3,ok,10.0
JRfU_hF1wdM,30,40,True,B:\CSE425_Project\gnn-bert-music-context\data\raw\musiccaps\audio\JRfU_hF1wdM_30_40.mp3,ok,10.0
JRmfjBDKCpE,100,110,True,B:\CSE425_Project\gnn-bert-music-context\data\raw\musiccaps\audio\JRmfjBDKCpE_100_110.mp3,ok,10.0
JSLqi_TsMzs,0,10,True,B:\CSE425_Project\gnn-bert-music-context\data\raw\musiccaps\audio\JSLqi_TsMzs_0_10.mp3,ok,10.0
JSdALuTneBM,30,40,True,B:\CSE425_Project\gnn-bert-music-context\data\raw\musiccaps\audio\JSdALuTneBM_30_40.mp3,ok,10.0
JSqyTVjYY6k,80,90,False,B:\CSE425_Project\gnn-bert-music-context\data\raw\musiccaps\audio\JSqyTVjYY6k_80_90.mp3,ok,10.0
JU4CZ-GApu4,30,40,True,B:\CSE425_Project\gnn-bert-music-context\data\raw\musiccaps\audio\JU4CZ-GApu4_30_40.mp3,ok,10.0
JU6GUqRqbtI,10,20,False,B:\CSE425_Project\gnn-bert-music-context\data\raw\musiccaps\audio\JU6GUqRqbtI_10_20.mp3,ok,10.0
JUrYWttZJBM,30,40,False,B:\CSE425_Project\gnn-bert-music-context\data\raw\musiccaps\audio\JUrYWttZJBM_30_40.mp3,ok,10.0
JUwu4xOs8K4,40,50,False,B:\CSE425_Project\gnn-bert-music-context\data\raw\musiccaps\audio\JUwu4xOs8K4_40_50.mp3,ok,10.0
JV_IOR3DqiM,60,70,True,B:\CSE425_Project\gnn-bert-music-context\data\raw\musiccaps\audio\JV_IOR3DqiM_60_70.mp3,ok,10.0
JWNWCKdfpzM,30,40,True,B:\CSE425_Project\gnn-bert-music-context\data\raw\musiccaps\audio\JWNWCKdfpzM_30_40.mp3,ok,10.0
JXS5eW7g4HY,80,90,False,B:\CSE425_Project\gnn-bert-music-context\data\raw\musiccaps\audio\JXS5eW7g4HY_80_90.mp3,ok,10.0
JYYfw3id3ek,140,150,False,B:\CSE425_Project\gnn-bert-music-context\data\raw\musiccaps\audio\JYYfw3id3ek_140_150.mp3,ok,10.0
JZWJlUdYpCU,80,90,True,B:\CSE425_Project\gnn-bert-music-context\data\raw\musiccaps\audio\JZWJlUdYpCU_80_90.mp3,ok,10.0
JZnOGRCBW0I,30,40,True,B:\CSE425_Project\gnn-bert-music-context\data\raw\musiccaps\audio\JZnOGRCBW0I_30_40.mp3,ok,10.0
JZyw6YUsGzo,200,210,False,B:\CSE425_Project\gnn-bert-music-context\data\raw\musiccaps\audio\JZyw6YUsGzo_200_210.mp3,ok,10.0
J_Raltj-6dk,30,40,False,B:\CSE425_Project\gnn-bert-music-context\data\raw\musiccaps\audio\J_Raltj-6dk_30_40.mp3,ok,10.0
JaGUY5ULTok,20,30,True,B:\CSE425_Project\gnn-bert-music-context\data\raw\musiccaps\audio\JaGUY5ULTok_20_30.mp3,ok,10.0
JbWaSZPOh18,30,40,False,B:\CSE425_Project\gnn-bert-music-context\data\raw\musiccaps\audio\JbWaSZPOh18_30_40.mp3,ok,10.0
Jcd63Ev7JXA,30,40,True,B:\CSE425_Project\gnn-bert-music-context\data\raw\musiccaps\audio\Jcd63Ev7JXA_30_40.mp3,ok,10.0
Jdy08IPLKdw,30,40,True,B:\CSE425_Project\gnn-bert-music-context\data\raw\musiccaps\audio\Jdy08IPLKdw_30_40.mp3,ok,10.0
JiBAkAwK0GM,30,40,True,B:\CSE425_Project\gnn-bert-music-context\data\raw\musiccaps\audio\JiBAkAwK0GM_30_40.mp3,ok,10.0
Jj9orXFko0Y,30,40,False,B:\CSE425_Project\gnn-bert-music-context\data\raw\musiccaps\audio\Jj9orXFko0Y_30_40.mp3,ok,10.0
JjF1G5wgcvY,30,40,False,B:\CSE425_Project\gnn-bert-music-context\data\raw\musiccaps\audio\JjF1G5wgcvY_30_40.mp3,ok,10.0
Jjr0_CbcYdg,30,40,True,B:\CSE425_Project\gnn-bert-music-context\data\raw\musiccaps\audio\Jjr0_CbcYdg_30_40.mp3,ok,10.0
Jk2mvFrdZTU,20,30,False,,missing,
JlzlNpttvVM,30,40,False,B:\CSE425_Project\gnn-bert-music-context\data\raw\musiccaps\audio\JlzlNpttvVM_30_40.mp3,ok,10.0
JmbrGzgxrJ4,50,60,False,B:\CSE425_Project\gnn-bert-music-context\data\raw\musiccaps\audio\JmbrGzgxrJ4_50_60.mp3,ok,10.0
JnfMv9ti9Sw,10,20,True,B:\CSE425_Project\gnn-bert-music-context\data\raw\musiccaps\audio\JnfMv9ti9Sw_10_20.mp3,ok,10.0
JoBRbtAnbVM,30,40,True,B:\CSE425_Project\gnn-bert-music-context\data\raw\musiccaps\audio\JoBRbtAnbVM_30_40.mp3,ok,10.0
JorNR3IXDyc,60,70,True,B:\CSE425_Project\gnn-bert-music-context\data\raw\musiccaps\audio\JorNR3IXDyc_60_70.mp3,ok,10.0
JpMHnsdsCiY,0,10,False,B:\CSE425_Project\gnn-bert-music-context\data\raw\musiccaps\audio\JpMHnsdsCiY_0_10.mp3,ok,10.0
Jq2w30NYstQ,100,110,False,B:\CSE425_Project\gnn-bert-music-context\data\raw\musiccaps\audio\Jq2w30NYstQ_100_110.mp3,ok,10.0
JqmOqYtQqB8,30,40,True,B:\CSE425_Project\gnn-bert-music-context\data\raw\musiccaps\audio\JqmOqYtQqB8_30_40.mp3,ok,10.0
JrOV2Xz2djA,90,100,True,B:\CSE425_Project\gnn-bert-music-context\data\raw\musiccaps\audio\JrOV2Xz2djA_90_100.mp3,ok,10.0
JsHTGDW5dgw,30,40,True,B:\CSE425_Project\gnn-bert-music-context\data\raw\musiccaps\audio\JsHTGDW5dgw_30_40.mp3,ok,10.0
Js_3Aa214xY,30,40,True,,missing,
Jsk3ZUGvP-o,410,420,False,B:\CSE425_Project\gnn-bert-music-context\data\raw\musiccaps\audio\Jsk3ZUGvP-o_410_420.mp3,ok,10.0
JtLNRHVGQuw,30,40,False,B:\CSE425_Project\gnn-bert-music-context\data\raw\musiccaps\audio\JtLNRHVGQuw_30_40.mp3,ok,10.0
Jvj2WqgVy78,30,40,True,B:\CSE425_Project\gnn-bert-music-context\data\raw\musiccaps\audio\Jvj2WqgVy78_30_40.mp3,ok,10.0
JvqCsVj0I4k,30,40,True,B:\CSE425_Project\gnn-bert-music-context\data\raw\musiccaps\audio\JvqCsVj0I4k_30_40.mp3,ok,10.0
JvvnL7UnCGA,20,30,True,B:\CSE425_Project\gnn-bert-music-context\data\raw\musiccaps\audio\JvvnL7UnCGA_20_30.mp3,ok,10.0
JxwRvkjNJQ0,150,160,True,B:\CSE425_Project\gnn-bert-music-context\data\raw\musiccaps\audio\JxwRvkjNJQ0_150_160.mp3,ok,10.0
JzJCn-puzS4,150,160,False,B:\CSE425_Project\gnn-bert-music-context\data\raw\musiccaps\audio\JzJCn-puzS4_150_160.mp3,ok,10.0
JzRb1OVpat0,30,40,True,B:\CSE425_Project\gnn-bert-music-context\data\raw\musiccaps\audio\JzRb1OVpat0_30_40.mp3,ok,10.0
K-0qmhvJyzE,10,20,True,B:\CSE425_Project\gnn-bert-music-context\data\raw\musiccaps\audio\K-0qmhvJyzE_10_20.mp3,ok,10.0
K-zkbbliQcI,150,160,True,B:\CSE425_Project\gnn-bert-music-context\data\raw\musiccaps\audio\K-zkbbliQcI_150_160.mp3,ok,10.0
K0x_DxNxtbk,200,210,True,B:\CSE425_Project\gnn-bert-music-context\data\raw\musiccaps\audio\K0x_DxNxtbk_200_210.mp3,ok,10.0
K1PzpuR6CqY,10,20,True,B:\CSE425_Project\gnn-bert-music-context\data\raw\musiccaps\audio\K1PzpuR6CqY_10_20.mp3,ok,10.0
K2h6UiZSoZ4,30,40,True,B:\CSE425_Project\gnn-bert-music-context\data\raw\musiccaps\audio\K2h6UiZSoZ4_30_40.mp3,ok,10.0
K55v5p5DEPE,0,10,False,B:\CSE425_Project\gnn-bert-music-context\data\raw\musiccaps\audio\K55v5p5DEPE_0_10.mp3,ok,10.0
K5ilD6nEJ-g,20,30,False,B:\CSE425_Project\gnn-bert-music-context\data\raw\musiccaps\audio\K5ilD6nEJ-g_20_30.mp3,ok,10.0
K63Z_abB314,10,20,False,B:\CSE425_Project\gnn-bert-music-context\data\raw\musiccaps\audio\K63Z_abB314_10_20.mp3,ok,10.0
K6DSH7MSeOA,350,360,False,B:\CSE425_Project\gnn-bert-music-context\data\raw\musiccaps\audio\K6DSH7MSeOA_350_360.mp3,ok,10.0
K6KbEnGnymk,30,40,True,B:\CSE425_Project\gnn-bert-music-context\data\raw\musiccaps\audio\K6KbEnGnymk_30_40.mp3,ok,10.0
K8On7nUJuP8,30,40,True,B:\CSE425_Project\gnn-bert-music-context\data\raw\musiccaps\audio\K8On7nUJuP8_30_40.mp3,ok,10.0
K9zE9x2ccJk,80,90,False,B:\CSE425_Project\gnn-bert-music-context\data\raw\musiccaps\audio\K9zE9x2ccJk_80_90.mp3,ok,10.0
KB4e9v_5uTE,170,180,False,B:\CSE425_Project\gnn-bert-music-context\data\raw\musiccaps\audio\KB4e9v_5uTE_170_180.mp3,ok,10.0
KB79k456DhI,30,40,True,B:\CSE425_Project\gnn-bert-music-context\data\raw\musiccaps\audio\KB79k456DhI_30_40.mp3,ok,10.0
KChjW89XOF0,30,40,False,B:\CSE425_Project\gnn-bert-music-context\data\raw\musiccaps\audio\KChjW89XOF0_30_40.mp3,ok,10.0
KCs_VPmsnKo,30,40,True,B:\CSE425_Project\gnn-bert-music-context\data\raw\musiccaps\audio\KCs_VPmsnKo_30_40.mp3,ok,10.0
KCytKo5LzCc,30,40,True,B:\CSE425_Project\gnn-bert-music-context\data\raw\musiccaps\audio\KCytKo5LzCc_30_40.mp3,ok,10.0
KDuusOmEMHg,160,170,False,B:\CSE425_Project\gnn-bert-music-context\data\raw\musiccaps\audio\KDuusOmEMHg_160_170.mp3,ok,10.0
KDzy3ZL626U,11,21,True,B:\CSE425_Project\gnn-bert-music-context\data\raw\musiccaps\audio\KDzy3ZL626U_11_21.mp3,ok,10.0
KE-TVQhdCbs,30,40,True,B:\CSE425_Project\gnn-bert-music-context\data\raw\musiccaps\audio\KE-TVQhdCbs_30_40.mp3,ok,10.0
KEp2NhraIZI,30,40,False,B:\CSE425_Project\gnn-bert-music-context\data\raw\musiccaps\audio\KEp2NhraIZI_30_40.wav,ok,10.0
KFB1raoIhoU,80,90,True,B:\CSE425_Project\gnn-bert-music-context\data\raw\musiccaps\audio\KFB1raoIhoU_80_90.mp3,ok,10.0
KHjEIheD-Cg,30,40,False,B:\CSE425_Project\gnn-bert-music-context\data\raw\musiccaps\audio\KHjEIheD-Cg_30_40.mp3,ok,10.0
KJHqQ5aKu8U,100,110,False,B:\CSE425_Project\gnn-bert-music-context\data\raw\musiccaps\audio\KJHqQ5aKu8U_100_110.mp3,ok,10.0
KKgYvcfrxj4,110,120,False,B:\CSE425_Project\gnn-bert-music-context\data\raw\musiccaps\audio\KKgYvcfrxj4_110_120.mp3,ok,10.0
KLFoZA8btu4,90,100,False,B:\CSE425_Project\gnn-bert-music-context\data\raw\musiccaps\audio\KLFoZA8btu4_90_100.mp3,ok,10.0
KMQmM12G9Z4,110,120,True,B:\CSE425_Project\gnn-bert-music-context\data\raw\musiccaps\audio\KMQmM12G9Z4_110_120.mp3,ok,10.0
KN9vuaQvld0,10,20,False,B:\CSE425_Project\gnn-bert-music-context\data\raw\musiccaps\audio\KN9vuaQvld0_10_20.mp3,ok,10.0
KOb-tRHYK68,420,430,False,B:\CSE425_Project\gnn-bert-music-context\data\raw\musiccaps\audio\KOb-tRHYK68_420_430.mp3,ok,10.0
KPG9s_s8siA,30,40,True,B:\CSE425_Project\gnn-bert-music-context\data\raw\musiccaps\audio\KPG9s_s8siA_30_40.mp3,ok,10.0
KPnIFb7T7VM,30,40,True,B:\CSE425_Project\gnn-bert-music-context\data\raw\musiccaps\audio\KPnIFb7T7VM_30_40.mp3,ok,10.0
KPymcVenomk,220,230,False,B:\CSE425_Project\gnn-bert-music-context\data\raw\musiccaps\audio\KPymcVenomk_220_230.mp3,ok,10.0
KRKX_UtYV9c,30,40,True,B:\CSE425_Project\gnn-bert-music-context\data\raw\musiccaps\audio\KRKX_UtYV9c_30_40.mp3,ok,10.0
KSFND-AdqZs,90,100,False,B:\CSE425_Project\gnn-bert-music-context\data\raw\musiccaps\audio\KSFND-AdqZs_90_100.mp3,ok,10.0
KSye2ifWZ_Y,30,40,True,B:\CSE425_Project\gnn-bert-music-context\data\raw\musiccaps\audio\KSye2ifWZ_Y_30_40.mp3,ok,10.0
KTqf_FXZygM,70,80,True,B:\CSE425_Project\gnn-bert-music-context\data\raw\musiccaps\audio\KTqf_FXZygM_70_80.mp3,ok,10.0
KU2bOYiBX28,80,90,False,B:\CSE425_Project\gnn-bert-music-context\data\raw\musiccaps\audio\KU2bOYiBX28_80_90.mp3,ok,10.0
KUE_I30--AY,30,40,True,B:\CSE425_Project\gnn-bert-music-context\data\raw\musiccaps\audio\KUE_I30--AY_30_40.mp3,ok,10.0
KV4noVyGHa4,30,40,False,B:\CSE425_Project\gnn-bert-music-context\data\raw\musiccaps\audio\KV4noVyGHa4_30_40.mp3,ok,10.0
KV99GJg0tvA,30,40,False,B:\CSE425_Project\gnn-bert-music-context\data\raw\musiccaps\audio\KV99GJg0tvA_30_40.mp3,ok,10.0
KWpsFxRTGkI,30,40,True,B:\CSE425_Project\gnn-bert-music-context\data\raw\musiccaps\audio\KWpsFxRTGkI_30_40.mp3,ok,10.0
KXRngbBe0bg,80,90,True,B:\CSE425_Project\gnn-bert-music-context\data\raw\musiccaps\audio\KXRngbBe0bg_80_90.mp3,ok,10.0
KXuB62SMFvA,30,40,True,B:\CSE425_Project\gnn-bert-music-context\data\raw\musiccaps\audio\KXuB62SMFvA_30_40.mp3,ok,10.0
KY5TY6ovKQg,10,20,False,B:\CSE425_Project\gnn-bert-music-context\data\raw\musiccaps\audio\KY5TY6ovKQg_10_20.mp3,ok,10.0
KZ8gBHLNmH0,110,120,True,,missing,
K_G_k1WTdoc,30,40,False,B:\CSE425_Project\gnn-bert-music-context\data\raw\musiccaps\audio\K_G_k1WTdoc_30_40.mp3,ok,10.0
K_ZuxYxxT60,21,31,False,B:\CSE425_Project\gnn-bert-music-context\data\raw\musiccaps\audio\K_ZuxYxxT60_21_31.mp3,ok,10.0
KabP9iNokps,30,40,False,B:\CSE425_Project\gnn-bert-music-context\data\raw\musiccaps\audio\KabP9iNokps_30_40.mp3,ok,10.0
KauCO8zH5bw,10,20,False,B:\CSE425_Project\gnn-bert-music-context\data\raw\musiccaps\audio\KauCO8zH5bw_10_20.mp3,ok,10.0
KbDLu4VozGg,130,140,False,B:\CSE425_Project\gnn-bert-music-context\data\raw\musiccaps\audio\KbDLu4VozGg_130_140.mp3,ok,10.0
Kd7aHdOwh0I,30,40,True,B:\CSE425_Project\gnn-bert-music-context\data\raw\musiccaps\audio\Kd7aHdOwh0I_30_40.mp3,ok,10.0
KdNhYvN4Xoo,30,40,True,B:\CSE425_Project\gnn-bert-music-context\data\raw\musiccaps\audio\KdNhYvN4Xoo_30_40.mp3,ok,10.0
KduU8kmRsLg,0,10,False,B:\CSE425_Project\gnn-bert-music-context\data\raw\musiccaps\audio\KduU8kmRsLg_0_10.mp3,ok,10.0
KeSbjmMeyrY,30,40,False,B:\CSE425_Project\gnn-bert-music-context\data\raw\musiccaps\audio\KeSbjmMeyrY_30_40.mp3,ok,10.0
KfAq7kxHjPk,130,140,False,,missing,
KfLxBjl-aBU,0,10,False,,missing,
KgMD2_Yhw7Y,10,20,False,B:\CSE425_Project\gnn-bert-music-context\data\raw\musiccaps\audio\KgMD2_Yhw7Y_10_20.mp3,ok,10.0
KhXcEu7r6m8,30,40,True,B:\CSE425_Project\gnn-bert-music-context\data\raw\musiccaps\audio\KhXcEu7r6m8_30_40.mp3,ok,10.0
Ki7Bxz1CThI,70,80,False,B:\CSE425_Project\gnn-bert-music-context\data\raw\musiccaps\audio\Ki7Bxz1CThI_70_80.mp3,ok,10.0
KiFQFxJphjI,30,40,True,B:\CSE425_Project\gnn-bert-music-context\data\raw\musiccaps\audio\KiFQFxJphjI_30_40.mp3,ok,10.0
KikHXfUanJk,0,10,False,,missing,
KjJj5-HvSvQ,20,30,False,B:\CSE425_Project\gnn-bert-music-context\data\raw\musiccaps\audio\KjJj5-HvSvQ_20_30.mp3,ok,10.0
KjMRf4egAyA,80,90,True,B:\CSE425_Project\gnn-bert-music-context\data\raw\musiccaps\audio\KjMRf4egAyA_80_90.mp3,ok,10.0
KkW6ZkmAlEw,300,310,True,B:\CSE425_Project\gnn-bert-music-context\data\raw\musiccaps\audio\KkW6ZkmAlEw_300_310.mp3,ok,10.0
Kkqbi6c_40k,400,410,False,B:\CSE425_Project\gnn-bert-music-context\data\raw\musiccaps\audio\Kkqbi6c_40k_400_410.mp3,ok,10.0
KlD1u-EDx_g,330,340,False,B:\CSE425_Project\gnn-bert-music-context\data\raw\musiccaps\audio\KlD1u-EDx_g_330_340.mp3,ok,10.0
KlVO3gu-j70,190,200,True,B:\CSE425_Project\gnn-bert-music-context\data\raw\musiccaps\audio\KlVO3gu-j70_190_200.mp3,ok,10.0
KmBaE7ozWow,30,40,True,B:\CSE425_Project\gnn-bert-music-context\data\raw\musiccaps\audio\KmBaE7ozWow_30_40.mp3,ok,10.0
KnZeEWVHaLc,230,240,False,B:\CSE425_Project\gnn-bert-music-context\data\raw\musiccaps\audio\KnZeEWVHaLc_230_240.mp3,ok,10.0
KoAGZ_dB8MM,60,70,True,B:\CSE425_Project\gnn-bert-music-context\data\raw\musiccaps\audio\KoAGZ_dB8MM_60_70.mp3,ok,10.0
KoP8T0QqzeM,30,40,True,B:\CSE425_Project\gnn-bert-music-context\data\raw\musiccaps\audio\KoP8T0QqzeM_30_40.mp3,ok,10.0
Kojo5khAAS0,280,290,False,B:\CSE425_Project\gnn-bert-music-context\data\raw\musiccaps\audio\Kojo5khAAS0_280_290.mp3,ok,10.0
KpRHRh9PaRU,330,340,True,B:\CSE425_Project\gnn-bert-music-context\data\raw\musiccaps\audio\KpRHRh9PaRU_330_340.mp3,ok,10.0
KpwdlYIdtfs,220,230,True,B:\CSE425_Project\gnn-bert-music-context\data\raw\musiccaps\audio\KpwdlYIdtfs_220_230.mp3,ok,10.0
Kqo7am5oq0U,40,50,True,B:\CSE425_Project\gnn-bert-music-context\data\raw\musiccaps\audio\Kqo7am5oq0U_40_50.mp3,ok,10.0
KqtlecvEOGw,0,10,False,B:\CSE425_Project\gnn-bert-music-context\data\raw\musiccaps\audio\KqtlecvEOGw_0_10.mp3,ok,10.0
KrK8Giu9ZUc,180,190,True,B:\CSE425_Project\gnn-bert-music-context\data\raw\musiccaps\audio\KrK8Giu9ZUc_180_190.mp3,ok,10.0
KrmG43H1u70,30,40,False,B:\CSE425_Project\gnn-bert-music-context\data\raw\musiccaps\audio\KrmG43H1u70_30_40.mp3,ok,10.0
KsFCPOKAH60,90,100,False,B:\CSE425_Project\gnn-bert-music-context\data\raw\musiccaps\audio\KsFCPOKAH60_90_100.mp3,ok,10.0
Kt2MwCHV3Ko,30,40,False,B:\CSE425_Project\gnn-bert-music-context\data\raw\musiccaps\audio\Kt2MwCHV3Ko_30_40.mp3,ok,10.0
KubrAnJ0o0o,360,370,True,B:\CSE425_Project\gnn-bert-music-context\data\raw\musiccaps\audio\KubrAnJ0o0o_360_370.mp3,ok,10.0
KurvLmoKCog,80,90,False,B:\CSE425_Project\gnn-bert-music-context\data\raw\musiccaps\audio\KurvLmoKCog_80_90.mp3,ok,10.0
KxUcwQ5BEBk,30,40,False,B:\CSE425_Project\gnn-bert-music-context\data\raw\musiccaps\audio\KxUcwQ5BEBk_30_40.mp3,ok,10.0
KxVbdGPAfjE,30,40,True,B:\CSE425_Project\gnn-bert-music-context\data\raw\musiccaps\audio\KxVbdGPAfjE_30_40.mp3,ok,10.0
KxZ0yDfyaJw,30,40,False,B:\CSE425_Project\gnn-bert-music-context\data\raw\musiccaps\audio\KxZ0yDfyaJw_30_40.mp3,ok,10.0
KxjiEi2Eywk,330,340,True,B:\CSE425_Project\gnn-bert-music-context\data\raw\musiccaps\audio\KxjiEi2Eywk_330_340.mp3,ok,10.0
KyRJP_fDrbk,180,190,False,B:\CSE425_Project\gnn-bert-music-context\data\raw\musiccaps\audio\KyRJP_fDrbk_180_190.mp3,ok,10.0
KyjeM7J-Pz4,170,180,False,B:\CSE425_Project\gnn-bert-music-context\data\raw\musiccaps\audio\KyjeM7J-Pz4_170_180.mp3,ok,10.0
KzvdKLdBw3s,60,70,True,B:\CSE425_Project\gnn-bert-music-context\data\raw\musiccaps\audio\KzvdKLdBw3s_60_70.mp3,ok,10.0
KzydTOkZty8,140,150,True,B:\CSE425_Project\gnn-bert-music-context\data\raw\musiccaps\audio\KzydTOkZty8_140_150.mp3,ok,10.0
KzzKguqINa8,100,110,False,B:\CSE425_Project\gnn-bert-music-context\data\raw\musiccaps\audio\KzzKguqINa8_100_110.mp3,ok,10.0
L0-l1LIa22g,50,60,False,B:\CSE425_Project\gnn-bert-music-context\data\raw\musiccaps\audio\L0-l1LIa22g_50_60.mp3,ok,10.0
L0oun9F67tg,30,40,True,B:\CSE425_Project\gnn-bert-music-context\data\raw\musiccaps\audio\L0oun9F67tg_30_40.mp3,ok,10.0
L1fxVVl_1bM,500,510,False,B:\CSE425_Project\gnn-bert-music-context\data\raw\musiccaps\audio\L1fxVVl_1bM_500_510.mp3,ok,10.0
L1s-oPHsOac,30,40,True,B:\CSE425_Project\gnn-bert-music-context\data\raw\musiccaps\audio\L1s-oPHsOac_30_40.mp3,ok,10.0
L1s7KZgWXGc,30,40,True,B:\CSE425_Project\gnn-bert-music-context\data\raw\musiccaps\audio\L1s7KZgWXGc_30_40.mp3,ok,10.0
L2-EGNKzUAQ,40,50,False,B:\CSE425_Project\gnn-bert-music-context\data\raw\musiccaps\audio\L2-EGNKzUAQ_40_50.mp3,ok,10.0
L3ZtE3rD2nc,50,60,True,B:\CSE425_Project\gnn-bert-music-context\data\raw\musiccaps\audio\L3ZtE3rD2nc_50_60.mp3,ok,10.0
L3d4ajg0bhk,30,40,False,B:\CSE425_Project\gnn-bert-music-context\data\raw\musiccaps\audio\L3d4ajg0bhk_30_40.mp3,ok,10.0
L47F51OmZXo,110,120,False,B:\CSE425_Project\gnn-bert-music-context\data\raw\musiccaps\audio\L47F51OmZXo_110_120.mp3,ok,10.0
L5CgdTtGv8o,30,40,True,B:\CSE425_Project\gnn-bert-music-context\data\raw\musiccaps\audio\L5CgdTtGv8o_30_40.mp3,ok,10.0
L5UDz2PJ9sk,30,40,True,B:\CSE425_Project\gnn-bert-music-context\data\raw\musiccaps\audio\L5UDz2PJ9sk_30_40.mp3,ok,10.0
L5Uu_0xEZg4,80,90,True,,missing,
L8zjEoQFws8,30,40,False,B:\CSE425_Project\gnn-bert-music-context\data\raw\musiccaps\audio\L8zjEoQFws8_30_40.mp3,ok,10.0
L9GXrmmlYhE,460,470,False,B:\CSE425_Project\gnn-bert-music-context\data\raw\musiccaps\audio\L9GXrmmlYhE_460_470.mp3,ok,10.0
L9j9fCHHPeg,90,100,True,B:\CSE425_Project\gnn-bert-music-context\data\raw\musiccaps\audio\L9j9fCHHPeg_90_100.mp3,ok,10.0
L9xj_v65UhU,110,120,True,B:\CSE425_Project\gnn-bert-music-context\data\raw\musiccaps\audio\L9xj_v65UhU_110_120.mp3,ok,10.0
LAHWV6fZwUk,30,40,False,B:\CSE425_Project\gnn-bert-music-context\data\raw\musiccaps\audio\LAHWV6fZwUk_30_40.mp3,ok,10.0
LAeWwMC2EaI,30,40,True,B:\CSE425_Project\gnn-bert-music-context\data\raw\musiccaps\audio\LAeWwMC2EaI_30_40.mp3,ok,10.0
LAxCq-s84F8,380,390,False,B:\CSE425_Project\gnn-bert-music-context\data\raw\musiccaps\audio\LAxCq-s84F8_380_390.mp3,ok,10.0
LB0u0PrlDHU,0,10,True,B:\CSE425_Project\gnn-bert-music-context\data\raw\musiccaps\audio\LB0u0PrlDHU_0_10.mp3,ok,10.0
LByEH80c6Eg,30,40,True,B:\CSE425_Project\gnn-bert-music-context\data\raw\musiccaps\audio\LByEH80c6Eg_30_40.mp3,ok,10.0
LCMQXFKMLIM,110,120,False,,missing,
LClTjcyNJSI,20,30,True,B:\CSE425_Project\gnn-bert-music-context\data\raw\musiccaps\audio\LClTjcyNJSI_20_30.mp3,ok,10.0
LCzldLY3E4g,30,40,True,B:\CSE425_Project\gnn-bert-music-context\data\raw\musiccaps\audio\LCzldLY3E4g_30_40.mp3,ok,10.0
LEG7xkYOsWA,20,30,True,B:\CSE425_Project\gnn-bert-music-context\data\raw\musiccaps\audio\LEG7xkYOsWA_20_30.mp3,ok,10.0
LF-5BAUGvWI,30,40,True,B:\CSE425_Project\gnn-bert-music-context\data\raw\musiccaps\audio\LF-5BAUGvWI_30_40.mp3,ok,10.0
LFW4yPH1z3M,30,40,True,B:\CSE425_Project\gnn-bert-music-context\data\raw\musiccaps\audio\LFW4yPH1z3M_30_40.mp3,ok,10.0
LFYRuK8YstI,30,40,True,B:\CSE425_Project\gnn-bert-music-context\data\raw\musiccaps\audio\LFYRuK8YstI_30_40.mp3,ok,10.0
LGW99kSaf6M,400,410,False,B:\CSE425_Project\gnn-bert-music-context\data\raw\musiccaps\audio\LGW99kSaf6M_400_410.mp3,ok,10.0
LGi38MqlPFA,150,160,False,B:\CSE425_Project\gnn-bert-music-context\data\raw\musiccaps\audio\LGi38MqlPFA_150_160.mp3,ok,10.0
LGrAwQnZ6Bs,100,110,False,B:\CSE425_Project\gnn-bert-music-context\data\raw\musiccaps\audio\LGrAwQnZ6Bs_100_110.mp3,ok,10.0
LH3mAtCou6g,30,40,True,B:\CSE425_Project\gnn-bert-music-context\data\raw\musiccaps\audio\LH3mAtCou6g_30_40.mp3,ok,10.0
LHTA8VZGoMs,10,20,False,B:\CSE425_Project\gnn-bert-music-context\data\raw\musiccaps\audio\LHTA8VZGoMs_10_20.mp3,ok,10.0
LJsYl38zPOQ,140,150,False,B:\CSE425_Project\gnn-bert-music-context\data\raw\musiccaps\audio\LJsYl38zPOQ_140_150.mp3,ok,10.0
LK6zk03lPlM,10,20,True,B:\CSE425_Project\gnn-bert-music-context\data\raw\musiccaps\audio\LK6zk03lPlM_10_20.mp3,ok,10.0
LKUYtvUHn0Y,30,40,True,B:\CSE425_Project\gnn-bert-music-context\data\raw\musiccaps\audio\LKUYtvUHn0Y_30_40.mp3,ok,10.0
LKVSEQCLCLo,10,20,False,B:\CSE425_Project\gnn-bert-music-context\data\raw\musiccaps\audio\LKVSEQCLCLo_10_20.mp3,ok,10.0
LKurVRvkmKc,30,40,False,B:\CSE425_Project\gnn-bert-music-context\data\raw\musiccaps\audio\LKurVRvkmKc_30_40.mp3,ok,10.0
LLDHkHHKYkI,120,130,False,B:\CSE425_Project\gnn-bert-music-context\data\raw\musiccaps\audio\LLDHkHHKYkI_120_130.mp3,ok,10.0
LM2C1eIUX9M,460,470,True,B:\CSE425_Project\gnn-bert-music-context\data\raw\musiccaps\audio\LM2C1eIUX9M_460_470.mp3,ok,10.0
LMGpKPavV4Q,80,90,False,B:\CSE425_Project\gnn-bert-music-context\data\raw\musiccaps\audio\LMGpKPavV4Q_80_90.mp3,ok,10.0
LNFAeJ06KVs,30,40,False,B:\CSE425_Project\gnn-bert-music-context\data\raw\musiccaps\audio\LNFAeJ06KVs_30_40.mp3,ok,10.0
LP1yZRsRllQ,70,80,True,B:\CSE425_Project\gnn-bert-music-context\data\raw\musiccaps\audio\LP1yZRsRllQ_70_80.mp3,ok,10.0
LPA8RDzl-Ss,0,10,True,B:\CSE425_Project\gnn-bert-music-context\data\raw\musiccaps\audio\LPA8RDzl-Ss_0_10.mp3,ok,10.0
LQYd-dsz62M,10,20,True,B:\CSE425_Project\gnn-bert-music-context\data\raw\musiccaps\audio\LQYd-dsz62M_10_20.mp3,ok,10.0
LR3U4b_fVBc,190,200,False,B:\CSE425_Project\gnn-bert-music-context\data\raw\musiccaps\audio\LR3U4b_fVBc_190_200.mp3,ok,10.0
LRUdmYcXFuM,30,40,True,B:\CSE425_Project\gnn-bert-music-context\data\raw\musiccaps\audio\LRUdmYcXFuM_30_40.mp3,ok,10.0
LRfVQsnaVQE,30,40,True,,missing,
LRz6Y6oltQ4,100,110,False,B:\CSE425_Project\gnn-bert-music-context\data\raw\musiccaps\audio\LRz6Y6oltQ4_100_110.mp3,ok,10.0
LSaLPObrnZw,10,20,True,B:\CSE425_Project\gnn-bert-music-context\data\raw\musiccaps\audio\LSaLPObrnZw_10_20.mp3,ok,10.0
LTDle_h2YD8,0,10,False,B:\CSE425_Project\gnn-bert-music-context\data\raw\musiccaps\audio\LTDle_h2YD8_0_10.mp3,ok,10.0
LTG-uVV_6q0,30,40,False,B:\CSE425_Project\gnn-bert-music-context\data\raw\musiccaps\audio\LTG-uVV_6q0_30_40.mp3,ok,10.0
LUtBqNS27AQ,180,190,False,B:\CSE425_Project\gnn-bert-music-context\data\raw\musiccaps\audio\LUtBqNS27AQ_180_190.mp3,ok,10.0
LWHUat2fo9w,20,30,True,B:\CSE425_Project\gnn-bert-music-context\data\raw\musiccaps\audio\LWHUat2fo9w_20_30.mp3,ok,10.0
LWIHz5kao3g,30,40,False,B:\CSE425_Project\gnn-bert-music-context\data\raw\musiccaps\audio\LWIHz5kao3g_30_40.mp3,ok,10.0
LWLLN9INTII,100,110,False,B:\CSE425_Project\gnn-bert-music-context\data\raw\musiccaps\audio\LWLLN9INTII_100_110.mp3,ok,10.0
LYO7_GxyaZc,30,40,False,B:\CSE425_Project\gnn-bert-music-context\data\raw\musiccaps\audio\LYO7_GxyaZc_30_40.mp3,ok,10.0
L_KkjB0Wt_Q,20,30,False,B:\CSE425_Project\gnn-bert-music-context\data\raw\musiccaps\audio\L_KkjB0Wt_Q_20_30.mp3,ok,10.0
L_fWnna7Np0,80,90,True,B:\CSE425_Project\gnn-bert-music-context\data\raw\musiccaps\audio\L_fWnna7Np0_80_90.mp3,ok,10.0
L_ghM-NrH58,220,230,True,B:\CSE425_Project\gnn-bert-music-context\data\raw\musiccaps\audio\L_ghM-NrH58_220_230.mp3,ok,10.0
L_nC2BvhRdQ,30,40,True,B:\CSE425_Project\gnn-bert-music-context\data\raw\musiccaps\audio\L_nC2BvhRdQ_30_40.mp3,ok,10.0
LaaC_q3QDUE,90,100,False,B:\CSE425_Project\gnn-bert-music-context\data\raw\musiccaps\audio\LaaC_q3QDUE_90_100.mp3,ok,10.0
LadgIxZu8Oc,30,40,True,B:\CSE425_Project\gnn-bert-music-context\data\raw\musiccaps\audio\LadgIxZu8Oc_30_40.mp3,ok,10.0
LaeRCg-NdeY,240,250,False,B:\CSE425_Project\gnn-bert-music-context\data\raw\musiccaps\audio\LaeRCg-NdeY_240_250.mp3,ok,10.0
LaoUSBEVHVQ,30,40,False,B:\CSE425_Project\gnn-bert-music-context\data\raw\musiccaps\audio\LaoUSBEVHVQ_30_40.mp3,ok,10.0
LbPRGDwlfqs,40,50,True,B:\CSE425_Project\gnn-bert-music-context\data\raw\musiccaps\audio\LbPRGDwlfqs_40_50.mp3,ok,10.0
LbQ4zHxhoSI,30,40,True,B:\CSE425_Project\gnn-bert-music-context\data\raw\musiccaps\audio\LbQ4zHxhoSI_30_40.mp3,ok,10.0
Lc6OfmzV7Pk,30,40,False,B:\CSE425_Project\gnn-bert-music-context\data\raw\musiccaps\audio\Lc6OfmzV7Pk_30_40.mp3,ok,10.0
Ld5G00HlbQs,30,40,True,B:\CSE425_Project\gnn-bert-music-context\data\raw\musiccaps\audio\Ld5G00HlbQs_30_40.mp3,ok,10.0
Le4aGNS8e0c,190,200,False,B:\CSE425_Project\gnn-bert-music-context\data\raw\musiccaps\audio\Le4aGNS8e0c_190_200.mp3,ok,10.0
LfbGHMumxIQ,30,40,True,B:\CSE425_Project\gnn-bert-music-context\data\raw\musiccaps\audio\LfbGHMumxIQ_30_40.mp3,ok,10.0
LfvdxSBCtFE,30,40,True,B:\CSE425_Project\gnn-bert-music-context\data\raw\musiccaps\audio\LfvdxSBCtFE_30_40.mp3,ok,10.0
Lg1HG6D_0Qk,30,40,True,B:\CSE425_Project\gnn-bert-music-context\data\raw\musiccaps\audio\Lg1HG6D_0Qk_30_40.mp3,ok,10.0
LgKOnHwaCmg,30,40,True,B:\CSE425_Project\gnn-bert-music-context\data\raw\musiccaps\audio\LgKOnHwaCmg_30_40.mp3,ok,10.0
Lhw0H3P4zUE,190,200,False,B:\CSE425_Project\gnn-bert-music-context\data\raw\musiccaps\audio\Lhw0H3P4zUE_190_200.mp3,ok,10.0
LjihfG0fit0,30,40,True,B:\CSE425_Project\gnn-bert-music-context\data\raw\musiccaps\audio\LjihfG0fit0_30_40.mp3,ok,10.0
LjxhswBV1UA,20,30,True,B:\CSE425_Project\gnn-bert-music-context\data\raw\musiccaps\audio\LjxhswBV1UA_20_30.mp3,ok,10.0
LktT1OQrPdo,190,200,False,B:\CSE425_Project\gnn-bert-music-context\data\raw\musiccaps\audio\LktT1OQrPdo_190_200.mp3,ok,10.0
LkzyG2F8mTM,80,90,True,B:\CSE425_Project\gnn-bert-music-context\data\raw\musiccaps\audio\LkzyG2F8mTM_80_90.mp3,ok,10.0
LnL3KFKGqHE,30,40,False,B:\CSE425_Project\gnn-bert-music-context\data\raw\musiccaps\audio\LnL3KFKGqHE_30_40.mp3,ok,10.0
LnczSOwV9Ds,30,40,True,B:\CSE425_Project\gnn-bert-music-context\data\raw\musiccaps\audio\LnczSOwV9Ds_30_40.mp3,ok,10.0
LoTRWc9WK9Q,460,470,False,B:\CSE425_Project\gnn-bert-music-context\data\raw\musiccaps\audio\LoTRWc9WK9Q_460_470.mp3,ok,10.0
LpcvkXs49Zo,300,310,False,B:\CSE425_Project\gnn-bert-music-context\data\raw\musiccaps\audio\LpcvkXs49Zo_300_310.mp3,ok,10.0
Lq0LMMZfHCU,140,150,True,B:\CSE425_Project\gnn-bert-music-context\data\raw\musiccaps\audio\Lq0LMMZfHCU_140_150.mp3,ok,10.0
LqP4F4a-HOc,60,70,False,B:\CSE425_Project\gnn-bert-music-context\data\raw\musiccaps\audio\LqP4F4a-HOc_60_70.mp3,ok,10.0
Lrhy2auO6hY,30,40,True,B:\CSE425_Project\gnn-bert-music-context\data\raw\musiccaps\audio\Lrhy2auO6hY_30_40.mp3,ok,10.0
Ls6qMcgpdlM,30,40,True,B:\CSE425_Project\gnn-bert-music-context\data\raw\musiccaps\audio\Ls6qMcgpdlM_30_40.mp3,ok,10.0
LvpImXJMryI,30,40,False,B:\CSE425_Project\gnn-bert-music-context\data\raw\musiccaps\audio\LvpImXJMryI_30_40.mp3,ok,10.0
LwmwCpAVPWU,30,40,True,B:\CSE425_Project\gnn-bert-music-context\data\raw\musiccaps\audio\LwmwCpAVPWU_30_40.mp3,ok,10.0
Lwvf17xUxhE,40,50,False,B:\CSE425_Project\gnn-bert-music-context\data\raw\musiccaps\audio\Lwvf17xUxhE_40_50.mp3,ok,10.0
LyTwxJiSt7A,0,10,True,B:\CSE425_Project\gnn-bert-music-context\data\raw\musiccaps\audio\LyTwxJiSt7A_0_10.mp3,ok,10.0
LybSS4amIS0,30,40,True,B:\CSE425_Project\gnn-bert-music-context\data\raw\musiccaps\audio\LybSS4amIS0_30_40.mp3,ok,10.0
LzSWdj4izHM,20,30,True,B:\CSE425_Project\gnn-bert-music-context\data\raw\musiccaps\audio\LzSWdj4izHM_20_30.mp3,ok,10.0
M-RX7LqL50A,90,100,False,B:\CSE425_Project\gnn-bert-music-context\data\raw\musiccaps\audio\M-RX7LqL50A_90_100.mp3,ok,10.0
M0ygCD6WyXw,0,10,False,B:\CSE425_Project\gnn-bert-music-context\data\raw\musiccaps\audio\M0ygCD6WyXw_0_10.mp3,ok,10.0
M1ds6tRFxhs,170,180,False,B:\CSE425_Project\gnn-bert-music-context\data\raw\musiccaps\audio\M1ds6tRFxhs_170_180.mp3,ok,10.0
M27mIdPCZEY,30,40,True,B:\CSE425_Project\gnn-bert-music-context\data\raw\musiccaps\audio\M27mIdPCZEY_30_40.mp3,ok,10.0
M2iOUwFHv9Q,140,150,True,B:\CSE425_Project\gnn-bert-music-context\data\raw\musiccaps\audio\M2iOUwFHv9Q_140_150.mp3,ok,10.0
M4SIUPA05yc,90,100,False,B:\CSE425_Project\gnn-bert-music-context\data\raw\musiccaps\audio\M4SIUPA05yc_90_100.mp3,ok,10.0
M4rXhyyvERM,40,50,True,B:\CSE425_Project\gnn-bert-music-context\data\raw\musiccaps\audio\M4rXhyyvERM_40_50.mp3,ok,10.0
M4yst1q1nlU,30,40,True,B:\CSE425_Project\gnn-bert-music-context\data\raw\musiccaps\audio\M4yst1q1nlU_30_40.mp3,ok,10.0
M5sptjrboqA,70,80,True,B:\CSE425_Project\gnn-bert-music-context\data\raw\musiccaps\audio\M5sptjrboqA_70_80.mp3,ok,10.0
M61BBJpvvx8,30,40,True,B:\CSE425_Project\gnn-bert-music-context\data\raw\musiccaps\audio\M61BBJpvvx8_30_40.mp3,ok,10.0
M7GSBDc6s_w,340,350,True,B:\CSE425_Project\gnn-bert-music-context\data\raw\musiccaps\audio\M7GSBDc6s_w_340_350.mp3,ok,10.0
M7fsgHyiicM,250,260,False,B:\CSE425_Project\gnn-bert-music-context\data\raw\musiccaps\audio\M7fsgHyiicM_250_260.mp3,ok,10.0
M9MgZXkYRBs,140,150,False,B:\CSE425_Project\gnn-bert-music-context\data\raw\musiccaps\audio\M9MgZXkYRBs_140_150.mp3,ok,10.0
M9mc3HYL_GM,380,390,False,B:\CSE425_Project\gnn-bert-music-context\data\raw\musiccaps\audio\M9mc3HYL_GM_380_390.mp3,ok,10.0
MC0Aeu7RLSI,30,40,False,B:\CSE425_Project\gnn-bert-music-context\data\raw\musiccaps\audio\MC0Aeu7RLSI_30_40.mp3,ok,10.0
MEew7OQ17HY,10,20,True,B:\CSE425_Project\gnn-bert-music-context\data\raw\musiccaps\audio\MEew7OQ17HY_10_20.mp3,ok,10.0
MFxMPOAbUPA,260,270,False,B:\CSE425_Project\gnn-bert-music-context\data\raw\musiccaps\audio\MFxMPOAbUPA_260_270.mp3,ok,10.0
MHHshnnqyco,220,230,False,B:\CSE425_Project\gnn-bert-music-context\data\raw\musiccaps\audio\MHHshnnqyco_220_230.mp3,ok,10.0
MHgPpImV7b4,20,30,False,B:\CSE425_Project\gnn-bert-music-context\data\raw\musiccaps\audio\MHgPpImV7b4_20_30.mp3,ok,10.0
MHkfPjW0aRg,10,20,True,B:\CSE425_Project\gnn-bert-music-context\data\raw\musiccaps\audio\MHkfPjW0aRg_10_20.mp3,ok,10.0
MIexFfOsuJs,30,40,True,B:\CSE425_Project\gnn-bert-music-context\data\raw\musiccaps\audio\MIexFfOsuJs_30_40.mp3,ok,10.0
MJtDDmS6xSY,490,500,True,B:\CSE425_Project\gnn-bert-music-context\data\raw\musiccaps\audio\MJtDDmS6xSY_490_500.mp3,ok,10.0
MKXeCiPtZwo,280,290,True,B:\CSE425_Project\gnn-bert-music-context\data\raw\musiccaps\audio\MKXeCiPtZwo_280_290.mp3,ok,10.0
MKikHxKeodA,30,40,True,B:\CSE425_Project\gnn-bert-music-context\data\raw\musiccaps\audio\MKikHxKeodA_30_40.mp3,ok,10.0
MM0seezR2F4,100,110,True,B:\CSE425_Project\gnn-bert-music-context\data\raw\musiccaps\audio\MM0seezR2F4_100_110.mp3,ok,10.0
MMGAKKhqxKg,160,170,False,B:\CSE425_Project\gnn-bert-music-context\data\raw\musiccaps\audio\MMGAKKhqxKg_160_170.mp3,ok,10.0
MNd8CRa48Uk,260,270,False,B:\CSE425_Project\gnn-bert-music-context\data\raw\musiccaps\audio\MNd8CRa48Uk_260_270.mp3,ok,10.0
MNlzpCwdh4g,30,40,False,B:\CSE425_Project\gnn-bert-music-context\data\raw\musiccaps\audio\MNlzpCwdh4g_30_40.mp3,ok,10.0
MP7KPlqoQW0,30,40,True,,missing,
MPe6ztPtF0Y,30,40,True,B:\CSE425_Project\gnn-bert-music-context\data\raw\musiccaps\audio\MPe6ztPtF0Y_30_40.mp3,ok,10.0
MPxwPOOIskc,250,260,False,B:\CSE425_Project\gnn-bert-music-context\data\raw\musiccaps\audio\MPxwPOOIskc_250_260.mp3,ok,10.0
MQ1Q7xydJPU,220,230,False,B:\CSE425_Project\gnn-bert-music-context\data\raw\musiccaps\audio\MQ1Q7xydJPU_220_230.mp3,ok,10.0
MQrOnSzVlJg,30,40,True,B:\CSE425_Project\gnn-bert-music-context\data\raw\musiccaps\audio\MQrOnSzVlJg_30_40.mp3,ok,10.0
MROotmz8a-U,180,190,True,,missing,
MS8VU468rKk,320,330,False,B:\CSE425_Project\gnn-bert-music-context\data\raw\musiccaps\audio\MS8VU468rKk_320_330.mp3,ok,10.0
MSHbLrVlrQc,30,40,True,B:\CSE425_Project\gnn-bert-music-context\data\raw\musiccaps\audio\MSHbLrVlrQc_30_40.mp3,ok,10.0
MSqQKf3O3vY,30,40,True,B:\CSE425_Project\gnn-bert-music-context\data\raw\musiccaps\audio\MSqQKf3O3vY_30_40.mp3,ok,10.0
MV4tgzc9X6s,10,20,False,B:\CSE425_Project\gnn-bert-music-context\data\raw\musiccaps\audio\MV4tgzc9X6s_10_20.mp3,ok,10.0
MVAXHT67Na4,10,20,False,B:\CSE425_Project\gnn-bert-music-context\data\raw\musiccaps\audio\MVAXHT67Na4_10_20.mp3,ok,10.0
MVBQrBAXgw4,370,380,False,B:\CSE425_Project\gnn-bert-music-context\data\raw\musiccaps\audio\MVBQrBAXgw4_370_380.mp3,ok,10.0
MVYSWTF11Nc,30,40,True,B:\CSE425_Project\gnn-bert-music-context\data\raw\musiccaps\audio\MVYSWTF11Nc_30_40.mp3,ok,10.0
MVq9PYtypy0,30,40,True,B:\CSE425_Project\gnn-bert-music-context\data\raw\musiccaps\audio\MVq9PYtypy0_30_40.mp3,ok,10.0
MWS-Uxf1MRw,90,100,False,B:\CSE425_Project\gnn-bert-music-context\data\raw\musiccaps\audio\MWS-Uxf1MRw_90_100.mp3,ok,10.0
MX0wS7MX3Zo,190,200,False,B:\CSE425_Project\gnn-bert-music-context\data\raw\musiccaps\audio\MX0wS7MX3Zo_190_200.mp3,ok,10.0
MXdVnDVjSL8,30,40,False,B:\CSE425_Project\gnn-bert-music-context\data\raw\musiccaps\audio\MXdVnDVjSL8_30_40.mp3,ok,10.0
MY0PsDE3xHs,30,40,True,B:\CSE425_Project\gnn-bert-music-context\data\raw\musiccaps\audio\MY0PsDE3xHs_30_40.mp3,ok,10.0
MYtq46rNsCA,30,40,True,,missing,
MZhaDGgULtc,80,90,True,B:\CSE425_Project\gnn-bert-music-context\data\raw\musiccaps\audio\MZhaDGgULtc_80_90.mp3,ok,10.0
M_s-49rNCdw,50,60,True,B:\CSE425_Project\gnn-bert-music-context\data\raw\musiccaps\audio\M_s-49rNCdw_50_60.mp3,ok,10.0
MdYXznF3Eac,30,40,True,B:\CSE425_Project\gnn-bert-music-context\data\raw\musiccaps\audio\MdYXznF3Eac_30_40.mp3,ok,10.0
MdsRmMxkF4k,50,60,False,,missing,
MeA8CSKAuvw,30,40,False,B:\CSE425_Project\gnn-bert-music-context\data\raw\musiccaps\audio\MeA8CSKAuvw_30_40.mp3,ok,10.0
Mf6Ql55o7Es,30,40,True,B:\CSE425_Project\gnn-bert-music-context\data\raw\musiccaps\audio\Mf6Ql55o7Es_30_40.mp3,ok,10.0
MfKSVJIcDK0,30,40,True,B:\CSE425_Project\gnn-bert-music-context\data\raw\musiccaps\audio\MfKSVJIcDK0_30_40.mp3,ok,10.0
MfX7Q0ucts8,30,40,True,B:\CSE425_Project\gnn-bert-music-context\data\raw\musiccaps\audio\MfX7Q0ucts8_30_40.mp3,ok,10.0
Mhvgz5AjV3U,30,40,False,B:\CSE425_Project\gnn-bert-music-context\data\raw\musiccaps\audio\Mhvgz5AjV3U_30_40.mp3,ok,10.0
MiWskwqOMrg,30,40,False,B:\CSE425_Project\gnn-bert-music-context\data\raw\musiccaps\audio\MiWskwqOMrg_30_40.mp3,ok,10.0
MipnqUXgpOA,240,250,True,B:\CSE425_Project\gnn-bert-music-context\data\raw\musiccaps\audio\MipnqUXgpOA_240_250.mp3,ok,10.0
Mir959i7F2M,30,40,True,B:\CSE425_Project\gnn-bert-music-context\data\raw\musiccaps\audio\Mir959i7F2M_30_40.mp3,ok,10.0
MkPhe7TLLZ0,110,120,True,B:\CSE425_Project\gnn-bert-music-context\data\raw\musiccaps\audio\MkPhe7TLLZ0_110_120.mp3,ok,10.0
MkTQQ0m8Ys8,30,40,True,B:\CSE425_Project\gnn-bert-music-context\data\raw\musiccaps\audio\MkTQQ0m8Ys8_30_40.mp3,ok,10.0
MlnK2sa7mm4,70,80,False,B:\CSE425_Project\gnn-bert-music-context\data\raw\musiccaps\audio\MlnK2sa7mm4_70_80.mp3,ok,10.0
MmqRlHntd0Q,80,90,False,B:\CSE425_Project\gnn-bert-music-context\data\raw\musiccaps\audio\MmqRlHntd0Q_80_90.mp3,ok,10.0
Mnk6590abfY,30,40,True,B:\CSE425_Project\gnn-bert-music-context\data\raw\musiccaps\audio\Mnk6590abfY_30_40.mp3,ok,10.0
MocXmVbat3s,30,40,True,B:\CSE425_Project\gnn-bert-music-context\data\raw\musiccaps\audio\MocXmVbat3s_30_40.mp3,ok,10.0
Mp1MHSeHa0o,0,10,False,,missing,
MpS2SSIhe2g,30,40,True,B:\CSE425_Project\gnn-bert-music-context\data\raw\musiccaps\audio\MpS2SSIhe2g_30_40.mp3,ok,10.0
MpWGx5odhh8,160,170,True,B:\CSE425_Project\gnn-bert-music-context\data\raw\musiccaps\audio\MpWGx5odhh8_160_170.mp3,ok,10.0
MpjN21Z93JY,180,190,False,B:\CSE425_Project\gnn-bert-music-context\data\raw\musiccaps\audio\MpjN21Z93JY_180_190.mp3,ok,10.0
MrMXYO2fzJ4,140,150,False,B:\CSE425_Project\gnn-bert-music-context\data\raw\musiccaps\audio\MrMXYO2fzJ4_140_150.mp3,ok,10.0
MsEoUVWS59M,30,40,True,B:\CSE425_Project\gnn-bert-music-context\data\raw\musiccaps\audio\MsEoUVWS59M_30_40.mp3,ok,10.0
MsjeOXuUYG4,170,180,True,B:\CSE425_Project\gnn-bert-music-context\data\raw\musiccaps\audio\MsjeOXuUYG4_170_180.mp3,ok,10.0
MtVLmOvQopM,20,30,False,B:\CSE425_Project\gnn-bert-music-context\data\raw\musiccaps\audio\MtVLmOvQopM_20_30.mp3,ok,10.0
Mv90uA0tmgc,280,290,False,B:\CSE425_Project\gnn-bert-music-context\data\raw\musiccaps\audio\Mv90uA0tmgc_280_290.mp3,ok,10.0
MvnC1TfNiPY,90,100,True,B:\CSE425_Project\gnn-bert-music-context\data\raw\musiccaps\audio\MvnC1TfNiPY_90_100.mp3,ok,10.0
MwE7REVj8JQ,110,120,True,B:\CSE425_Project\gnn-bert-music-context\data\raw\musiccaps\audio\MwE7REVj8JQ_110_120.mp3,ok,10.0
MwK9HYjeeN0,30,40,True,B:\CSE425_Project\gnn-bert-music-context\data\raw\musiccaps\audio\MwK9HYjeeN0_30_40.mp3,ok,10.0
Mwy5Y0S5jfM,240,250,True,B:\CSE425_Project\gnn-bert-music-context\data\raw\musiccaps\audio\Mwy5Y0S5jfM_240_250.mp3,ok,10.0
MyH8zQw9csc,30,40,False,B:\CSE425_Project\gnn-bert-music-context\data\raw\musiccaps\audio\MyH8zQw9csc_30_40.mp3,ok,10.0
MyjxrBI9k4o,80,90,True,B:\CSE425_Project\gnn-bert-music-context\data\raw\musiccaps\audio\MyjxrBI9k4o_80_90.mp3,ok,10.0
MzUgHy7SyS8,30,40,True,B:\CSE425_Project\gnn-bert-music-context\data\raw\musiccaps\audio\MzUgHy7SyS8_30_40.mp3,ok,10.0
N-dzfI3L5ic,30,40,True,B:\CSE425_Project\gnn-bert-music-context\data\raw\musiccaps\audio\N-dzfI3L5ic_30_40.mp3,ok,10.0
N0i99VyZCg8,70,80,False,B:\CSE425_Project\gnn-bert-music-context\data\raw\musiccaps\audio\N0i99VyZCg8_70_80.mp3,ok,10.0
N0q5vPAsHLI,30,40,True,B:\CSE425_Project\gnn-bert-music-context\data\raw\musiccaps\audio\N0q5vPAsHLI_30_40.mp3,ok,10.0
N1Mxns_JJTk,30,40,True,B:\CSE425_Project\gnn-bert-music-context\data\raw\musiccaps\audio\N1Mxns_JJTk_30_40.mp3,ok,10.0
N4eMppEnPE0,260,270,False,B:\CSE425_Project\gnn-bert-music-context\data\raw\musiccaps\audio\N4eMppEnPE0_260_270.mp3,ok,10.0
N4tTZn8WlDM,30,40,True,B:\CSE425_Project\gnn-bert-music-context\data\raw\musiccaps\audio\N4tTZn8WlDM_30_40.mp3,ok,10.0
N5BAnG2zoUY,30,40,True,B:\CSE425_Project\gnn-bert-music-context\data\raw\musiccaps\audio\N5BAnG2zoUY_30_40.mp3,ok,10.0
N6YT8_jlt0E,140,150,True,B:\CSE425_Project\gnn-bert-music-context\data\raw\musiccaps\audio\N6YT8_jlt0E_140_150.mp3,ok,10.0
N8Fg3L1Cc5E,20,30,False,B:\CSE425_Project\gnn-bert-music-context\data\raw\musiccaps\audio\N8Fg3L1Cc5E_20_30.mp3,ok,10.0
NBnz0xV9nb4,200,210,False,B:\CSE425_Project\gnn-bert-music-context\data\raw\musiccaps\audio\NBnz0xV9nb4_200_210.mp3,ok,10.0
NC5tIv4-8fg,130,140,False,,missing,
NDJEKij2qOg,90,100,False,B:\CSE425_Project\gnn-bert-music-context\data\raw\musiccaps\audio\NDJEKij2qOg_90_100.mp3,ok,10.0
NHA1l_Czm38,180,190,True,B:\CSE425_Project\gnn-bert-music-context\data\raw\musiccaps\audio\NHA1l_Czm38_180_190.mp3,ok,10.0
NIcsJ8sEd0M,30,40,True,,missing,
NJGo2fmUAII,250,260,True,B:\CSE425_Project\gnn-bert-music-context\data\raw\musiccaps\audio\NJGo2fmUAII_250_260.mp3,ok,10.0
NJ_Ha89QjiI,70,80,False,B:\CSE425_Project\gnn-bert-music-context\data\raw\musiccaps\audio\NJ_Ha89QjiI_70_80.mp3,ok,10.0
NKDBwJIwWoU,30,40,True,B:\CSE425_Project\gnn-bert-music-context\data\raw\musiccaps\audio\NKDBwJIwWoU_30_40.mp3,ok,10.0
NLQts9t7d8k,50,60,False,B:\CSE425_Project\gnn-bert-music-context\data\raw\musiccaps\audio\NLQts9t7d8k_50_60.mp3,ok,10.0
NNeEzTVATHg,30,40,True,B:\CSE425_Project\gnn-bert-music-context\data\raw\musiccaps\audio\NNeEzTVATHg_30_40.mp3,ok,10.0
NP5iO_HB-f0,190,200,False,B:\CSE425_Project\gnn-bert-music-context\data\raw\musiccaps\audio\NP5iO_HB-f0_190_200.mp3,ok,10.0
NPXZIqxKvXA,30,40,True,B:\CSE425_Project\gnn-bert-music-context\data\raw\musiccaps\audio\NPXZIqxKvXA_30_40.mp3,ok,10.0
NQXQsVawPhU,30,40,False,B:\CSE425_Project\gnn-bert-music-context\data\raw\musiccaps\audio\NQXQsVawPhU_30_40.mp3,ok,10.0
NRWlHRvaDcQ,30,40,False,B:\CSE425_Project\gnn-bert-music-context\data\raw\musiccaps\audio\NRWlHRvaDcQ_30_40.mp3,ok,10.0
NSS9_2FFVeo,40,50,False,B:\CSE425_Project\gnn-bert-music-context\data\raw\musiccaps\audio\NSS9_2FFVeo_40_50.mp3,ok,10.0
NSyqj1DXZKg,130,140,False,B:\CSE425_Project\gnn-bert-music-context\data\raw\musiccaps\audio\NSyqj1DXZKg_130_140.mp3,ok,10.0
NUTaOnEhvzE,40,50,False,B:\CSE425_Project\gnn-bert-music-context\data\raw\musiccaps\audio\NUTaOnEhvzE_40_50.mp3,ok,10.0
NVo-stvk_QE,30,40,False,B:\CSE425_Project\gnn-bert-music-context\data\raw\musiccaps\audio\NVo-stvk_QE_30_40.mp3,ok,10.0
NWL-P08eM-U,30,40,True,B:\CSE425_Project\gnn-bert-music-context\data\raw\musiccaps\audio\NWL-P08eM-U_30_40.mp3,ok,10.0
NX3KJ-tVdMI,330,340,False,B:\CSE425_Project\gnn-bert-music-context\data\raw\musiccaps\audio\NX3KJ-tVdMI_330_340.mp3,ok,10.0
NXuB3ZEpM5U,30,40,False,,missing,
NZ2kFIaW05k,450,460,False,B:\CSE425_Project\gnn-bert-music-context\data\raw\musiccaps\audio\NZ2kFIaW05k_450_460.mp3,ok,10.0
NZYDLDIyZr8,260,270,False,,missing,
NZn4-gP2GiI,80,90,False,B:\CSE425_Project\gnn-bert-music-context\data\raw\musiccaps\audio\NZn4-gP2GiI_80_90.mp3,ok,10.0
N_41Y2vH6eA,0,10,True,B:\CSE425_Project\gnn-bert-music-context\data\raw\musiccaps\audio\N_41Y2vH6eA_0_10.mp3,ok,10.0
N_LKZjw9DLk,60,70,True,B:\CSE425_Project\gnn-bert-music-context\data\raw\musiccaps\audio\N_LKZjw9DLk_60_70.mp3,ok,10.0
N_Wx35sNqdM,80,90,True,B:\CSE425_Project\gnn-bert-music-context\data\raw\musiccaps\audio\N_Wx35sNqdM_80_90.mp3,ok,10.0
NcsYdCbKgcc,90,100,False,B:\CSE425_Project\gnn-bert-music-context\data\raw\musiccaps\audio\NcsYdCbKgcc_90_100.mp3,ok,10.0
NdiSW-p2I0c,30,40,True,B:\CSE425_Project\gnn-bert-music-context\data\raw\musiccaps\audio\NdiSW-p2I0c_30_40.mp3,ok,10.0
NeSIT6sqLRA,420,430,False,B:\CSE425_Project\gnn-bert-music-context\data\raw\musiccaps\audio\NeSIT6sqLRA_420_430.mp3,ok,10.0
Nep_3Y81E_w,30,40,True,B:\CSE425_Project\gnn-bert-music-context\data\raw\musiccaps\audio\Nep_3Y81E_w_30_40.mp3,ok,10.0
NgniX3tg_Mo,50,60,False,,missing,
NhVkzcCL0SA,30,40,True,B:\CSE425_Project\gnn-bert-music-context\data\raw\musiccaps\audio\NhVkzcCL0SA_30_40.mp3,ok,10.0
NjoKxRwQxCE,400,410,False,B:\CSE425_Project\gnn-bert-music-context\data\raw\musiccaps\audio\NjoKxRwQxCE_400_410.mp3,ok,10.0
NlCfScKw_Mk,30,40,True,B:\CSE425_Project\gnn-bert-music-context\data\raw\musiccaps\audio\NlCfScKw_Mk_30_40.mp3,ok,10.0
NlUf1ppoSG4,130,140,False,B:\CSE425_Project\gnn-bert-music-context\data\raw\musiccaps\audio\NlUf1ppoSG4_130_140.mp3,ok,10.0
Nlg8AbWRV_c,30,40,False,B:\CSE425_Project\gnn-bert-music-context\data\raw\musiccaps\audio\Nlg8AbWRV_c_30_40.mp3,ok,10.0
NmMJgUo19Gk,460,470,True,B:\CSE425_Project\gnn-bert-music-context\data\raw\musiccaps\audio\NmMJgUo19Gk_460_470.mp3,ok,10.0
Nms2A0wi0vU,20,30,True,B:\CSE425_Project\gnn-bert-music-context\data\raw\musiccaps\audio\Nms2A0wi0vU_20_30.mp3,ok,10.0
NmwmOY6iBFg,30,40,True,B:\CSE425_Project\gnn-bert-music-context\data\raw\musiccaps\audio\NmwmOY6iBFg_30_40.mp3,ok,10.0
NnYfF7E12dk,190,200,False,B:\CSE425_Project\gnn-bert-music-context\data\raw\musiccaps\audio\NnYfF7E12dk_190_200.mp3,ok,10.0
NnmJ1UHWlas,30,40,False,B:\CSE425_Project\gnn-bert-music-context\data\raw\musiccaps\audio\NnmJ1UHWlas_30_40.mp3,ok,10.0
No4Bi6mG1J8,70,80,True,B:\CSE425_Project\gnn-bert-music-context\data\raw\musiccaps\audio\No4Bi6mG1J8_70_80.mp3,ok,10.0
NoB_4XaZYVs,180,190,False,B:\CSE425_Project\gnn-bert-music-context\data\raw\musiccaps\audio\NoB_4XaZYVs_180_190.mp3,ok,10.0
Npbs_4DZgEQ,520,530,False,B:\CSE425_Project\gnn-bert-music-context\data\raw\musiccaps\audio\Npbs_4DZgEQ_520_530.mp3,ok,10.0
NqDxpJ2uR_8,0,10,True,B:\CSE425_Project\gnn-bert-music-context\data\raw\musiccaps\audio\NqDxpJ2uR_8_0_10.mp3,ok,10.0
Nqb7nw58q08,30,40,True,B:\CSE425_Project\gnn-bert-music-context\data\raw\musiccaps\audio\Nqb7nw58q08_30_40.mp3,ok,10.0
Ns-iXXKmzzU,30,40,True,B:\CSE425_Project\gnn-bert-music-context\data\raw\musiccaps\audio\Ns-iXXKmzzU_30_40.mp3,ok,10.0
NsR60ehkHGA,30,40,False,B:\CSE425_Project\gnn-bert-music-context\data\raw\musiccaps\audio\NsR60ehkHGA_30_40.mp3,ok,10.0
NsYVaRI6rXg,30,40,True,B:\CSE425_Project\gnn-bert-music-context\data\raw\musiccaps\audio\NsYVaRI6rXg_30_40.wav,ok,10.0
Nt0U-CXK6O0,50,60,True,B:\CSE425_Project\gnn-bert-music-context\data\raw\musiccaps\audio\Nt0U-CXK6O0_50_60.mp3,ok,10.0
NtM3gudMBCQ,10,20,True,B:\CSE425_Project\gnn-bert-music-context\data\raw\musiccaps\audio\NtM3gudMBCQ_10_20.mp3,ok,10.0
NuN-ug3dIkw,30,40,True,B:\CSE425_Project\gnn-bert-music-context\data\raw\musiccaps\audio\NuN-ug3dIkw_30_40.mp3,ok,10.0
Nuks8XFdGMk,30,40,True,B:\CSE425_Project\gnn-bert-music-context\data\raw\musiccaps\audio\Nuks8XFdGMk_30_40.mp3,ok,10.0
NwA9JSlK_lM,30,40,True,B:\CSE425_Project\gnn-bert-music-context\data\raw\musiccaps\audio\NwA9JSlK_lM_30_40.mp3,ok,10.0
NwUJe24OxC8,160,170,True,B:\CSE425_Project\gnn-bert-music-context\data\raw\musiccaps\audio\NwUJe24OxC8_160_170.mp3,ok,10.0
NwfEO8cjSK0,30,40,True,B:\CSE425_Project\gnn-bert-music-context\data\raw\musiccaps\audio\NwfEO8cjSK0_30_40.mp3,ok,10.0
NxdQtpceXaI,30,40,True,B:\CSE425_Project\gnn-bert-music-context\data\raw\musiccaps\audio\NxdQtpceXaI_30_40.mp3,ok,10.0
NxpnW_IdkSY,480,490,True,B:\CSE425_Project\gnn-bert-music-context\data\raw\musiccaps\audio\NxpnW_IdkSY_480_490.mp3,ok,10.0
Ny4wnDN4K1U,110,120,False,B:\CSE425_Project\gnn-bert-music-context\data\raw\musiccaps\audio\Ny4wnDN4K1U_110_120.mp3,ok,10.0
Nymjfq2kXnI,30,40,True,B:\CSE425_Project\gnn-bert-music-context\data\raw\musiccaps\audio\Nymjfq2kXnI_30_40.mp3,ok,10.0
Nz4iLzJBTBo,300,310,True,B:\CSE425_Project\gnn-bert-music-context\data\raw\musiccaps\audio\Nz4iLzJBTBo_300_310.mp3,ok,10.0
NzVg-cFQJbE,30,40,True,B:\CSE425_Project\gnn-bert-music-context\data\raw\musiccaps\audio\NzVg-cFQJbE_30_40.mp3,ok,10.0
NzvkMWY4EjA,30,40,True,B:\CSE425_Project\gnn-bert-music-context\data\raw\musiccaps\audio\NzvkMWY4EjA_30_40.mp3,ok,10.0
O0sDg-yLvlE,30,40,True,B:\CSE425_Project\gnn-bert-music-context\data\raw\musiccaps\audio\O0sDg-yLvlE_30_40.mp3,ok,10.0
O0y-m0pCi5E,30,40,False,B:\CSE425_Project\gnn-bert-music-context\data\raw\musiccaps\audio\O0y-m0pCi5E_30_40.mp3,ok,10.0
O1EmHJyz5ds,30,40,False,B:\CSE425_Project\gnn-bert-music-context\data\raw\musiccaps\audio\O1EmHJyz5ds_30_40.mp3,ok,10.0
O1RmrE_HfpE,30,40,True,B:\CSE425_Project\gnn-bert-music-context\data\raw\musiccaps\audio\O1RmrE_HfpE_30_40.mp3,ok,10.0
O25IKwo2HkE,30,40,False,B:\CSE425_Project\gnn-bert-music-context\data\raw\musiccaps\audio\O25IKwo2HkE_30_40.mp3,ok,10.0
O28kY0aN8VI,30,40,True,B:\CSE425_Project\gnn-bert-music-context\data\raw\musiccaps\audio\O28kY0aN8VI_30_40.mp3,ok,10.0
O2HttJtcec4,30,40,True,B:\CSE425_Project\gnn-bert-music-context\data\raw\musiccaps\audio\O2HttJtcec4_30_40.mp3,ok,10.0
O3Cvn4yXrao,120,130,False,B:\CSE425_Project\gnn-bert-music-context\data\raw\musiccaps\audio\O3Cvn4yXrao_120_130.mp3,ok,10.0
O40E8bpmONQ,30,40,False,B:\CSE425_Project\gnn-bert-music-context\data\raw\musiccaps\audio\O40E8bpmONQ_30_40.mp3,ok,10.0
O5IulN0n6d0,30,40,True,B:\CSE425_Project\gnn-bert-music-context\data\raw\musiccaps\audio\O5IulN0n6d0_30_40.mp3,ok,10.0
O66lIRbF4Gw,30,40,True,B:\CSE425_Project\gnn-bert-music-context\data\raw\musiccaps\audio\O66lIRbF4Gw_30_40.mp3,ok,10.0
O6QyYC7Tt2A,160,170,True,B:\CSE425_Project\gnn-bert-music-context\data\raw\musiccaps\audio\O6QyYC7Tt2A_160_170.mp3,ok,10.0
O6xMQnKJROc,140,150,False,B:\CSE425_Project\gnn-bert-music-context\data\raw\musiccaps\audio\O6xMQnKJROc_140_150.mp3,ok,10.0
O73wigUotGo,30,40,False,B:\CSE425_Project\gnn-bert-music-context\data\raw\musiccaps\audio\O73wigUotGo_30_40.mp3,ok,10.0
O84YjlJ_Qw4,40,50,False,B:\CSE425_Project\gnn-bert-music-context\data\raw\musiccaps\audio\O84YjlJ_Qw4_40_50.mp3,ok,10.0
O8EMm4QJjeo,0,10,False,B:\CSE425_Project\gnn-bert-music-context\data\raw\musiccaps\audio\O8EMm4QJjeo_0_10.mp3,ok,10.0
O8rHjrG3HM4,30,40,True,B:\CSE425_Project\gnn-bert-music-context\data\raw\musiccaps\audio\O8rHjrG3HM4_30_40.mp3,ok,10.0
O9Ag-dE-yfQ,0,10,True,B:\CSE425_Project\gnn-bert-music-context\data\raw\musiccaps\audio\O9Ag-dE-yfQ_0_10.mp3,ok,10.0
O9_avJFKIQk,30,40,True,B:\CSE425_Project\gnn-bert-music-context\data\raw\musiccaps\audio\O9_avJFKIQk_30_40.mp3,ok,10.0
OA63sRxGk6o,170,180,False,B:\CSE425_Project\gnn-bert-music-context\data\raw\musiccaps\audio\OA63sRxGk6o_170_180.mp3,ok,10.0
OAl2EjbdQG8,30,40,True,B:\CSE425_Project\gnn-bert-music-context\data\raw\musiccaps\audio\OAl2EjbdQG8_30_40.wav,ok,10.0
OB7GyVqufwQ,120,130,True,B:\CSE425_Project\gnn-bert-music-context\data\raw\musiccaps\audio\OB7GyVqufwQ_120_130.mp3,ok,10.0
OBJM1TqPvu4,470,480,False,B:\CSE425_Project\gnn-bert-music-context\data\raw\musiccaps\audio\OBJM1TqPvu4_470_480.mp3,ok,10.0
ODOrls3MuZI,190,200,False,B:\CSE425_Project\gnn-bert-music-context\data\raw\musiccaps\audio\ODOrls3MuZI_190_200.mp3,ok,10.0
ODRAYQE9GXs,30,40,False,B:\CSE425_Project\gnn-bert-music-context\data\raw\musiccaps\audio\ODRAYQE9GXs_30_40.mp3,ok,10.0
OECgm1obaFs,30,40,False,B:\CSE425_Project\gnn-bert-music-context\data\raw\musiccaps\audio\OECgm1obaFs_30_40.mp3,ok,10.0
OEIj1UX5ZRg,30,40,True,B:\CSE425_Project\gnn-bert-music-context\data\raw\musiccaps\audio\OEIj1UX5ZRg_30_40.mp3,ok,10.0
OEjgIDubFbg,350,360,True,B:\CSE425_Project\gnn-bert-music-context\data\raw\musiccaps\audio\OEjgIDubFbg_350_360.mp3,ok,10.0
OEpMpYMjO9Y,30,40,True,B:\CSE425_Project\gnn-bert-music-context\data\raw\musiccaps\audio\OEpMpYMjO9Y_30_40.mp3,ok,10.0
OEuBITrf-kE,210,220,True,B:\CSE425_Project\gnn-bert-music-context\data\raw\musiccaps\audio\OEuBITrf-kE_210_220.mp3,ok,10.0
OFJG5Wo_knI,30,40,True,B:\CSE425_Project\gnn-bert-music-context\data\raw\musiccaps\audio\OFJG5Wo_knI_30_40.mp3,ok,10.0
OFP5MYVDa4g,30,40,True,B:\CSE425_Project\gnn-bert-music-context\data\raw\musiccaps\audio\OFP5MYVDa4g_30_40.mp3,ok,10.0
OH2SQhJqZDg,0,10,True,B:\CSE425_Project\gnn-bert-music-context\data\raw\musiccaps\audio\OH2SQhJqZDg_0_10.mp3,ok,10.0
OH8urnIthoQ,60,70,True,B:\CSE425_Project\gnn-bert-music-context\data\raw\musiccaps\audio\OH8urnIthoQ_60_70.mp3,ok,10.0
OHZZuO2vY50,30,40,False,B:\CSE425_Project\gnn-bert-music-context\data\raw\musiccaps\audio\OHZZuO2vY50_30_40.mp3,ok,10.0
OHrrS6AKW_c,30,40,True,B:\CSE425_Project\gnn-bert-music-context\data\raw\musiccaps\audio\OHrrS6AKW_c_30_40.mp3,ok,10.0
OI7S7vaBT4I,60,70,True,B:\CSE425_Project\gnn-bert-music-context\data\raw\musiccaps\audio\OI7S7vaBT4I_60_70.mp3,ok,10.0
OII3VJoE0WA,30,40,True,B:\CSE425_Project\gnn-bert-music-context\data\raw\musiccaps\audio\OII3VJoE0WA_30_40.mp3,ok,10.0
OJuVsBojdvo,30,40,False,B:\CSE425_Project\gnn-bert-music-context\data\raw\musiccaps\audio\OJuVsBojdvo_30_40.mp3,ok,10.0
OKZF0oG1E14,30,40,True,B:\CSE425_Project\gnn-bert-music-context\data\raw\musiccaps\audio\OKZF0oG1E14_30_40.mp3,ok,10.0
OKquGBKOgME,30,40,True,B:\CSE425_Project\gnn-bert-music-context\data\raw\musiccaps\audio\OKquGBKOgME_30_40.mp3,ok,10.0
OLy3C8YpMsY,30,40,True,B:\CSE425_Project\gnn-bert-music-context\data\raw\musiccaps\audio\OLy3C8YpMsY_30_40.mp3,ok,10.0
OM04OFjNPGw,150,160,False,B:\CSE425_Project\gnn-bert-music-context\data\raw\musiccaps\audio\OM04OFjNPGw_150_160.mp3,ok,10.0
OMApGp219Zc,10,20,False,B:\CSE425_Project\gnn-bert-music-context\data\raw\musiccaps\audio\OMApGp219Zc_10_20.mp3,ok,10.0
OMcoFfaCaGM,30,40,True,B:\CSE425_Project\gnn-bert-music-context\data\raw\musiccaps\audio\OMcoFfaCaGM_30_40.mp3,ok,10.0
ONfd_rHtL74,30,40,True,B:\CSE425_Project\gnn-bert-music-context\data\raw\musiccaps\audio\ONfd_rHtL74_30_40.mp3,ok,10.0
OO1Q-3kXCtM,10,20,False,,missing,
OOik9i9wrU8,0,10,True,B:\CSE425_Project\gnn-bert-music-context\data\raw\musiccaps\audio\OOik9i9wrU8_0_10.mp3,ok,10.0
OPX9ukYun3o,10,20,False,B:\CSE425_Project\gnn-bert-music-context\data\raw\musiccaps\audio\OPX9ukYun3o_10_20.mp3,ok,10.0
OPimGlHcSRQ,30,40,True,B:\CSE425_Project\gnn-bert-music-context\data\raw\musiccaps\audio\OPimGlHcSRQ_30_40.mp3,ok,10.0
OQz8reoVQEI,30,40,True,B:\CSE425_Project\gnn-bert-music-context\data\raw\musiccaps\audio\OQz8reoVQEI_30_40.mp3,ok,10.0
OR_YbeqV5tA,100,110,True,B:\CSE425_Project\gnn-bert-music-context\data\raw\musiccaps\audio\OR_YbeqV5tA_100_110.mp3,ok,10.0
ORikRIu7s1o,30,40,True,B:\CSE425_Project\gnn-bert-music-context\data\raw\musiccaps\audio\ORikRIu7s1o_30_40.mp3,ok,10.0
ORt8LSgn-uA,30,40,True,B:\CSE425_Project\gnn-bert-music-context\data\raw\musiccaps\audio\ORt8LSgn-uA_30_40.mp3,ok,10.0
OS4YFp3DiEE,250,260,False,,missing,
OSlotCnSFow,140,150,False,B:\CSE425_Project\gnn-bert-music-context\data\raw\musiccaps\audio\OSlotCnSFow_140_150.mp3,ok,10.0
OTu_vWZV4QA,30,40,False,B:\CSE425_Project\gnn-bert-music-context\data\raw\musiccaps\audio\OTu_vWZV4QA_30_40.mp3,ok,10.0
OVNVaXZ9D0E,30,40,False,B:\CSE425_Project\gnn-bert-music-context\data\raw\musiccaps\audio\OVNVaXZ9D0E_30_40.mp3,ok,10.0
OWbfAmrFdp8,40,50,False,B:\CSE425_Project\gnn-bert-music-context\data\raw\musiccaps\audio\OWbfAmrFdp8_40_50.mp3,ok,10.0
OZjpYGdvMX0,30,40,True,B:\CSE425_Project\gnn-bert-music-context\data\raw\musiccaps\audio\OZjpYGdvMX0_30_40.mp3,ok,10.0
OZv8mtQEgA0,30,40,True,B:\CSE425_Project\gnn-bert-music-context\data\raw\musiccaps\audio\OZv8mtQEgA0_30_40.mp3,ok,10.0
Ob9iaGon5ak,60,70,True,B:\CSE425_Project\gnn-bert-music-context\data\raw\musiccaps\audio\Ob9iaGon5ak_60_70.mp3,ok,10.0
Obtx-A9Lt5c,10,20,False,B:\CSE425_Project\gnn-bert-music-context\data\raw\musiccaps\audio\Obtx-A9Lt5c_10_20.mp3,ok,10.0
Occ4uW0lw0k,30,40,True,B:\CSE425_Project\gnn-bert-music-context\data\raw\musiccaps\audio\Occ4uW0lw0k_30_40.mp3,ok,10.0
OcdrbkDm2LQ,30,40,True,B:\CSE425_Project\gnn-bert-music-context\data\raw\musiccaps\audio\OcdrbkDm2LQ_30_40.mp3,ok,10.0
OdLCoLVRCmk,570,580,False,B:\CSE425_Project\gnn-bert-music-context\data\raw\musiccaps\audio\OdLCoLVRCmk_570_580.mp3,ok,10.0
OeNTAUKZgKs,400,410,False,B:\CSE425_Project\gnn-bert-music-context\data\raw\musiccaps\audio\OeNTAUKZgKs_400_410.mp3,ok,10.0
Oe_xSG_ic-c,80,90,False,B:\CSE425_Project\gnn-bert-music-context\data\raw\musiccaps\audio\Oe_xSG_ic-c_80_90.mp3,ok,10.0
Ofry7lyQZDA,90,100,False,B:\CSE425_Project\gnn-bert-music-context\data\raw\musiccaps\audio\Ofry7lyQZDA_90_100.mp3,ok,10.0
OgqDO1wxQ8E,0,10,False,B:\CSE425_Project\gnn-bert-music-context\data\raw\musiccaps\audio\OgqDO1wxQ8E_0_10.mp3,ok,10.0
OhZmxS5DUKU,30,40,False,B:\CSE425_Project\gnn-bert-music-context\data\raw\musiccaps\audio\OhZmxS5DUKU_30_40.mp3,ok,10.0
OheHnFixwVk,30,40,True,B:\CSE425_Project\gnn-bert-music-context\data\raw\musiccaps\audio\OheHnFixwVk_30_40.mp3,ok,10.0
OiAJB9uydS8,100,110,False,B:\CSE425_Project\gnn-bert-music-context\data\raw\musiccaps\audio\OiAJB9uydS8_100_110.mp3,ok,10.0
OiNlYrlJE4g,430,440,False,B:\CSE425_Project\gnn-bert-music-context\data\raw\musiccaps\audio\OiNlYrlJE4g_430_440.mp3,ok,10.0
OjEG808MfF4,330,340,True,B:\CSE425_Project\gnn-bert-music-context\data\raw\musiccaps\audio\OjEG808MfF4_330_340.mp3,ok,10.0
OjoDuBkPDM8,30,40,True,B:\CSE425_Project\gnn-bert-music-context\data\raw\musiccaps\audio\OjoDuBkPDM8_30_40.mp3,ok,10.0
OjvWDzPGeic,5,15,True,B:\CSE425_Project\gnn-bert-music-context\data\raw\musiccaps\audio\OjvWDzPGeic_5_15.mp3,ok,10.0
Ok-ia7ziJy0,30,40,False,B:\CSE425_Project\gnn-bert-music-context\data\raw\musiccaps\audio\Ok-ia7ziJy0_30_40.mp3,ok,10.0
OkcBJawiIHA,250,260,False,B:\CSE425_Project\gnn-bert-music-context\data\raw\musiccaps\audio\OkcBJawiIHA_250_260.mp3,ok,10.0
OmjfHQB_lcs,30,40,True,B:\CSE425_Project\gnn-bert-music-context\data\raw\musiccaps\audio\OmjfHQB_lcs_30_40.mp3,ok,10.0
On9epzZ_ceI,30,40,True,B:\CSE425_Project\gnn-bert-music-context\data\raw\musiccaps\audio\On9epzZ_ceI_30_40.mp3,ok,10.0
OnL-e9X0oEc,140,150,False,B:\CSE425_Project\gnn-bert-music-context\data\raw\musiccaps\audio\OnL-e9X0oEc_140_150.mp3,ok,10.0
OoJGMj5H7Wk,440,450,False,B:\CSE425_Project\gnn-bert-music-context\data\raw\musiccaps\audio\OoJGMj5H7Wk_440_450.mp3,ok,10.0
OoRUo92emGo,10,20,False,,missing,
OoyxPPoPmt0,50,60,False,B:\CSE425_Project\gnn-bert-music-context\data\raw\musiccaps\audio\OoyxPPoPmt0_50_60.mp3,ok,10.0
OpWCljke4oQ,160,170,True,B:\CSE425_Project\gnn-bert-music-context\data\raw\musiccaps\audio\OpWCljke4oQ_160_170.mp3,ok,10.0
Or4CALipjig,30,40,True,B:\CSE425_Project\gnn-bert-music-context\data\raw\musiccaps\audio\Or4CALipjig_30_40.mp3,ok,10.0
Orge4_UlvNI,280,290,True,B:\CSE425_Project\gnn-bert-music-context\data\raw\musiccaps\audio\Orge4_UlvNI_280_290.mp3,ok,10.0
OrsfEkAhie4,0,10,True,B:\CSE425_Project\gnn-bert-music-context\data\raw\musiccaps\audio\OrsfEkAhie4_0_10.mp3,ok,10.0
OseeYF_ud7g,120,130,False,B:\CSE425_Project\gnn-bert-music-context\data\raw\musiccaps\audio\OseeYF_ud7g_120_130.mp3,ok,10.0
Ou2rEaq28PM,350,360,False,B:\CSE425_Project\gnn-bert-music-context\data\raw\musiccaps\audio\Ou2rEaq28PM_350_360.mp3,ok,10.0
Ou7vteWmqfw,120,130,False,B:\CSE425_Project\gnn-bert-music-context\data\raw\musiccaps\audio\Ou7vteWmqfw_120_130.mp3,ok,10.0
OvX68hqDjeA,30,40,True,B:\CSE425_Project\gnn-bert-music-context\data\raw\musiccaps\audio\OvX68hqDjeA_30_40.mp3,ok,10.0
OvjmfGU4y_M,190,200,False,B:\CSE425_Project\gnn-bert-music-context\data\raw\musiccaps\audio\OvjmfGU4y_M_190_200.mp3,ok,10.0
Ovk5EfFj7Ws,160,170,False,B:\CSE425_Project\gnn-bert-music-context\data\raw\musiccaps\audio\Ovk5EfFj7Ws_160_170.mp3,ok,10.0
OwUzGq0ceT8,30,40,False,B:\CSE425_Project\gnn-bert-music-context\data\raw\musiccaps\audio\OwUzGq0ceT8_30_40.mp3,ok,10.0
OwukabRF7I4,30,40,True,B:\CSE425_Project\gnn-bert-music-context\data\raw\musiccaps\audio\OwukabRF7I4_30_40.mp3,ok,10.0
OxxRnDpN9cc,30,40,False,B:\CSE425_Project\gnn-bert-music-context\data\raw\musiccaps\audio\OxxRnDpN9cc_30_40.mp3,ok,10.0
OyRtTtTSXuM,30,40,False,B:\CSE425_Project\gnn-bert-music-context\data\raw\musiccaps\audio\OyRtTtTSXuM_30_40.mp3,ok,10.0
OyouRYAq-tE,380,390,False,B:\CSE425_Project\gnn-bert-music-context\data\raw\musiccaps\audio\OyouRYAq-tE_380_390.mp3,ok,10.0
OzaVvthCvtk,30,40,True,B:\CSE425_Project\gnn-bert-music-context\data\raw\musiccaps\audio\OzaVvthCvtk_30_40.mp3,ok,10.0
P-eIhvCaK-s,90,100,True,B:\CSE425_Project\gnn-bert-music-context\data\raw\musiccaps\audio\P-eIhvCaK-s_90_100.mp3,ok,10.0
P007re8_iyY,70,80,False,B:\CSE425_Project\gnn-bert-music-context\data\raw\musiccaps\audio\P007re8_iyY_70_80.mp3,ok,10.0
P0vjXnnIiR4,220,230,False,B:\CSE425_Project\gnn-bert-music-context\data\raw\musiccaps\audio\P0vjXnnIiR4_220_230.mp3,ok,10.0
P14zjckYFK0,280,290,False,B:\CSE425_Project\gnn-bert-music-context\data\raw\musiccaps\audio\P14zjckYFK0_280_290.mp3,ok,10.0
P1Vxm_ICSG0,30,40,True,B:\CSE425_Project\gnn-bert-music-context\data\raw\musiccaps\audio\P1Vxm_ICSG0_30_40.mp3,ok,10.0
P240GHf9Eq4,30,40,True,B:\CSE425_Project\gnn-bert-music-context\data\raw\musiccaps\audio\P240GHf9Eq4_30_40.mp3,ok,10.0
P25JeM4lPGw,30,40,True,B:\CSE425_Project\gnn-bert-music-context\data\raw\musiccaps\audio\P25JeM4lPGw_30_40.mp3,ok,10.0
P2F4iNqJmNU,30,40,False,B:\CSE425_Project\gnn-bert-music-context\data\raw\musiccaps\audio\P2F4iNqJmNU_30_40.mp3,ok,10.0
P2UqnWU8d8o,30,40,False,B:\CSE425_Project\gnn-bert-music-context\data\raw\musiccaps\audio\P2UqnWU8d8o_30_40.mp3,ok,10.0
P39x5dOsJ40,80,90,False,B:\CSE425_Project\gnn-bert-music-context\data\raw\musiccaps\audio\P39x5dOsJ40_80_90.mp3,ok,10.0
P3ZPbGjHFXE,220,230,True,B:\CSE425_Project\gnn-bert-music-context\data\raw\musiccaps\audio\P3ZPbGjHFXE_220_230.mp3,ok,10.0
P3aeojk4lCs,140,150,True,B:\CSE425_Project\gnn-bert-music-context\data\raw\musiccaps\audio\P3aeojk4lCs_140_150.mp3,ok,10.0
P4aTFrJws40,30,40,False,B:\CSE425_Project\gnn-bert-music-context\data\raw\musiccaps\audio\P4aTFrJws40_30_40.mp3,ok,10.0
P4zWSoib5BU,30,40,False,B:\CSE425_Project\gnn-bert-music-context\data\raw\musiccaps\audio\P4zWSoib5BU_30_40.mp3,ok,10.0
P54hbuQLkc4,220,230,True,B:\CSE425_Project\gnn-bert-music-context\data\raw\musiccaps\audio\P54hbuQLkc4_220_230.mp3,ok,10.0
P5AgEqouchI,10,20,False,B:\CSE425_Project\gnn-bert-music-context\data\raw\musiccaps\audio\P5AgEqouchI_10_20.mp3,ok,10.0
P5IxlG4-CY8,30,40,True,B:\CSE425_Project\gnn-bert-music-context\data\raw\musiccaps\audio\P5IxlG4-CY8_30_40.mp3,ok,10.0
P5tsRM1iokA,30,40,True,B:\CSE425_Project\gnn-bert-music-context\data\raw\musiccaps\audio\P5tsRM1iokA_30_40.mp3,ok,10.0
P5uIpVLEpm4,160,170,False,B:\CSE425_Project\gnn-bert-music-context\data\raw\musiccaps\audio\P5uIpVLEpm4_160_170.mp3,ok,10.0
P65yE_EXLd8,30,40,False,B:\CSE425_Project\gnn-bert-music-context\data\raw\musiccaps\audio\P65yE_EXLd8_30_40.mp3,ok,10.0
P8nK4i8XscM,30,40,True,B:\CSE425_Project\gnn-bert-music-context\data\raw\musiccaps\audio\P8nK4i8XscM_30_40.mp3,ok,10.0
P90rFZQFqWk,30,40,True,B:\CSE425_Project\gnn-bert-music-context\data\raw\musiccaps\audio\P90rFZQFqWk_30_40.mp3,ok,10.0
P97w3AdePgQ,570,580,True,B:\CSE425_Project\gnn-bert-music-context\data\raw\musiccaps\audio\P97w3AdePgQ_570_580.mp3,ok,10.0
P996TZp25PM,100,110,True,B:\CSE425_Project\gnn-bert-music-context\data\raw\musiccaps\audio\P996TZp25PM_100_110.mp3,ok,10.0
P9fh7rOIKcM,270,280,True,B:\CSE425_Project\gnn-bert-music-context\data\raw\musiccaps\audio\P9fh7rOIKcM_270_280.mp3,ok,10.0
PAX2PMha2dU,80,90,True,B:\CSE425_Project\gnn-bert-music-context\data\raw\musiccaps\audio\PAX2PMha2dU_80_90.mp3,ok,10.0
PB3i02Cjf1k,30,40,True,B:\CSE425_Project\gnn-bert-music-context\data\raw\musiccaps\audio\PB3i02Cjf1k_30_40.mp3,ok,10.0
PBMfPDei93s,200,210,False,B:\CSE425_Project\gnn-bert-music-context\data\raw\musiccaps\audio\PBMfPDei93s_200_210.mp3,ok,10.0
PBqNpMpD76k,170,180,True,B:\CSE425_Project\gnn-bert-music-context\data\raw\musiccaps\audio\PBqNpMpD76k_170_180.mp3,ok,10.0
PE1ges9nn6A,90,100,True,B:\CSE425_Project\gnn-bert-music-context\data\raw\musiccaps\audio\PE1ges9nn6A_90_100.mp3,ok,10.0
PF5LgwJjYuA,90,100,True,B:\CSE425_Project\gnn-bert-music-context\data\raw\musiccaps\audio\PF5LgwJjYuA_90_100.mp3,ok,10.0
PF6Mn51Nkvs,30,40,True,B:\CSE425_Project\gnn-bert-music-context\data\raw\musiccaps\audio\PF6Mn51Nkvs_30_40.mp3,ok,10.0
PFX2OO75sRQ,30,40,True,B:\CSE425_Project\gnn-bert-music-context\data\raw\musiccaps\audio\PFX2OO75sRQ_30_40.mp3,ok,10.0
PFa1XVCgPgM,40,50,False,B:\CSE425_Project\gnn-bert-music-context\data\raw\musiccaps\audio\PFa1XVCgPgM_40_50.mp3,ok,10.0
PFtcnQqLdEc,270,280,False,B:\CSE425_Project\gnn-bert-music-context\data\raw\musiccaps\audio\PFtcnQqLdEc_270_280.mp3,ok,10.0
PIIAyM4H1UE,100,110,True,B:\CSE425_Project\gnn-bert-music-context\data\raw\musiccaps\audio\PIIAyM4H1UE_100_110.mp3,ok,10.0
PJRG2bwphUc,30,40,True,B:\CSE425_Project\gnn-bert-music-context\data\raw\musiccaps\audio\PJRG2bwphUc_30_40.mp3,ok,10.0
PJUffXn-LIk,190,200,False,B:\CSE425_Project\gnn-bert-music-context\data\raw\musiccaps\audio\PJUffXn-LIk_190_200.mp3,ok,10.0
PKJMsnUJ994,30,40,False,B:\CSE425_Project\gnn-bert-music-context\data\raw\musiccaps\audio\PKJMsnUJ994_30_40.mp3,ok,10.0
PKsdjH0RmsU,30,40,False,B:\CSE425_Project\gnn-bert-music-context\data\raw\musiccaps\audio\PKsdjH0RmsU_30_40.mp3,ok,10.0
PN3Lx8RutmI,30,40,True,B:\CSE425_Project\gnn-bert-music-context\data\raw\musiccaps\audio\PN3Lx8RutmI_30_40.mp3,ok,10.0
PNT3hW4qFpQ,290,300,True,B:\CSE425_Project\gnn-bert-music-context\data\raw\musiccaps\audio\PNT3hW4qFpQ_290_300.mp3,ok,10.0
POOu05eUvqE,30,40,False,B:\CSE425_Project\gnn-bert-music-context\data\raw\musiccaps\audio\POOu05eUvqE_30_40.mp3,ok,10.0
PP3kNqPM434,70,80,False,B:\CSE425_Project\gnn-bert-music-context\data\raw\musiccaps\audio\PP3kNqPM434_70_80.mp3,ok,10.0
PQ7cX2Cnusg,140,150,True,B:\CSE425_Project\gnn-bert-music-context\data\raw\musiccaps\audio\PQ7cX2Cnusg_140_150.mp3,ok,10.0
PQXYWc3JHhU,30,40,False,B:\CSE425_Project\gnn-bert-music-context\data\raw\musiccaps\audio\PQXYWc3JHhU_30_40.mp3,ok,10.0
PQrYV7hJWDg,30,40,True,B:\CSE425_Project\gnn-bert-music-context\data\raw\musiccaps\audio\PQrYV7hJWDg_30_40.mp3,ok,10.0
PRRcVdXsBQg,90,100,False,B:\CSE425_Project\gnn-bert-music-context\data\raw\musiccaps\audio\PRRcVdXsBQg_90_100.mp3,ok,10.0
PRzBkZSSyY0,0,10,False,B:\CSE425_Project\gnn-bert-music-context\data\raw\musiccaps\audio\PRzBkZSSyY0_0_10.mp3,ok,10.0
PSYURntIjuc,30,40,True,B:\CSE425_Project\gnn-bert-music-context\data\raw\musiccaps\audio\PSYURntIjuc_30_40.mp3,ok,10.0
PTCsH-ffeq4,380,390,False,,missing,
PTLOLz9YzmM,60,70,True,B:\CSE425_Project\gnn-bert-music-context\data\raw\musiccaps\audio\PTLOLz9YzmM_60_70.mp3,ok,10.0
PTl5ixI1Ogc,30,40,True,B:\CSE425_Project\gnn-bert-music-context\data\raw\musiccaps\audio\PTl5ixI1Ogc_30_40.mp3,ok,10.0
PUy3cnNk4ys,40,50,False,B:\CSE425_Project\gnn-bert-music-context\data\raw\musiccaps\audio\PUy3cnNk4ys_40_50.mp3,ok,10.0
PWVr9weg00U,170,180,False,B:\CSE425_Project\gnn-bert-music-context\data\raw\musiccaps\audio\PWVr9weg00U_170_180.mp3,ok,10.0
PXd0NCqZLzU,30,40,True,B:\CSE425_Project\gnn-bert-music-context\data\raw\musiccaps\audio\PXd0NCqZLzU_30_40.mp3,ok,10.0
PZZxVIIOQPo,130,140,True,B:\CSE425_Project\gnn-bert-music-context\data\raw\musiccaps\audio\PZZxVIIOQPo_130_140.mp3,ok,10.0
PaQGXIh94uc,150,160,True,B:\CSE425_Project\gnn-bert-music-context\data\raw\musiccaps\audio\PaQGXIh94uc_150_160.mp3,ok,10.0
PbUyPbafFh0,30,40,False,B:\CSE425_Project\gnn-bert-music-context\data\raw\musiccaps\audio\PbUyPbafFh0_30_40.mp3,ok,10.0
PcdpjUIa8l0,30,40,True,B:\CSE425_Project\gnn-bert-music-context\data\raw\musiccaps\audio\PcdpjUIa8l0_30_40.mp3,ok,10.0
Pd4WnsXwdqw,70,80,False,B:\CSE425_Project\gnn-bert-music-context\data\raw\musiccaps\audio\Pd4WnsXwdqw_70_80.mp3,ok,10.0
PdgswSjYhMw,70,80,False,B:\CSE425_Project\gnn-bert-music-context\data\raw\musiccaps\audio\PdgswSjYhMw_70_80.mp3,ok,10.0
PduP4CpaDtY,0,10,False,B:\CSE425_Project\gnn-bert-music-context\data\raw\musiccaps\audio\PduP4CpaDtY_0_10.mp3,ok,10.0
PeQ8L_svYcU,30,40,True,B:\CSE425_Project\gnn-bert-music-context\data\raw\musiccaps\audio\PeQ8L_svYcU_30_40.mp3,ok,10.0
PeWXdkEUPbo,30,40,True,B:\CSE425_Project\gnn-bert-music-context\data\raw\musiccaps\audio\PeWXdkEUPbo_30_40.mp3,ok,10.0
PemDZNVE370,390,400,False,B:\CSE425_Project\gnn-bert-music-context\data\raw\musiccaps\audio\PemDZNVE370_390_400.mp3,ok,10.0
Pf9AaTV4-yw,180,190,True,B:\CSE425_Project\gnn-bert-music-context\data\raw\musiccaps\audio\Pf9AaTV4-yw_180_190.mp3,ok,10.0
PfO7ZVdzfZ4,150,160,False,,missing,
PfpP3WjY118,350,360,False,B:\CSE425_Project\gnn-bert-music-context\data\raw\musiccaps\audio\PfpP3WjY118_350_360.mp3,ok,10.0
Pgpd1yxLcLI,30,40,False,B:\CSE425_Project\gnn-bert-music-context\data\raw\musiccaps\audio\Pgpd1yxLcLI_30_40.mp3,ok,10.0
Phy-_ko0zWU,160,170,False,B:\CSE425_Project\gnn-bert-music-context\data\raw\musiccaps\audio\Phy-_ko0zWU_160_170.mp3,ok,10.0
Pk5NZe-ah4U,30,40,True,B:\CSE425_Project\gnn-bert-music-context\data\raw\musiccaps\audio\Pk5NZe-ah4U_30_40.mp3,ok,10.0
PkkhCW04O9k,130,140,False,B:\CSE425_Project\gnn-bert-music-context\data\raw\musiccaps\audio\PkkhCW04O9k_130_140.mp3,ok,10.0
PlQibWaPAcM,90,100,True,B:\CSE425_Project\gnn-bert-music-context\data\raw\musiccaps\audio\PlQibWaPAcM_90_100.mp3,ok,10.0
Pln4GLIMqKY,30,40,True,B:\CSE425_Project\gnn-bert-music-context\data\raw\musiccaps\audio\Pln4GLIMqKY_30_40.mp3,ok,10.0
Pm6vRblouxc,170,180,True,B:\CSE425_Project\gnn-bert-music-context\data\raw\musiccaps\audio\Pm6vRblouxc_170_180.mp3,ok,10.0
PmiH7RnCkhI,10,20,False,,missing,
Pn8HqUbNQAc,30,40,False,B:\CSE425_Project\gnn-bert-music-context\data\raw\musiccaps\audio\Pn8HqUbNQAc_30_40.mp3,ok,10.0
PnJx0uLJ_oE,140,150,False,B:\CSE425_Project\gnn-bert-music-context\data\raw\musiccaps\audio\PnJx0uLJ_oE_140_150.mp3,ok,10.0
PpJKo-JPVU0,60,70,False,B:\CSE425_Project\gnn-bert-music-context\data\raw\musiccaps\audio\PpJKo-JPVU0_60_70.mp3,ok,10.0
PpamaOkNqoI,30,40,False,B:\CSE425_Project\gnn-bert-music-context\data\raw\musiccaps\audio\PpamaOkNqoI_30_40.mp3,ok,10.0
Pq1jBX0RW2k,30,40,True,B:\CSE425_Project\gnn-bert-music-context\data\raw\musiccaps\audio\Pq1jBX0RW2k_30_40.mp3,ok,10.0
PqN7aT4dVN4,390,400,False,B:\CSE425_Project\gnn-bert-music-context\data\raw\musiccaps\audio\PqN7aT4dVN4_390_400.mp3,ok,10.0
PqTPbZf44E0,30,40,True,B:\CSE425_Project\gnn-bert-music-context\data\raw\musiccaps\audio\PqTPbZf44E0_30_40.mp3,ok,10.0
PqTTIfja0y8,10,20,False,B:\CSE425_Project\gnn-bert-music-context\data\raw\musiccaps\audio\PqTTIfja0y8_10_20.mp3,ok,10.0
PrMKUjFxrvQ,150,160,False,B:\CSE425_Project\gnn-bert-music-context\data\raw\musiccaps\audio\PrMKUjFxrvQ_150_160.mp3,ok,10.0
PuJxL6tLxm4,110,120,False,B:\CSE425_Project\gnn-bert-music-context\data\raw\musiccaps\audio\PuJxL6tLxm4_110_120.mp3,ok,10.0
PufDOSkxwzQ,550,560,False,B:\CSE425_Project\gnn-bert-music-context\data\raw\musiccaps\audio\PufDOSkxwzQ_550_560.mp3,ok,10.0
Puu8SEqYN0k,60,70,True,B:\CSE425_Project\gnn-bert-music-context\data\raw\musiccaps\audio\Puu8SEqYN0k_60_70.mp3,ok,10.0
Pv8ZWvM8bhw,30,40,False,B:\CSE425_Project\gnn-bert-music-context\data\raw\musiccaps\audio\Pv8ZWvM8bhw_30_40.mp3,ok,10.0
PvHKu1XRSJ0,0,10,True,B:\CSE425_Project\gnn-bert-music-context\data\raw\musiccaps\audio\PvHKu1XRSJ0_0_10.mp3,ok,10.0
PwmXO0J-PAA,170,180,False,B:\CSE425_Project\gnn-bert-music-context\data\raw\musiccaps\audio\PwmXO0J-PAA_170_180.mp3,ok,10.0
PxXR74Uohfg,60,70,False,B:\CSE425_Project\gnn-bert-music-context\data\raw\musiccaps\audio\PxXR74Uohfg_60_70.mp3,ok,10.0
PxxyplPsqBY,30,40,False,B:\CSE425_Project\gnn-bert-music-context\data\raw\musiccaps\audio\PxxyplPsqBY_30_40.mp3,ok,10.0
Py8Vd0-qxYU,20,30,True,B:\CSE425_Project\gnn-bert-music-context\data\raw\musiccaps\audio\Py8Vd0-qxYU_20_30.mp3,ok,10.0
PyVuHAskeUg,10,20,False,B:\CSE425_Project\gnn-bert-music-context\data\raw\musiccaps\audio\PyVuHAskeUg_10_20.mp3,ok,10.0
Pzp_oTEn0Yk,30,40,False,B:\CSE425_Project\gnn-bert-music-context\data\raw\musiccaps\audio\Pzp_oTEn0Yk_30_40.mp3,ok,10.0
Q-ATDBgDbLE,140,150,False,B:\CSE425_Project\gnn-bert-music-context\data\raw\musiccaps\audio\Q-ATDBgDbLE_140_150.mp3,ok,10.0
Q0KwG3ynscI,10,20,True,B:\CSE425_Project\gnn-bert-music-context\data\raw\musiccaps\audio\Q0KwG3ynscI_10_20.mp3,ok,10.0
Q0VVfneN8MI,110,120,False,B:\CSE425_Project\gnn-bert-music-context\data\raw\musiccaps\audio\Q0VVfneN8MI_110_120.mp3,ok,10.0
Q1LJotkUbUY,30,40,True,B:\CSE425_Project\gnn-bert-music-context\data\raw\musiccaps\audio\Q1LJotkUbUY_30_40.mp3,ok,10.0
Q1pjymZOm6Q,140,150,False,B:\CSE425_Project\gnn-bert-music-context\data\raw\musiccaps\audio\Q1pjymZOm6Q_140_150.mp3,ok,10.0
Q2Omtt4A8ls,30,40,False,B:\CSE425_Project\gnn-bert-music-context\data\raw\musiccaps\audio\Q2Omtt4A8ls_30_40.mp3,ok,10.0
Q6G1XGwd-rM,40,50,False,B:\CSE425_Project\gnn-bert-music-context\data\raw\musiccaps\audio\Q6G1XGwd-rM_40_50.mp3,ok,10.0
Q6SgmlYMYLA,30,40,True,B:\CSE425_Project\gnn-bert-music-context\data\raw\musiccaps\audio\Q6SgmlYMYLA_30_40.mp3,ok,10.0
Q6dVti1YVwM,0,10,True,B:\CSE425_Project\gnn-bert-music-context\data\raw\musiccaps\audio\Q6dVti1YVwM_0_10.mp3,ok,10.0
Q75y0TIp7Ds,30,40,True,B:\CSE425_Project\gnn-bert-music-context\data\raw\musiccaps\audio\Q75y0TIp7Ds_30_40.mp3,ok,10.0
Q789S_9JCio,90,100,True,B:\CSE425_Project\gnn-bert-music-context\data\raw\musiccaps\audio\Q789S_9JCio_90_100.mp3,ok,10.0
Q7oWXOByo28,30,40,True,B:\CSE425_Project\gnn-bert-music-context\data\raw\musiccaps\audio\Q7oWXOByo28_30_40.mp3,ok,10.0
Q8QXzYpl6Tw,0,10,False,B:\CSE425_Project\gnn-bert-music-context\data\raw\musiccaps\audio\Q8QXzYpl6Tw_0_10.mp3,ok,10.0
Q8X6geEBR2o,30,40,False,B:\CSE425_Project\gnn-bert-music-context\data\raw\musiccaps\audio\Q8X6geEBR2o_30_40.mp3,ok,10.0
Q8f6y2IcVg0,30,40,True,B:\CSE425_Project\gnn-bert-music-context\data\raw\musiccaps\audio\Q8f6y2IcVg0_30_40.mp3,ok,10.0
Q9gWfok9Q5c,110,120,True,B:\CSE425_Project\gnn-bert-music-context\data\raw\musiccaps\audio\Q9gWfok9Q5c_110_120.mp3,ok,10.0
QBMM1ocXkhY,30,40,True,B:\CSE425_Project\gnn-bert-music-context\data\raw\musiccaps\audio\QBMM1ocXkhY_30_40.mp3,ok,10.0
QBhhtVMiQBQ,30,40,True,B:\CSE425_Project\gnn-bert-music-context\data\raw\musiccaps\audio\QBhhtVMiQBQ_30_40.mp3,ok,10.0
QCbUlDMu7Hk,420,430,False,B:\CSE425_Project\gnn-bert-music-context\data\raw\musiccaps\audio\QCbUlDMu7Hk_420_430.mp3,ok,10.0
QDTCAxyXt80,140,150,False,B:\CSE425_Project\gnn-bert-music-context\data\raw\musiccaps\audio\QDTCAxyXt80_140_150.mp3,ok,10.0
QFhmzRkUx0I,110,120,True,B:\CSE425_Project\gnn-bert-music-context\data\raw\musiccaps\audio\QFhmzRkUx0I_110_120.mp3,ok,10.0
QHCHK-NPO_U,150,160,False,B:\CSE425_Project\gnn-bert-music-context\data\raw\musiccaps\audio\QHCHK-NPO_U_150_160.mp3,ok,10.0
QHNREJJRTS4,20,30,False,B:\CSE425_Project\gnn-bert-music-context\data\raw\musiccaps\audio\QHNREJJRTS4_20_30.mp3,ok,10.0
QHmGUrpOgAU,70,80,True,B:\CSE425_Project\gnn-bert-music-context\data\raw\musiccaps\audio\QHmGUrpOgAU_70_80.mp3,ok,10.0
QIjShFhrp6w,113,123,False,B:\CSE425_Project\gnn-bert-music-context\data\raw\musiccaps\audio\QIjShFhrp6w_113_123.mp3,ok,10.0
QIzSxE0WlKE,30,40,False,B:\CSE425_Project\gnn-bert-music-context\data\raw\musiccaps\audio\QIzSxE0WlKE_30_40.mp3,ok,10.0
QJzveo6IBsU,0,10,True,B:\CSE425_Project\gnn-bert-music-context\data\raw\musiccaps\audio\QJzveo6IBsU_0_10.mp3,ok,10.0
QK-mjNg8cPo,50,60,True,B:\CSE425_Project\gnn-bert-music-context\data\raw\musiccaps\audio\QK-mjNg8cPo_50_60.mp3,ok,10.0
QKkhwAAGLIE,30,40,True,B:\CSE425_Project\gnn-bert-music-context\data\raw\musiccaps\audio\QKkhwAAGLIE_30_40.mp3,ok,10.0
QMoRiBjRLKc,30,40,True,B:\CSE425_Project\gnn-bert-music-context\data\raw\musiccaps\audio\QMoRiBjRLKc_30_40.mp3,ok,10.0
QNQ3sAMxZPY,110,120,False,B:\CSE425_Project\gnn-bert-music-context\data\raw\musiccaps\audio\QNQ3sAMxZPY_110_120.mp3,ok,10.0
QQTWFTNy-WA,50,60,False,B:\CSE425_Project\gnn-bert-music-context\data\raw\musiccaps\audio\QQTWFTNy-WA_50_60.mp3,ok,10.0
QRKc90kuAaE,560,570,True,,missing,
QS3DabGF41Y,120,130,False,B:\CSE425_Project\gnn-bert-music-context\data\raw\musiccaps\audio\QS3DabGF41Y_120_130.mp3,ok,10.0
QSaX7QfeWog,30,40,True,B:\CSE425_Project\gnn-bert-music-context\data\raw\musiccaps\audio\QSaX7QfeWog_30_40.mp3,ok,10.0
QT1SjY9mQxc,20,30,False,B:\CSE425_Project\gnn-bert-music-context\data\raw\musiccaps\audio\QT1SjY9mQxc_20_30.mp3,ok,10.0
QUB_vpjogmo,170,180,True,B:\CSE425_Project\gnn-bert-music-context\data\raw\musiccaps\audio\QUB_vpjogmo_170_180.mp3,ok,10.0
QUtyeIooCy4,220,230,True,B:\CSE425_Project\gnn-bert-music-context\data\raw\musiccaps\audio\QUtyeIooCy4_220_230.mp3,ok,10.0
QVpsAY9oR_4,190,200,True,B:\CSE425_Project\gnn-bert-music-context\data\raw\musiccaps\audio\QVpsAY9oR_4_190_200.mp3,ok,10.0
QXe9BpTENCc,30,40,True,B:\CSE425_Project\gnn-bert-music-context\data\raw\musiccaps\audio\QXe9BpTENCc_30_40.mp3,ok,10.0
QYxFWV85-pg,20,30,True,B:\CSE425_Project\gnn-bert-music-context\data\raw\musiccaps\audio\QYxFWV85-pg_20_30.mp3,ok,10.0
QZNrK337wow,20,30,False,B:\CSE425_Project\gnn-bert-music-context\data\raw\musiccaps\audio\QZNrK337wow_20_30.mp3,ok,10.0
QZoclbefgak,30,40,True,B:\CSE425_Project\gnn-bert-music-context\data\raw\musiccaps\audio\QZoclbefgak_30_40.mp3,ok,10.0
Q_3GACs__Xs,30,40,True,B:\CSE425_Project\gnn-bert-music-context\data\raw\musiccaps\audio\Q_3GACs__Xs_30_40.mp3,ok,10.0
Qa-Qs9CtOOw,30,40,True,B:\CSE425_Project\gnn-bert-music-context\data\raw\musiccaps\audio\Qa-Qs9CtOOw_30_40.mp3,ok,10.0
QdoTdG_VNV4,90,100,True,B:\CSE425_Project\gnn-bert-music-context\data\raw\musiccaps\audio\QdoTdG_VNV4_90_100.mp3,ok,10.0
Qe71m678qEU,30,40,True,B:\CSE425_Project\gnn-bert-music-context\data\raw\musiccaps\audio\Qe71m678qEU_30_40.mp3,ok,10.0
Qe_KwKVDgoE,350,360,False,B:\CSE425_Project\gnn-bert-music-context\data\raw\musiccaps\audio\Qe_KwKVDgoE_350_360.mp3,ok,10.0
Qf87MJcWZQI,60,70,False,B:\CSE425_Project\gnn-bert-music-context\data\raw\musiccaps\audio\Qf87MJcWZQI_60_70.mp3,ok,10.0
QfM5-WqvquQ,30,40,True,B:\CSE425_Project\gnn-bert-music-context\data\raw\musiccaps\audio\QfM5-WqvquQ_30_40.mp3,ok,10.0
QhF0CFyzzAc,30,40,True,B:\CSE425_Project\gnn-bert-music-context\data\raw\musiccaps\audio\QhF0CFyzzAc_30_40.mp3,ok,10.0
QiD3AkQz17E,180,190,False,B:\CSE425_Project\gnn-bert-music-context\data\raw\musiccaps\audio\QiD3AkQz17E_180_190.mp3,ok,10.0
Qj4r_MCC0mc,30,40,False,B:\CSE425_Project\gnn-bert-music-context\data\raw\musiccaps\audio\Qj4r_MCC0mc_30_40.mp3,ok,10.0
QlaW568SeDc,310,320,True,B:\CSE425_Project\gnn-bert-music-context\data\raw\musiccaps\audio\QlaW568SeDc_310_320.mp3,ok,10.0
QmIhKF1BqCg,180,190,False,B:\CSE425_Project\gnn-bert-music-context\data\raw\musiccaps\audio\QmIhKF1BqCg_180_190.mp3,ok,10.0
QpX9dSCFxRI,0,10,False,B:\CSE425_Project\gnn-bert-music-context\data\raw\musiccaps\audio\QpX9dSCFxRI_0_10.mp3,ok,10.0
QqRrZzOY2xw,30,40,True,B:\CSE425_Project\gnn-bert-music-context\data\raw\musiccaps\audio\QqRrZzOY2xw_30_40.mp3,ok,10.0
QrJVAHIkpCo,30,40,True,B:\CSE425_Project\gnn-bert-music-context\data\raw\musiccaps\audio\QrJVAHIkpCo_30_40.mp3,ok,10.0
QrKJs6lBfmM,10,20,False,B:\CSE425_Project\gnn-bert-music-context\data\raw\musiccaps\audio\QrKJs6lBfmM_10_20.mp3,ok,10.0
Qt8Ze-k2h2o,40,50,False,B:\CSE425_Project\gnn-bert-music-context\data\raw\musiccaps\audio\Qt8Ze-k2h2o_40_50.mp3,ok,10.0
QtfIj5cJzYw,30,40,True,B:\CSE425_Project\gnn-bert-music-context\data\raw\musiccaps\audio\QtfIj5cJzYw_30_40.mp3,ok,10.0
QtjMlA_7dds,30,40,True,B:\CSE425_Project\gnn-bert-music-context\data\raw\musiccaps\audio\QtjMlA_7dds_30_40.mp3,ok,10.0
Qu76GhRO9Yk,20,30,False,B:\CSE425_Project\gnn-bert-music-context\data\raw\musiccaps\audio\Qu76GhRO9Yk_20_30.mp3,ok,10.0
QutCXtWmzIs,30,40,True,B:\CSE425_Project\gnn-bert-music-context\data\raw\musiccaps\audio\QutCXtWmzIs_30_40.mp3,ok,10.0
QvwD7NEg3Mw,30,40,True,B:\CSE425_Project\gnn-bert-music-context\data\raw\musiccaps\audio\QvwD7NEg3Mw_30_40.mp3,ok,10.0
Qw468qlDaAE,180,190,True,B:\CSE425_Project\gnn-bert-music-context\data\raw\musiccaps\audio\Qw468qlDaAE_180_190.mp3,ok,10.0
Qy77eJc72UQ,30,40,False,B:\CSE425_Project\gnn-bert-music-context\data\raw\musiccaps\audio\Qy77eJc72UQ_30_40.mp3,ok,10.0
QyMcSnNsAPw,30,40,False,B:\CSE425_Project\gnn-bert-music-context\data\raw\musiccaps\audio\QyMcSnNsAPw_30_40.mp3,ok,10.0
Qz2PIXM60iE,30,40,True,B:\CSE425_Project\gnn-bert-music-context\data\raw\musiccaps\audio\Qz2PIXM60iE_30_40.mp3,ok,10.0
Qz8hNRg-7G0,30,40,True,B:\CSE425_Project\gnn-bert-music-context\data\raw\musiccaps\audio\Qz8hNRg-7G0_30_40.mp3,ok,10.0
QzMsoz4XIkM,30,40,True,B:\CSE425_Project\gnn-bert-music-context\data\raw\musiccaps\audio\QzMsoz4XIkM_30_40.mp3,ok,10.0
QzO6ylLrTGg,30,40,False,,missing,
R-aMYx9f0Ho,30,40,True,B:\CSE425_Project\gnn-bert-music-context\data\raw\musiccaps\audio\R-aMYx9f0Ho_30_40.mp3,ok,10.0
R0b3pU4AKNc,380,390,True,B:\CSE425_Project\gnn-bert-music-context\data\raw\musiccaps\audio\R0b3pU4AKNc_380_390.mp3,ok,10.0
R0ws0tATJLg,0,10,False,B:\CSE425_Project\gnn-bert-music-context\data\raw\musiccaps\audio\R0ws0tATJLg_0_10.mp3,ok,10.0
R1RGIgC-xKw,30,40,True,B:\CSE425_Project\gnn-bert-music-context\data\raw\musiccaps\audio\R1RGIgC-xKw_30_40.mp3,ok,10.0
R3urUtvSgkU,30,40,True,B:\CSE425_Project\gnn-bert-music-context\data\raw\musiccaps\audio\R3urUtvSgkU_30_40.mp3,ok,10.0
R4b_-IT43P4,30,40,True,B:\CSE425_Project\gnn-bert-music-context\data\raw\musiccaps\audio\R4b_-IT43P4_30_40.mp3,ok,10.0
R4jlQEweREY,30,40,True,B:\CSE425_Project\gnn-bert-music-context\data\raw\musiccaps\audio\R4jlQEweREY_30_40.mp3,ok,10.0
R4ulZgTCw-k,80,90,False,B:\CSE425_Project\gnn-bert-music-context\data\raw\musiccaps\audio\R4ulZgTCw-k_80_90.mp3,ok,10.0
R5JRh08zgMo,30,40,True,B:\CSE425_Project\gnn-bert-music-context\data\raw\musiccaps\audio\R5JRh08zgMo_30_40.mp3,ok,10.0
R5KBk76b9HE,110,120,False,B:\CSE425_Project\gnn-bert-music-context\data\raw\musiccaps\audio\R5KBk76b9HE_110_120.mp3,ok,10.0
R60qQ3ag8y8,100,110,True,B:\CSE425_Project\gnn-bert-music-context\data\raw\musiccaps\audio\R60qQ3ag8y8_100_110.mp3,ok,10.0
R6V85er9VXc,30,40,True,B:\CSE425_Project\gnn-bert-music-context\data\raw\musiccaps\audio\R6V85er9VXc_30_40.mp3,ok,10.0
R6k2BkwZt1Y,120,130,False,B:\CSE425_Project\gnn-bert-music-context\data\raw\musiccaps\audio\R6k2BkwZt1Y_120_130.mp3,ok,10.0
R6lRMU-zBLA,30,40,True,B:\CSE425_Project\gnn-bert-music-context\data\raw\musiccaps\audio\R6lRMU-zBLA_30_40.mp3,ok,10.0
R6mhBqTU0Tc,30,40,True,B:\CSE425_Project\gnn-bert-music-context\data\raw\musiccaps\audio\R6mhBqTU0Tc_30_40.mp3,ok,10.0
R77XPtKgvy4,30,40,True,B:\CSE425_Project\gnn-bert-music-context\data\raw\musiccaps\audio\R77XPtKgvy4_30_40.mp3,ok,10.0
R7gHB-YuUZM,170,180,True,B:\CSE425_Project\gnn-bert-music-context\data\raw\musiccaps\audio\R7gHB-YuUZM_170_180.mp3,ok,10.0
RBniJk6GKK0,30,40,True,B:\CSE425_Project\gnn-bert-music-context\data\raw\musiccaps\audio\RBniJk6GKK0_30_40.mp3,ok,10.0
RD-oizm_35M,14,24,True,B:\CSE425_Project\gnn-bert-music-context\data\raw\musiccaps\audio\RD-oizm_35M_14_24.mp3,ok,10.0
RD8kf4453cY,30,40,True,B:\CSE425_Project\gnn-bert-music-context\data\raw\musiccaps\audio\RD8kf4453cY_30_40.mp3,ok,10.0
RDCXvJPzT5k,520,530,False,B:\CSE425_Project\gnn-bert-music-context\data\raw\musiccaps\audio\RDCXvJPzT5k_520_530.mp3,ok,10.0
RDNatVYvpeA,30,40,False,B:\CSE425_Project\gnn-bert-music-context\data\raw\musiccaps\audio\RDNatVYvpeA_30_40.mp3,ok,10.0
RDW_kz4SXo0,70,80,False,B:\CSE425_Project\gnn-bert-music-context\data\raw\musiccaps\audio\RDW_kz4SXo0_70_80.mp3,ok,10.0
REpuZwvyThM,30,40,False,B:\CSE425_Project\gnn-bert-music-context\data\raw\musiccaps\audio\REpuZwvyThM_30_40.mp3,ok,10.0
RF3rog2YjYw,30,40,True,B:\CSE425_Project\gnn-bert-music-context\data\raw\musiccaps\audio\RF3rog2YjYw_30_40.mp3,ok,10.0
RFKTlhbnfXA,110,120,False,B:\CSE425_Project\gnn-bert-music-context\data\raw\musiccaps\audio\RFKTlhbnfXA_110_120.mp3,ok,10.0
RFNRR78dh-8,80,90,False,B:\CSE425_Project\gnn-bert-music-context\data\raw\musiccaps\audio\RFNRR78dh-8_80_90.mp3,ok,10.0
RFbWkL818XQ,30,40,True,B:\CSE425_Project\gnn-bert-music-context\data\raw\musiccaps\audio\RFbWkL818XQ_30_40.mp3,ok,10.0
RGTWqZoswAo,30,40,True,B:\CSE425_Project\gnn-bert-music-context\data\raw\musiccaps\audio\RGTWqZoswAo_30_40.mp3,ok,10.0
RI126_DmGLQ,220,230,False,B:\CSE425_Project\gnn-bert-music-context\data\raw\musiccaps\audio\RI126_DmGLQ_220_230.mp3,ok,10.0
RI71ebbU0PQ,0,10,False,B:\CSE425_Project\gnn-bert-music-context\data\raw\musiccaps\audio\RI71ebbU0PQ_0_10.mp3,ok,10.0
RIe1omxr7nc,0,10,False,B:\CSE425_Project\gnn-bert-music-context\data\raw\musiccaps\audio\RIe1omxr7nc_0_10.mp3,ok,10.0
RIiN9Ed1fqU,30,40,True,B:\CSE425_Project\gnn-bert-music-context\data\raw\musiccaps\audio\RIiN9Ed1fqU_30_40.mp3,ok,10.0
RIpfb9LSFe8,30,40,True,B:\CSE425_Project\gnn-bert-music-context\data\raw\musiccaps\audio\RIpfb9LSFe8_30_40.mp3,ok,10.0
RJViDdqUYyo,180,190,False,B:\CSE425_Project\gnn-bert-music-context\data\raw\musiccaps\audio\RJViDdqUYyo_180_190.mp3,ok,10.0
RM0RELBtdfc,490,500,False,B:\CSE425_Project\gnn-bert-music-context\data\raw\musiccaps\audio\RM0RELBtdfc_490_500.mp3,ok,10.0
RNwiEsjrhiQ,30,40,True,B:\CSE425_Project\gnn-bert-music-context\data\raw\musiccaps\audio\RNwiEsjrhiQ_30_40.mp3,ok,10.0
ROA6DMBPlNM,80,90,False,B:\CSE425_Project\gnn-bert-music-context\data\raw\musiccaps\audio\ROA6DMBPlNM_80_90.mp3,ok,10.0
ROM--1yVra8,180,190,True,B:\CSE425_Project\gnn-bert-music-context\data\raw\musiccaps\audio\ROM--1yVra8_180_190.mp3,ok,10.0
RPqz3vJYMLQ,40,50,True,B:\CSE425_Project\gnn-bert-music-context\data\raw\musiccaps\audio\RPqz3vJYMLQ_40_50.mp3,ok,10.0
RPuCtUVfntk,30,40,True,B:\CSE425_Project\gnn-bert-music-context\data\raw\musiccaps\audio\RPuCtUVfntk_30_40.mp3,ok,10.0
RQ0-sjpAPKU,30,40,False,,missing,
RQMUz0NFx6o,420,430,True,B:\CSE425_Project\gnn-bert-music-context\data\raw\musiccaps\audio\RQMUz0NFx6o_420_430.mp3,ok,10.0
RQbNC1J4Jfk,30,40,True,B:\CSE425_Project\gnn-bert-music-context\data\raw\musiccaps\audio\RQbNC1J4Jfk_30_40.mp3,ok,10.0
RS43EP1EXz4,30,40,True,B:\CSE425_Project\gnn-bert-music-context\data\raw\musiccaps\audio\RS43EP1EXz4_30_40.mp3,ok,10.0
RSryuuvUfDM,50,60,True,B:\CSE425_Project\gnn-bert-music-context\data\raw\musiccaps\audio\RSryuuvUfDM_50_60.mp3,ok,10.0
RTQJe028VdU,80,90,True,B:\CSE425_Project\gnn-bert-music-context\data\raw\musiccaps\audio\RTQJe028VdU_80_90.mp3,ok,10.0
RUUZzoeVrK4,20,30,True,B:\CSE425_Project\gnn-bert-music-context\data\raw\musiccaps\audio\RUUZzoeVrK4_20_30.mp3,ok,10.0
RV05BW-2WIc,30,40,True,B:\CSE425_Project\gnn-bert-music-context\data\raw\musiccaps\audio\RV05BW-2WIc_30_40.mp3,ok,10.0
RVevnXD4Fig,30,40,True,B:\CSE425_Project\gnn-bert-music-context\data\raw\musiccaps\audio\RVevnXD4Fig_30_40.mp3,ok,10.0
RVlXLa80vcE,30,40,True,B:\CSE425_Project\gnn-bert-music-context\data\raw\musiccaps\audio\RVlXLa80vcE_30_40.mp3,ok,10.0
RXGDlFry3Vo,30,40,True,B:\CSE425_Project\gnn-bert-music-context\data\raw\musiccaps\audio\RXGDlFry3Vo_30_40.mp3,ok,10.0
RXk0lQJ7ttc,30,40,True,B:\CSE425_Project\gnn-bert-music-context\data\raw\musiccaps\audio\RXk0lQJ7ttc_30_40.mp3,ok,10.0
RZmH4hGiYBg,20,30,True,B:\CSE425_Project\gnn-bert-music-context\data\raw\musiccaps\audio\RZmH4hGiYBg_20_30.mp3,ok,10.0
R_HAtyDbw1M,30,40,True,B:\CSE425_Project\gnn-bert-music-context\data\raw\musiccaps\audio\R_HAtyDbw1M_30_40.mp3,ok,10.0
RceCfg1FQq4,30,40,True,B:\CSE425_Project\gnn-bert-music-context\data\raw\musiccaps\audio\RceCfg1FQq4_30_40.mp3,ok,10.0
RcfaWoTywcA,30,40,True,B:\CSE425_Project\gnn-bert-music-context\data\raw\musiccaps\audio\RcfaWoTywcA_30_40.mp3,ok,10.0
RczzNAr1T_Q,30,40,True,B:\CSE425_Project\gnn-bert-music-context\data\raw\musiccaps\audio\RczzNAr1T_Q_30_40.mp3,ok,10.0
RdKQGIzKZ_c,420,430,False,B:\CSE425_Project\gnn-bert-music-context\data\raw\musiccaps\audio\RdKQGIzKZ_c_420_430.mp3,ok,10.0
Rdwtr2IX8ek,30,40,True,B:\CSE425_Project\gnn-bert-music-context\data\raw\musiccaps\audio\Rdwtr2IX8ek_30_40.mp3,ok,10.0
Rf7vygfb7w4,10,20,False,B:\CSE425_Project\gnn-bert-music-context\data\raw\musiccaps\audio\Rf7vygfb7w4_10_20.mp3,ok,10.0
Rhn6K9HCbC8,340,350,False,B:\CSE425_Project\gnn-bert-music-context\data\raw\musiccaps\audio\Rhn6K9HCbC8_340_350.mp3,ok,10.0
RiqtelZs_2I,510,520,True,B:\CSE425_Project\gnn-bert-music-context\data\raw\musiccaps\audio\RiqtelZs_2I_510_520.mp3,ok,10.0
RlcIJsgtU58,30,40,False,B:\CSE425_Project\gnn-bert-music-context\data\raw\musiccaps\audio\RlcIJsgtU58_30_40.mp3,ok,10.0
RlrNPBfOowg,160,170,True,B:\CSE425_Project\gnn-bert-music-context\data\raw\musiccaps\audio\RlrNPBfOowg_160_170.mp3,ok,10.0
RmDfwz0OG8E,230,240,False,B:\CSE425_Project\gnn-bert-music-context\data\raw\musiccaps\audio\RmDfwz0OG8E_230_240.mp3,ok,10.0
RmyyW-TMkVc,10,20,True,B:\CSE425_Project\gnn-bert-music-context\data\raw\musiccaps\audio\RmyyW-TMkVc_10_20.mp3,ok,10.0
RneRJ5ZnHlE,30,40,True,B:\CSE425_Project\gnn-bert-music-context\data\raw\musiccaps\audio\RneRJ5ZnHlE_30_40.mp3,ok,10.0
RoDS0k7qrIo,100,110,True,B:\CSE425_Project\gnn-bert-music-context\data\raw\musiccaps\audio\RoDS0k7qrIo_100_110.mp3,ok,10.0
Rqv5fu1PCXA,30,40,True,,missing,
RtXe5T7NFrE,30,40,True,B:\CSE425_Project\gnn-bert-music-context\data\raw\musiccaps\audio\RtXe5T7NFrE_30_40.mp3,ok,10.0
RtgHU1UMo5o,30,40,True,B:\CSE425_Project\gnn-bert-music-context\data\raw\musiccaps\audio\RtgHU1UMo5o_30_40.mp3,ok,10.0
Rwt8j_USbWI,30,40,True,B:\CSE425_Project\gnn-bert-music-context\data\raw\musiccaps\audio\Rwt8j_USbWI_30_40.mp3,ok,10.0
RxBFh-zdid4,30,40,False,,missing,
RxmGtt0YzYY,580,590,False,B:\CSE425_Project\gnn-bert-music-context\data\raw\musiccaps\audio\RxmGtt0YzYY_580_590.mp3,ok,10.0
S0W_zIUYwrE,30,40,False,B:\CSE425_Project\gnn-bert-music-context\data\raw\musiccaps\audio\S0W_zIUYwrE_30_40.mp3,ok,10.0
S29WiN-bTWo,150,160,False,B:\CSE425_Project\gnn-bert-music-context\data\raw\musiccaps\audio\S29WiN-bTWo_150_160.mp3,ok,10.0
S2u5IE0n1ws,140,150,True,B:\CSE425_Project\gnn-bert-music-context\data\raw\musiccaps\audio\S2u5IE0n1ws_140_150.mp3,ok,10.0
S2yXmXUJ5xU,30,40,False,B:\CSE425_Project\gnn-bert-music-context\data\raw\musiccaps\audio\S2yXmXUJ5xU_30_40.mp3,ok,10.0
S38KjqRR418,200,210,False,B:\CSE425_Project\gnn-bert-music-context\data\raw\musiccaps\audio\S38KjqRR418_200_210.mp3,ok,10.0
S48GsFznk50,110,120,False,B:\CSE425_Project\gnn-bert-music-context\data\raw\musiccaps\audio\S48GsFznk50_110_120.mp3,ok,10.0
S7R3NMq3MKk,90,100,False,B:\CSE425_Project\gnn-bert-music-context\data\raw\musiccaps\audio\S7R3NMq3MKk_90_100.mp3,ok,10.0
S7TYAcOEPt4,30,40,True,B:\CSE425_Project\gnn-bert-music-context\data\raw\musiccaps\audio\S7TYAcOEPt4_30_40.mp3,ok,10.0
S7igso5_MBE,30,40,False,B:\CSE425_Project\gnn-bert-music-context\data\raw\musiccaps\audio\S7igso5_MBE_30_40.mp3,ok,10.0
S7rP6coeLTY,40,50,True,B:\CSE425_Project\gnn-bert-music-context\data\raw\musiccaps\audio\S7rP6coeLTY_40_50.mp3,ok,10.0
S8WTaKLpmmg,150,160,False,B:\CSE425_Project\gnn-bert-music-context\data\raw\musiccaps\audio\S8WTaKLpmmg_150_160.mp3,ok,10.0
S8fE5jNVchg,20,30,True,B:\CSE425_Project\gnn-bert-music-context\data\raw\musiccaps\audio\S8fE5jNVchg_20_30.mp3,ok,10.0
S9-i_pqoUCw,70,80,False,B:\CSE425_Project\gnn-bert-music-context\data\raw\musiccaps\audio\S9-i_pqoUCw_70_80.mp3,ok,10.0
SBeC9TISHz8,30,40,True,B:\CSE425_Project\gnn-bert-music-context\data\raw\musiccaps\audio\SBeC9TISHz8_30_40.mp3,ok,10.0
SCcryBmDGPw,30,40,True,B:\CSE425_Project\gnn-bert-music-context\data\raw\musiccaps\audio\SCcryBmDGPw_30_40.mp3,ok,10.0
SDTsifbpGMM,30,40,True,B:\CSE425_Project\gnn-bert-music-context\data\raw\musiccaps\audio\SDTsifbpGMM_30_40.mp3,ok,10.0
SEDfsU63w8I,30,40,True,B:\CSE425_Project\gnn-bert-music-context\data\raw\musiccaps\audio\SEDfsU63w8I_30_40.mp3,ok,10.0
SEHE3WGui30,580,590,True,B:\CSE425_Project\gnn-bert-music-context\data\raw\musiccaps\audio\SEHE3WGui30_580_590.mp3,ok,10.0
SFHoTmcgw8E,220,230,False,B:\CSE425_Project\gnn-bert-music-context\data\raw\musiccaps\audio\SFHoTmcgw8E_220_230.mp3,ok,10.0
SG24NL2Xi3A,30,40,True,B:\CSE425_Project\gnn-bert-music-context\data\raw\musiccaps\audio\SG24NL2Xi3A_30_40.mp3,ok,10.0
SGF4N3JHF7Y,30,40,False,B:\CSE425_Project\gnn-bert-music-context\data\raw\musiccaps\audio\SGF4N3JHF7Y_30_40.mp3,ok,10.0
SGFYFPs3Fic,550,560,True,,missing,
SGcjdZ19R1k,30,40,True,B:\CSE425_Project\gnn-bert-music-context\data\raw\musiccaps\audio\SGcjdZ19R1k_30_40.mp3,ok,10.0
SHYGoXwgKtk,50,60,False,B:\CSE425_Project\gnn-bert-music-context\data\raw\musiccaps\audio\SHYGoXwgKtk_50_60.mp3,ok,10.0
SJ9TY-iqD9Q,10,20,True,B:\CSE425_Project\gnn-bert-music-context\data\raw\musiccaps\audio\SJ9TY-iqD9Q_10_20.mp3,ok,10.0
SKQbQXPjmvE,70,80,False,B:\CSE425_Project\gnn-bert-music-context\data\raw\musiccaps\audio\SKQbQXPjmvE_70_80.mp3,ok,10.0
SKt_3Nv2DHo,30,40,True,B:\CSE425_Project\gnn-bert-music-context\data\raw\musiccaps\audio\SKt_3Nv2DHo_30_40.mp3,ok,10.0
SLcIv8CNk20,0,10,True,B:\CSE425_Project\gnn-bert-music-context\data\raw\musiccaps\audio\SLcIv8CNk20_0_10.mp3,ok,10.0
SLdVSirZMSI,30,40,True,B:\CSE425_Project\gnn-bert-music-context\data\raw\musiccaps\audio\SLdVSirZMSI_30_40.mp3,ok,10.0
SLq-Co_szYo,30,40,True,,missing,
SMjYheNdAzg,30,40,False,B:\CSE425_Project\gnn-bert-music-context\data\raw\musiccaps\audio\SMjYheNdAzg_30_40.mp3,ok,10.0
SNhfvhWPXNc,30,40,True,B:\CSE425_Project\gnn-bert-music-context\data\raw\musiccaps\audio\SNhfvhWPXNc_30_40.mp3,ok,10.0
SOzuJU25uGc,30,40,True,B:\CSE425_Project\gnn-bert-music-context\data\raw\musiccaps\audio\SOzuJU25uGc_30_40.mp3,ok,10.0
SPeGy815lFQ,40,50,True,B:\CSE425_Project\gnn-bert-music-context\data\raw\musiccaps\audio\SPeGy815lFQ_40_50.mp3,ok,10.0
SSO7F_Ex0s4,60,70,False,B:\CSE425_Project\gnn-bert-music-context\data\raw\musiccaps\audio\SSO7F_Ex0s4_60_70.mp3,ok,10.0
SSVlD_ZDb70,330,340,False,B:\CSE425_Project\gnn-bert-music-context\data\raw\musiccaps\audio\SSVlD_ZDb70_330_340.mp3,ok,10.0
SU9ZP2pbqyU,10,20,True,B:\CSE425_Project\gnn-bert-music-context\data\raw\musiccaps\audio\SU9ZP2pbqyU_10_20.mp3,ok,10.0
SUclDZHax0w,120,130,True,B:\CSE425_Project\gnn-bert-music-context\data\raw\musiccaps\audio\SUclDZHax0w_120_130.mp3,ok,10.0
SW4cW2oU07U,20,30,False,B:\CSE425_Project\gnn-bert-music-context\data\raw\musiccaps\audio\SW4cW2oU07U_20_30.mp3,ok,10.0
SWcEG8RLKsw,150,160,True,B:\CSE425_Project\gnn-bert-music-context\data\raw\musiccaps\audio\SWcEG8RLKsw_150_160.mp3,ok,10.0
SWyF5TSxWso,80,90,True,B:\CSE425_Project\gnn-bert-music-context\data\raw\musiccaps\audio\SWyF5TSxWso_80_90.mp3,ok,10.0
SY6uwVbC944,30,40,False,B:\CSE425_Project\gnn-bert-music-context\data\raw\musiccaps\audio\SY6uwVbC944_30_40.mp3,ok,10.0
SYVcaQ1Bzu8,110,120,False,B:\CSE425_Project\gnn-bert-music-context\data\raw\musiccaps\audio\SYVcaQ1Bzu8_110_120.mp3,ok,10.0
S_Z7o4OmU30,30,40,True,B:\CSE425_Project\gnn-bert-music-context\data\raw\musiccaps\audio\S_Z7o4OmU30_30_40.mp3,ok,10.0
Sa3Ky5sJshU,190,200,False,B:\CSE425_Project\gnn-bert-music-context\data\raw\musiccaps\audio\Sa3Ky5sJshU_190_200.mp3,ok,10.0
SbUwQctvbHg,240,250,False,B:\CSE425_Project\gnn-bert-music-context\data\raw\musiccaps\audio\SbUwQctvbHg_240_250.mp3,ok,10.0
ScAlKYCgHV0,30,40,False,B:\CSE425_Project\gnn-bert-music-context\data\raw\musiccaps\audio\ScAlKYCgHV0_30_40.mp3,ok,10.0
Sdnv8043mdk,70,80,False,B:\CSE425_Project\gnn-bert-music-context\data\raw\musiccaps\audio\Sdnv8043mdk_70_80.mp3,ok,10.0
SijRZIQUa08,180,190,False,B:\CSE425_Project\gnn-bert-music-context\data\raw\musiccaps\audio\SijRZIQUa08_180_190.mp3,ok,10.0
Simd4JoehW8,40,50,False,B:\CSE425_Project\gnn-bert-music-context\data\raw\musiccaps\audio\Simd4JoehW8_40_50.mp3,ok,10.0
Sj5MQtqDw8Y,80,90,True,B:\CSE425_Project\gnn-bert-music-context\data\raw\musiccaps\audio\Sj5MQtqDw8Y_80_90.mp3,ok,10.0
SkFG5SoXsVk,50,60,True,B:\CSE425_Project\gnn-bert-music-context\data\raw\musiccaps\audio\SkFG5SoXsVk_50_60.mp3,ok,10.0
SkIDF7iNJQE,30,40,True,B:\CSE425_Project\gnn-bert-music-context\data\raw\musiccaps\audio\SkIDF7iNJQE_30_40.mp3,ok,10.0
SkZ7mGbs3SI,30,40,True,B:\CSE425_Project\gnn-bert-music-context\data\raw\musiccaps\audio\SkZ7mGbs3SI_30_40.mp3,ok,10.0
Sl9ZkYViEIs,30,40,True,B:\CSE425_Project\gnn-bert-music-context\data\raw\musiccaps\audio\Sl9ZkYViEIs_30_40.mp3,ok,10.0
SlnjJv305Vg,100,110,False,B:\CSE425_Project\gnn-bert-music-context\data\raw\musiccaps\audio\SlnjJv305Vg_100_110.mp3,ok,10.0
Sp1YBy4h9OY,10,20,True,B:\CSE425_Project\gnn-bert-music-context\data\raw\musiccaps\audio\Sp1YBy4h9OY_10_20.mp3,ok,10.0
Sp3T_x3SGzQ,30,40,True,B:\CSE425_Project\gnn-bert-music-context\data\raw\musiccaps\audio\Sp3T_x3SGzQ_30_40.mp3,ok,10.0
Sr2Grfi3lFg,110,120,False,B:\CSE425_Project\gnn-bert-music-context\data\raw\musiccaps\audio\Sr2Grfi3lFg_110_120.mp3,ok,10.0
SrLhnoBMyWM,0,10,True,B:\CSE425_Project\gnn-bert-music-context\data\raw\musiccaps\audio\SrLhnoBMyWM_0_10.mp3,ok,10.0
Ss1bubMNPQE,10,20,False,B:\CSE425_Project\gnn-bert-music-context\data\raw\musiccaps\audio\Ss1bubMNPQE_10_20.mp3,ok,10.0
SsVc1TAVsSc,20,30,False,B:\CSE425_Project\gnn-bert-music-context\data\raw\musiccaps\audio\SsVc1TAVsSc_20_30.mp3,ok,10.0
SvsCM0fLM5g,30,40,True,B:\CSE425_Project\gnn-bert-music-context\data\raw\musiccaps\audio\SvsCM0fLM5g_30_40.mp3,ok,10.0
SwRjY1-ojAU,30,40,True,B:\CSE425_Project\gnn-bert-music-context\data\raw\musiccaps\audio\SwRjY1-ojAU_30_40.mp3,ok,10.0
SwaqANBpZGY,30,40,True,B:\CSE425_Project\gnn-bert-music-context\data\raw\musiccaps\audio\SwaqANBpZGY_30_40.mp3,ok,10.0
SwdhfGXkMCo,30,40,False,B:\CSE425_Project\gnn-bert-music-context\data\raw\musiccaps\audio\SwdhfGXkMCo_30_40.mp3,ok,10.0
Swien0oGl7o,90,100,True,B:\CSE425_Project\gnn-bert-music-context\data\raw\musiccaps\audio\Swien0oGl7o_90_100.mp3,ok,10.0
SxYnb9_qDtk,30,40,True,B:\CSE425_Project\gnn-bert-music-context\data\raw\musiccaps\audio\SxYnb9_qDtk_30_40.mp3,ok,10.0
SyJT8XsFsmE,150,160,True,B:\CSE425_Project\gnn-bert-music-context\data\raw\musiccaps\audio\SyJT8XsFsmE_150_160.mp3,ok,10.0
T0OFKHj6878,30,40,False,B:\CSE425_Project\gnn-bert-music-context\data\raw\musiccaps\audio\T0OFKHj6878_30_40.mp3,ok,10.0
T0oF8MyYhBM,30,40,True,B:\CSE425_Project\gnn-bert-music-context\data\raw\musiccaps\audio\T0oF8MyYhBM_30_40.mp3,ok,10.0
T0tyLNN7SKA,30,40,False,B:\CSE425_Project\gnn-bert-music-context\data\raw\musiccaps\audio\T0tyLNN7SKA_30_40.mp3,ok,10.0
T0uoYE12cnI,240,250,False,B:\CSE425_Project\gnn-bert-music-context\data\raw\musiccaps\audio\T0uoYE12cnI_240_250.mp3,ok,10.0
T2pIUdaDMuA,10,20,False,B:\CSE425_Project\gnn-bert-music-context\data\raw\musiccaps\audio\T2pIUdaDMuA_10_20.mp3,ok,10.0
T2zoWLYzEpo,310,320,False,B:\CSE425_Project\gnn-bert-music-context\data\raw\musiccaps\audio\T2zoWLYzEpo_310_320.mp3,ok,10.0
T5YZwhC7Br8,220,230,True,B:\CSE425_Project\gnn-bert-music-context\data\raw\musiccaps\audio\T5YZwhC7Br8_220_230.mp3,ok,10.0
T6iv9GFIVyU,50,60,True,,missing,
T78nMdsJMmk,170,180,False,B:\CSE425_Project\gnn-bert-music-context\data\raw\musiccaps\audio\T78nMdsJMmk_170_180.mp3,ok,10.0
T7A0RejsZIo,30,40,True,B:\CSE425_Project\gnn-bert-music-context\data\raw\musiccaps\audio\T7A0RejsZIo_30_40.mp3,ok,10.0
T7ZSZhcsfjA,9,19,True,B:\CSE425_Project\gnn-bert-music-context\data\raw\musiccaps\audio\T7ZSZhcsfjA_9_19.mp3,ok,10.0
T7bG4kIEw-M,160,170,False,,missing,
T7khbuOBHbo,230,240,False,B:\CSE425_Project\gnn-bert-music-context\data\raw\musiccaps\audio\T7khbuOBHbo_230_240.mp3,ok,10.0
T8U3ihbHh9A,0,10,False,B:\CSE425_Project\gnn-bert-music-context\data\raw\musiccaps\audio\T8U3ihbHh9A_0_10.mp3,ok,10.0
T9dKp1EN4p8,30,40,True,B:\CSE425_Project\gnn-bert-music-context\data\raw\musiccaps\audio\T9dKp1EN4p8_30_40.mp3,ok,10.0
T9fk99yqwN4,110,120,False,B:\CSE425_Project\gnn-bert-music-context\data\raw\musiccaps\audio\T9fk99yqwN4_110_120.mp3,ok,10.0
TA-O_bVnvLY,540,550,True,B:\CSE425_Project\gnn-bert-music-context\data\raw\musiccaps\audio\TA-O_bVnvLY_540_550.mp3,ok,10.0
TArWNq2retM,200,210,False,B:\CSE425_Project\gnn-bert-music-context\data\raw\musiccaps\audio\TArWNq2retM_200_210.mp3,ok,10.0
TC4mH6nACm8,30,40,False,B:\CSE425_Project\gnn-bert-music-context\data\raw\musiccaps\audio\TC4mH6nACm8_30_40.mp3,ok,10.0
TCRxCAYyduo,0,10,True,B:\CSE425_Project\gnn-bert-music-context\data\raw\musiccaps\audio\TCRxCAYyduo_0_10.mp3,ok,10.0
TEWYFkjH2jc,260,270,False,B:\CSE425_Project\gnn-bert-music-context\data\raw\musiccaps\audio\TEWYFkjH2jc_260_270.mp3,ok,10.0
TEoDtxjlctA,140,150,True,B:\CSE425_Project\gnn-bert-music-context\data\raw\musiccaps\audio\TEoDtxjlctA_140_150.mp3,ok,10.0
TFLt7mn57ZI,0,10,True,,missing,
THfTLXBLpJE,170,180,False,B:\CSE425_Project\gnn-bert-music-context\data\raw\musiccaps\audio\THfTLXBLpJE_170_180.mp3,ok,10.0
THhptTKMr9U,30,40,True,B:\CSE425_Project\gnn-bert-music-context\data\raw\musiccaps\audio\THhptTKMr9U_30_40.mp3,ok,10.0
TIASpLtI8ks,20,30,True,B:\CSE425_Project\gnn-bert-music-context\data\raw\musiccaps\audio\TIASpLtI8ks_20_30.mp3,ok,10.0
TIAj-fi_R7c,120,130,False,B:\CSE425_Project\gnn-bert-music-context\data\raw\musiccaps\audio\TIAj-fi_R7c_120_130.mp3,ok,10.0
TIL8jEw8pSc,30,40,True,B:\CSE425_Project\gnn-bert-music-context\data\raw\musiccaps\audio\TIL8jEw8pSc_30_40.mp3,ok,10.0
TJyzBaMwXFY,150,160,True,B:\CSE425_Project\gnn-bert-music-context\data\raw\musiccaps\audio\TJyzBaMwXFY_150_160.mp3,ok,10.0
TKSFbf-wQ8I,30,40,True,B:\CSE425_Project\gnn-bert-music-context\data\raw\musiccaps\audio\TKSFbf-wQ8I_30_40.mp3,ok,10.0
TLMEsc_42Gw,210,220,False,B:\CSE425_Project\gnn-bert-music-context\data\raw\musiccaps\audio\TLMEsc_42Gw_210_220.mp3,ok,10.0
TN53jpjqAGI,30,40,True,B:\CSE425_Project\gnn-bert-music-context\data\raw\musiccaps\audio\TN53jpjqAGI_30_40.mp3,ok,10.0
TObYoD2pGb0,0,10,False,B:\CSE425_Project\gnn-bert-music-context\data\raw\musiccaps\audio\TObYoD2pGb0_0_10.mp3,ok,10.0
TPYNIc_M1ng,30,40,True,B:\CSE425_Project\gnn-bert-music-context\data\raw\musiccaps\audio\TPYNIc_M1ng_30_40.mp3,ok,10.0
TPdqEmS1Dr0,40,50,True,B:\CSE425_Project\gnn-bert-music-context\data\raw\musiccaps\audio\TPdqEmS1Dr0_40_50.mp3,ok,10.0
TSl5LrM6LcQ,30,40,False,B:\CSE425_Project\gnn-bert-music-context\data\raw\musiccaps\audio\TSl5LrM6LcQ_30_40.mp3,ok,10.0
TTytcT_1dmY,120,130,True,B:\CSE425_Project\gnn-bert-music-context\data\raw\musiccaps\audio\TTytcT_1dmY_120_130.mp3,ok,10.0
TWV3YLscSaw,60,70,False,B:\CSE425_Project\gnn-bert-music-context\data\raw\musiccaps\audio\TWV3YLscSaw_60_70.mp3,ok,10.0
TWm0OilO0uw,30,40,True,B:\CSE425_Project\gnn-bert-music-context\data\raw\musiccaps\audio\TWm0OilO0uw_30_40.mp3,ok,10.0
TWm_2QncYXg,30,40,True,B:\CSE425_Project\gnn-bert-music-context\data\raw\musiccaps\audio\TWm_2QncYXg_30_40.mp3,ok,10.0
TWnrcjA6VTk,30,40,False,B:\CSE425_Project\gnn-bert-music-context\data\raw\musiccaps\audio\TWnrcjA6VTk_30_40.mp3,ok,10.0
TX9PGFdqRak,30,40,True,B:\CSE425_Project\gnn-bert-music-context\data\raw\musiccaps\audio\TX9PGFdqRak_30_40.mp3,ok,10.0
TZGDukKAVS8,240,250,False,B:\CSE425_Project\gnn-bert-music-context\data\raw\musiccaps\audio\TZGDukKAVS8_240_250.mp3,ok,10.0
TZlFTbvfKPE,170,180,True,B:\CSE425_Project\gnn-bert-music-context\data\raw\musiccaps\audio\TZlFTbvfKPE_170_180.mp3,ok,10.0
T_d82v2g93w,0,10,True,B:\CSE425_Project\gnn-bert-music-context\data\raw\musiccaps\audio\T_d82v2g93w_0_10.mp3,ok,10.0
Ta0GmXPnGWk,150,160,False,B:\CSE425_Project\gnn-bert-music-context\data\raw\musiccaps\audio\Ta0GmXPnGWk_150_160.mp3,ok,10.0
TabaOeYq2ek,70,80,False,B:\CSE425_Project\gnn-bert-music-context\data\raw\musiccaps\audio\TabaOeYq2ek_70_80.mp3,ok,10.0
TakkuFZJsis,30,40,True,B:\CSE425_Project\gnn-bert-music-context\data\raw\musiccaps\audio\TakkuFZJsis_30_40.mp3,ok,10.0
TbA_TZn35LA,270,280,True,B:\CSE425_Project\gnn-bert-music-context\data\raw\musiccaps\audio\TbA_TZn35LA_270_280.mp3,ok,10.0
TbYahEEj_B4,110,120,True,B:\CSE425_Project\gnn-bert-music-context\data\raw\musiccaps\audio\TbYahEEj_B4_110_120.mp3,ok,10.0
TcJ7rdYMHiQ,30,40,True,B:\CSE425_Project\gnn-bert-music-context\data\raw\musiccaps\audio\TcJ7rdYMHiQ_30_40.mp3,ok,10.0
TcoRmHHHNgI,30,40,False,B:\CSE425_Project\gnn-bert-music-context\data\raw\musiccaps\audio\TcoRmHHHNgI_30_40.mp3,ok,10.0
TdHdD1wxu_0,30,40,True,B:\CSE425_Project\gnn-bert-music-context\data\raw\musiccaps\audio\TdHdD1wxu_0_30_40.mp3,ok,10.0
TdvwUwpYYos,30,40,False,B:\CSE425_Project\gnn-bert-music-context\data\raw\musiccaps\audio\TdvwUwpYYos_30_40.mp3,ok,10.0
Tfc6184uCIk,50,60,False,B:\CSE425_Project\gnn-bert-music-context\data\raw\musiccaps\audio\Tfc6184uCIk_50_60.mp3,ok,10.0
TgCv5a22YUU,50,60,True,B:\CSE425_Project\gnn-bert-music-context\data\raw\musiccaps\audio\TgCv5a22YUU_50_60.mp3,ok,10.0
TgOr_C6xP6U,30,40,False,B:\CSE425_Project\gnn-bert-music-context\data\raw\musiccaps\audio\TgOr_C6xP6U_30_40.mp3,ok,10.0
Th6Tf6kA8RU,30,40,True,B:\CSE425_Project\gnn-bert-music-context\data\raw\musiccaps\audio\Th6Tf6kA8RU_30_40.mp3,ok,10.0
TiDdR-6bIcY,90,100,False,B:\CSE425_Project\gnn-bert-music-context\data\raw\musiccaps\audio\TiDdR-6bIcY_90_100.mp3,ok,10.0
TiOBlG-R1Y4,20,30,False,B:\CSE425_Project\gnn-bert-music-context\data\raw\musiccaps\audio\TiOBlG-R1Y4_20_30.mp3,ok,10.0
TkHZdMJPwKc,80,90,False,B:\CSE425_Project\gnn-bert-music-context\data\raw\musiccaps\audio\TkHZdMJPwKc_80_90.mp3,ok,10.0
TkclVqlyKx4,40,50,False,B:\CSE425_Project\gnn-bert-music-context\data\raw\musiccaps\audio\TkclVqlyKx4_40_50.mp3,ok,10.0
TnCXmm-v3Ys,140,150,True,B:\CSE425_Project\gnn-bert-music-context\data\raw\musiccaps\audio\TnCXmm-v3Ys_140_150.mp3,ok,10.0
TnJE6W6Z6mM,30,40,True,B:\CSE425_Project\gnn-bert-music-context\data\raw\musiccaps\audio\TnJE6W6Z6mM_30_40.mp3,ok,10.0
TokHdpvX7Es,30,40,False,B:\CSE425_Project\gnn-bert-music-context\data\raw\musiccaps\audio\TokHdpvX7Es_30_40.mp3,ok,10.0
Tp8PG2xae8c,30,40,True,B:\CSE425_Project\gnn-bert-music-context\data\raw\musiccaps\audio\Tp8PG2xae8c_30_40.mp3,ok,10.0
TqIptTnXb20,100,110,False,,missing,
TqWmuwAYmnI,20,30,True,B:\CSE425_Project\gnn-bert-music-context\data\raw\musiccaps\audio\TqWmuwAYmnI_20_30.mp3,ok,10.0
TrvI6t4pAP0,30,40,True,B:\CSE425_Project\gnn-bert-music-context\data\raw\musiccaps\audio\TrvI6t4pAP0_30_40.mp3,ok,10.0
Ts04bBeY1d4,30,40,True,B:\CSE425_Project\gnn-bert-music-context\data\raw\musiccaps\audio\Ts04bBeY1d4_30_40.mp3,ok,10.0
Ts3ZcUaELzA,30,40,True,B:\CSE425_Project\gnn-bert-music-context\data\raw\musiccaps\audio\Ts3ZcUaELzA_30_40.mp3,ok,10.0
TsTdffJ9LHg,0,10,False,B:\CSE425_Project\gnn-bert-music-context\data\raw\musiccaps\audio\TsTdffJ9LHg_0_10.mp3,ok,10.0
Tsmx6Pb7CnU,30,40,True,B:\CSE425_Project\gnn-bert-music-context\data\raw\musiccaps\audio\Tsmx6Pb7CnU_30_40.mp3,ok,10.0
Tt3BnoJw8ds,160,170,False,B:\CSE425_Project\gnn-bert-music-context\data\raw\musiccaps\audio\Tt3BnoJw8ds_160_170.mp3,ok,10.0
Tvwi_YuLehk,30,40,True,B:\CSE425_Project\gnn-bert-music-context\data\raw\musiccaps\audio\Tvwi_YuLehk_30_40.mp3,ok,10.0
TworrkXAPuI,180,190,True,,missing,
TyMZJqYmrwE,490,500,True,B:\CSE425_Project\gnn-bert-music-context\data\raw\musiccaps\audio\TyMZJqYmrwE_490_500.mp3,ok,10.0
TzPuAqjoL80,60,70,True,B:\CSE425_Project\gnn-bert-music-context\data\raw\musiccaps\audio\TzPuAqjoL80_60_70.mp3,ok,10.0
U-L9YCIdLbg,80,90,True,B:\CSE425_Project\gnn-bert-music-context\data\raw\musiccaps\audio\U-L9YCIdLbg_80_90.mp3,ok,10.0
U-UF93NA3ko,30,40,True,B:\CSE425_Project\gnn-bert-music-context\data\raw\musiccaps\audio\U-UF93NA3ko_30_40.mp3,ok,10.0
U0sjbOT6hY4,30,40,False,B:\CSE425_Project\gnn-bert-music-context\data\raw\musiccaps\audio\U0sjbOT6hY4_30_40.mp3,ok,10.0
U0xhbrULfNY,330,340,False,B:\CSE425_Project\gnn-bert-music-context\data\raw\musiccaps\audio\U0xhbrULfNY_330_340.mp3,ok,10.0
U3TpCc2zHrI,20,30,False,B:\CSE425_Project\gnn-bert-music-context\data\raw\musiccaps\audio\U3TpCc2zHrI_20_30.wav,ok,10.0
U4MdEIQcZxs,30,40,True,B:\CSE425_Project\gnn-bert-music-context\data\raw\musiccaps\audio\U4MdEIQcZxs_30_40.wav,ok,10.0
U4UtZeTl2DE,30,40,True,B:\CSE425_Project\gnn-bert-music-context\data\raw\musiccaps\audio\U4UtZeTl2DE_30_40.wav,ok,10.0
U6SYfguaJtk,30,40,True,B:\CSE425_Project\gnn-bert-music-context\data\raw\musiccaps\audio\U6SYfguaJtk_30_40.wav,ok,10.0
U6aLiMIlqCc,60,70,True,B:\CSE425_Project\gnn-bert-music-context\data\raw\musiccaps\audio\U6aLiMIlqCc_60_70.wav,ok,10.0
U8XdDv5ERu4,30,40,True,B:\CSE425_Project\gnn-bert-music-context\data\raw\musiccaps\audio\U8XdDv5ERu4_30_40.wav,ok,10.0
U8yqYlErUz8,200,210,False,B:\CSE425_Project\gnn-bert-music-context\data\raw\musiccaps\audio\U8yqYlErUz8_200_210.wav,ok,10.0
UBfHLeCBBsA,30,40,True,B:\CSE425_Project\gnn-bert-music-context\data\raw\musiccaps\audio\UBfHLeCBBsA_30_40.wav,ok,10.0
UCBocxMCdck,40,50,False,B:\CSE425_Project\gnn-bert-music-context\data\raw\musiccaps\audio\UCBocxMCdck_40_50.wav,ok,10.0
UC_XpUcIQ_8,60,70,False,B:\CSE425_Project\gnn-bert-music-context\data\raw\musiccaps\audio\UC_XpUcIQ_8_60_70.wav,ok,10.0
UD0pisqyLKA,40,50,True,B:\CSE425_Project\gnn-bert-music-context\data\raw\musiccaps\audio\UD0pisqyLKA_40_50.wav,ok,10.0
UDN11Q90Fa4,30,40,True,B:\CSE425_Project\gnn-bert-music-context\data\raw\musiccaps\audio\UDN11Q90Fa4_30_40.wav,ok,10.0
UDS6PrY9ZIM,130,140,False,B:\CSE425_Project\gnn-bert-music-context\data\raw\musiccaps\audio\UDS6PrY9ZIM_130_140.wav,ok,10.0
UDTsCTLkZzc,90,100,False,B:\CSE425_Project\gnn-bert-music-context\data\raw\musiccaps\audio\UDTsCTLkZzc_90_100.wav,ok,10.0
UDg9vuBDtVU,30,40,True,B:\CSE425_Project\gnn-bert-music-context\data\raw\musiccaps\audio\UDg9vuBDtVU_30_40.wav,ok,10.0
UEOUXjX5R2I,60,70,False,B:\CSE425_Project\gnn-bert-music-context\data\raw\musiccaps\audio\UEOUXjX5R2I_60_70.wav,ok,10.0
UEel3wTf0Sk,30,40,False,B:\CSE425_Project\gnn-bert-music-context\data\raw\musiccaps\audio\UEel3wTf0Sk_30_40.wav,ok,10.0
UFyOGqmITjM,0,10,True,B:\CSE425_Project\gnn-bert-music-context\data\raw\musiccaps\audio\UFyOGqmITjM_0_10.wav,ok,10.0
UGEqY_NTMpI,140,150,True,B:\CSE425_Project\gnn-bert-music-context\data\raw\musiccaps\audio\UGEqY_NTMpI_140_150.wav,ok,10.0
UHvYrO1IGCc,380,390,False,B:\CSE425_Project\gnn-bert-music-context\data\raw\musiccaps\audio\UHvYrO1IGCc_380_390.wav,ok,10.0
UIOnnpaqBy8,30,40,True,B:\CSE425_Project\gnn-bert-music-context\data\raw\musiccaps\audio\UIOnnpaqBy8_30_40.wav,ok,10.0
UJA5AWbt6HM,70,80,False,B:\CSE425_Project\gnn-bert-music-context\data\raw\musiccaps\audio\UJA5AWbt6HM_70_80.wav,ok,10.0
UJAk1nNdo1I,30,40,True,B:\CSE425_Project\gnn-bert-music-context\data\raw\musiccaps\audio\UJAk1nNdo1I_30_40.wav,ok,10.0
ULHPhjaJ6p0,30,40,False,B:\CSE425_Project\gnn-bert-music-context\data\raw\musiccaps\audio\ULHPhjaJ6p0_30_40.wav,ok,10.0
ULXbXpLcoVA,30,40,False,,missing,
UNJswfXKJ3s,30,40,True,B:\CSE425_Project\gnn-bert-music-context\data\raw\musiccaps\audio\UNJswfXKJ3s_30_40.wav,ok,10.0
UO9HtZMrbBE,30,40,False,B:\CSE425_Project\gnn-bert-music-context\data\raw\musiccaps\audio\UO9HtZMrbBE_30_40.wav,ok,10.0
UOAv5b6MGxw,20,30,True,,missing,
UOC4VWQpnDM,110,120,False,,missing,
UOKWQ2EHJQI,20,30,True,B:\CSE425_Project\gnn-bert-music-context\data\raw\musiccaps\audio\UOKWQ2EHJQI_20_30.wav,ok,10.0
UPPHkyd7lwE,230,240,False,B:\CSE425_Project\gnn-bert-music-context\data\raw\musiccaps\audio\UPPHkyd7lwE_230_240.wav,ok,10.0
UQKLBsZJsww,30,40,True,B:\CSE425_Project\gnn-bert-music-context\data\raw\musiccaps\audio\UQKLBsZJsww_30_40.wav,ok,10.0
UR3k09hOxI4,30,40,False,B:\CSE425_Project\gnn-bert-music-context\data\raw\musiccaps\audio\UR3k09hOxI4_30_40.wav,ok,10.0
URM1QgX5Ar4,150,160,False,B:\CSE425_Project\gnn-bert-music-context\data\raw\musiccaps\audio\URM1QgX5Ar4_150_160.wav,ok,10.0
US3ZL2zhXgI,180,190,False,B:\CSE425_Project\gnn-bert-music-context\data\raw\musiccaps\audio\US3ZL2zhXgI_180_190.wav,ok,10.0
UUJ1DNycpiQ,30,40,True,B:\CSE425_Project\gnn-bert-music-context\data\raw\musiccaps\audio\UUJ1DNycpiQ_30_40.wav,ok,10.0
UVMBRVJTvzg,30,40,True,B:\CSE425_Project\gnn-bert-music-context\data\raw\musiccaps\audio\UVMBRVJTvzg_30_40.wav,ok,10.0
UVY68vFiApA,60,70,False,,missing,
UWl99yJsb8M,30,40,True,B:\CSE425_Project\gnn-bert-music-context\data\raw\musiccaps\audio\UWl99yJsb8M_30_40.wav,ok,10.0
UXDzDV_f1jw,120,130,False,B:\CSE425_Project\gnn-bert-music-context\data\raw\musiccaps\audio\UXDzDV_f1jw_120_130.wav,ok,10.0
UY2_Q830lqo,30,40,False,B:\CSE425_Project\gnn-bert-music-context\data\raw\musiccaps\audio\UY2_Q830lqo_30_40.wav,ok,10.0
Ubj0jlheyvk,30,40,False,B:\CSE425_Project\gnn-bert-music-context\data\raw\musiccaps\audio\Ubj0jlheyvk_30_40.wav,ok,10.0
UcNVLU-cRNg,340,350,True,B:\CSE425_Project\gnn-bert-music-context\data\raw\musiccaps\audio\UcNVLU-cRNg_340_350.wav,ok,10.0
UcS5U1mpbAE,30,40,True,B:\CSE425_Project\gnn-bert-music-context\data\raw\musiccaps\audio\UcS5U1mpbAE_30_40.wav,ok,10.0
Uc_1PzGr5xw,10,20,False,B:\CSE425_Project\gnn-bert-music-context\data\raw\musiccaps\audio\Uc_1PzGr5xw_10_20.wav,ok,10.0
UcabTrKowlI,30,40,True,B:\CSE425_Project\gnn-bert-music-context\data\raw\musiccaps\audio\UcabTrKowlI_30_40.wav,ok,10.0
UdA6I_tXVHE,6,16,True,,missing,
UeYmnV-B8so,20,30,False,B:\CSE425_Project\gnn-bert-music-context\data\raw\musiccaps\audio\UeYmnV-B8so_20_30.wav,ok,10.0
UfEGX0rNOvA,70,80,False,B:\CSE425_Project\gnn-bert-music-context\data\raw\musiccaps\audio\UfEGX0rNOvA_70_80.wav,ok,10.0
UfZP677y3Dc,30,40,True,B:\CSE425_Project\gnn-bert-music-context\data\raw\musiccaps\audio\UfZP677y3Dc_30_40.wav,ok,10.0
UhcoWyEQwBI,160,170,True,B:\CSE425_Project\gnn-bert-music-context\data\raw\musiccaps\audio\UhcoWyEQwBI_160_170.wav,ok,10.0
UhwJrftWAFg,30,40,True,B:\CSE425_Project\gnn-bert-music-context\data\raw\musiccaps\audio\UhwJrftWAFg_30_40.wav,ok,10.0
UiiYMspxfhU,30,40,False,B:\CSE425_Project\gnn-bert-music-context\data\raw\musiccaps\audio\UiiYMspxfhU_30_40.wav,ok,10.0
UinQGYfmZhE,120,130,False,,missing,
UjDh1OlOwuE,60,70,False,B:\CSE425_Project\gnn-bert-music-context\data\raw\musiccaps\audio\UjDh1OlOwuE_60_70.wav,ok,10.0
UkTWmyy7ia8,30,40,False,B:\CSE425_Project\gnn-bert-music-context\data\raw\musiccaps\audio\UkTWmyy7ia8_30_40.wav,ok,10.0
UkZ76EFfLSg,30,40,True,B:\CSE425_Project\gnn-bert-music-context\data\raw\musiccaps\audio\UkZ76EFfLSg_30_40.wav,ok,10.0
UkqayNnk00w,50,60,False,B:\CSE425_Project\gnn-bert-music-context\data\raw\musiccaps\audio\UkqayNnk00w_50_60.wav,ok,10.0
UnFEqUWTefM,60,70,True,B:\CSE425_Project\gnn-bert-music-context\data\raw\musiccaps\audio\UnFEqUWTefM_60_70.wav,ok,10.0
Uo-Okq1D8Xo,30,40,False,B:\CSE425_Project\gnn-bert-music-context\data\raw\musiccaps\audio\Uo-Okq1D8Xo_30_40.wav,ok,10.0
UoGXR3V5Mro,30,40,True,B:\CSE425_Project\gnn-bert-music-context\data\raw\musiccaps\audio\UoGXR3V5Mro_30_40.wav,ok,10.0
UoSID1KzWuI,30,40,True,B:\CSE425_Project\gnn-bert-music-context\data\raw\musiccaps\audio\UoSID1KzWuI_30_40.wav,ok,10.0
UoxHwOl2gN0,10,20,True,B:\CSE425_Project\gnn-bert-music-context\data\raw\musiccaps\audio\UoxHwOl2gN0_10_20.wav,ok,10.0
Ur8O3h8S0K4,70,80,False,B:\CSE425_Project\gnn-bert-music-context\data\raw\musiccaps\audio\Ur8O3h8S0K4_70_80.wav,ok,10.0
UrgzGbGVV8I,30,40,True,B:\CSE425_Project\gnn-bert-music-context\data\raw\musiccaps\audio\UrgzGbGVV8I_30_40.wav,ok,10.0
UsHtZ7Bzi0s,150,160,True,B:\CSE425_Project\gnn-bert-music-context\data\raw\musiccaps\audio\UsHtZ7Bzi0s_150_160.wav,ok,10.0
UsdoUjuczY4,30,40,True,B:\CSE425_Project\gnn-bert-music-context\data\raw\musiccaps\audio\UsdoUjuczY4_30_40.wav,ok,10.0
UtCRBs5p4EQ,30,40,True,B:\CSE425_Project\gnn-bert-music-context\data\raw\musiccaps\audio\UtCRBs5p4EQ_30_40.wav,ok,10.0
UtZofZjccBs,290,300,True,B:\CSE425_Project\gnn-bert-music-context\data\raw\musiccaps\audio\UtZofZjccBs_290_300.wav,ok,10.0
Utl5it7YMUs,330,340,True,B:\CSE425_Project\gnn-bert-music-context\data\raw\musiccaps\audio\Utl5it7YMUs_330_340.wav,ok,10.0
Uu8m1oOWkiE,120,130,False,B:\CSE425_Project\gnn-bert-music-context\data\raw\musiccaps\audio\Uu8m1oOWkiE_120_130.wav,ok,10.0
UvCY9FHpKC8,30,40,True,B:\CSE425_Project\gnn-bert-music-context\data\raw\musiccaps\audio\UvCY9FHpKC8_30_40.wav,ok,10.0
Uvn7waPvseo,30,40,True,B:\CSE425_Project\gnn-bert-music-context\data\raw\musiccaps\audio\Uvn7waPvseo_30_40.wav,ok,10.0
UwxatzcYf9Q,30,40,True,B:\CSE425_Project\gnn-bert-music-context\data\raw\musiccaps\audio\UwxatzcYf9Q_30_40.wav,ok,10.0
Ux1vBolJf5Q,50,60,True,B:\CSE425_Project\gnn-bert-music-context\data\raw\musiccaps\audio\Ux1vBolJf5Q_50_60.wav,ok,10.0
Ux3YosKD-9I,30,40,False,B:\CSE425_Project\gnn-bert-music-context\data\raw\musiccaps\audio\Ux3YosKD-9I_30_40.wav,ok,10.0
UxT3KG4AHAI,0,10,False,B:\CSE425_Project\gnn-bert-music-context\data\raw\musiccaps\audio\UxT3KG4AHAI_0_10.wav,ok,10.0
UxlrI-9RtWg,210,220,False,B:\CSE425_Project\gnn-bert-music-context\data\raw\musiccaps\audio\UxlrI-9RtWg_210_220.wav,ok,10.0
UxrAsZ7Z09Y,520,530,False,B:\CSE425_Project\gnn-bert-music-context\data\raw\musiccaps\audio\UxrAsZ7Z09Y_520_530.wav,ok,10.0
Uxyu3XwXEV8,30,40,True,,missing,
UzAXqTsdtjY,560,570,True,,missing,
UzDVZzIIcy8,370,380,True,B:\CSE425_Project\gnn-bert-music-context\data\raw\musiccaps\audio\UzDVZzIIcy8_370_380.wav,ok,10.0
UzT20Rf8RPA,30,40,True,B:\CSE425_Project\gnn-bert-music-context\data\raw\musiccaps\audio\UzT20Rf8RPA_30_40.wav,ok,10.0
V0zQHNmz0gU,30,40,True,B:\CSE425_Project\gnn-bert-music-context\data\raw\musiccaps\audio\V0zQHNmz0gU_30_40.wav,ok,10.0
V1A4wBgvPgI,250,260,False,B:\CSE425_Project\gnn-bert-music-context\data\raw\musiccaps\audio\V1A4wBgvPgI_250_260.wav,ok,10.0
V1M3HiUz0ZQ,70,80,True,B:\CSE425_Project\gnn-bert-music-context\data\raw\musiccaps\audio\V1M3HiUz0ZQ_70_80.wav,ok,10.0
V3Jb0Q_e_pQ,30,40,True,,missing,
V3Vvp5HS90k,20,30,True,B:\CSE425_Project\gnn-bert-music-context\data\raw\musiccaps\audio\V3Vvp5HS90k_20_30.wav,ok,10.0
V4YUpQKeKD4,20,30,True,,missing,
V5HMIxuAtv8,30,40,False,B:\CSE425_Project\gnn-bert-music-context\data\raw\musiccaps\audio\V5HMIxuAtv8_30_40.wav,ok,10.0
V5xL8hLFY58,30,40,True,B:\CSE425_Project\gnn-bert-music-context\data\raw\musiccaps\audio\V5xL8hLFY58_30_40.wav,ok,10.0
V7RPmwxyhBA,60,70,True,B:\CSE425_Project\gnn-bert-music-context\data\raw\musiccaps\audio\V7RPmwxyhBA_60_70.wav,ok,10.0
V9EFYFKlYbE,30,40,True,B:\CSE425_Project\gnn-bert-music-context\data\raw\musiccaps\audio\V9EFYFKlYbE_30_40.wav,ok,10.0
V9jIsOTC1lY,30,40,True,B:\CSE425_Project\gnn-bert-music-context\data\raw\musiccaps\audio\V9jIsOTC1lY_30_40.wav,ok,10.0
VAqPLAgn9NI,30,40,False,B:\CSE425_Project\gnn-bert-music-context\data\raw\musiccaps\audio\VAqPLAgn9NI_30_40.wav,ok,10.0
VAqgpoyD2jc,30,40,True,B:\CSE425_Project\gnn-bert-music-context\data\raw\musiccaps\audio\VAqgpoyD2jc_30_40.wav,ok,10.0
VB82vMSTYK0,30,40,False,B:\CSE425_Project\gnn-bert-music-context\data\raw\musiccaps\audio\VB82vMSTYK0_30_40.wav,ok,10.0
VCIN1OJkNbg,30,40,False,B:\CSE425_Project\gnn-bert-music-context\data\raw\musiccaps\audio\VCIN1OJkNbg_30_40.wav,ok,10.0
VCozi4GDpxQ,20,30,False,B:\CSE425_Project\gnn-bert-music-context\data\raw\musiccaps\audio\VCozi4GDpxQ_20_30.wav,ok,10.0
VCrnnx9jTqs,50,60,False,B:\CSE425_Project\gnn-bert-music-context\data\raw\musiccaps\audio\VCrnnx9jTqs_50_60.wav,ok,10.0
VCusyLPrFCo,30,40,True,B:\CSE425_Project\gnn-bert-music-context\data\raw\musiccaps\audio\VCusyLPrFCo_30_40.wav,ok,10.0
VDYqYuPzW8E,30,40,True,B:\CSE425_Project\gnn-bert-music-context\data\raw\musiccaps\audio\VDYqYuPzW8E_30_40.wav,ok,10.0
VG6-MlmCgzI,30,40,True,B:\CSE425_Project\gnn-bert-music-context\data\raw\musiccaps\audio\VG6-MlmCgzI_30_40.wav,ok,10.0
VHYxygh1STA,30,40,True,B:\CSE425_Project\gnn-bert-music-context\data\raw\musiccaps\audio\VHYxygh1STA_30_40.wav,ok,10.0
VHyXvbg6y9M,30,40,False,B:\CSE425_Project\gnn-bert-music-context\data\raw\musiccaps\audio\VHyXvbg6y9M_30_40.wav,ok,10.0
VJ-dpTx_3Cg,30,40,True,B:\CSE425_Project\gnn-bert-music-context\data\raw\musiccaps\audio\VJ-dpTx_3Cg_30_40.wav,ok,10.0
VJ1RqPqF9O4,200,210,False,B:\CSE425_Project\gnn-bert-music-context\data\raw\musiccaps\audio\VJ1RqPqF9O4_200_210.wav,ok,10.0
VL6uF-XeE_A,30,40,True,B:\CSE425_Project\gnn-bert-music-context\data\raw\musiccaps\audio\VL6uF-XeE_A_30_40.wav,ok,10.0
VLjcIlZvkY0,30,40,True,B:\CSE425_Project\gnn-bert-music-context\data\raw\musiccaps\audio\VLjcIlZvkY0_30_40.wav,ok,10.0
VM-U7MyZAck,30,40,True,B:\CSE425_Project\gnn-bert-music-context\data\raw\musiccaps\audio\VM-U7MyZAck_30_40.wav,ok,10.0
VMWW9OX1EJM,0,10,False,B:\CSE425_Project\gnn-bert-music-context\data\raw\musiccaps\audio\VMWW9OX1EJM_0_10.wav,ok,10.0
VMzn9GytUTk,30,40,True,B:\CSE425_Project\gnn-bert-music-context\data\raw\musiccaps\audio\VMzn9GytUTk_30_40.wav,ok,10.0
VNjYW4OXqTs,30,40,True,B:\CSE425_Project\gnn-bert-music-context\data\raw\musiccaps\audio\VNjYW4OXqTs_30_40.wav,ok,10.0
VNzEAjztgxg,30,40,True,B:\CSE425_Project\gnn-bert-music-context\data\raw\musiccaps\audio\VNzEAjztgxg_30_40.wav,ok,10.0
VOWGbyg4KZY,30,40,True,,missing,
VP1cB_AVu6c,200,210,False,B:\CSE425_Project\gnn-bert-music-context\data\raw\musiccaps\audio\VP1cB_AVu6c_200_210.wav,ok,10.0
VRfi64fecj4,210,220,False,B:\CSE425_Project\gnn-bert-music-context\data\raw\musiccaps\audio\VRfi64fecj4_210_220.wav,ok,10.0
VRxFYwbik6A,120,130,True,B:\CSE425_Project\gnn-bert-music-context\data\raw\musiccaps\audio\VRxFYwbik6A_120_130.wav,ok,10.0
VSAbMy1Rlio,30,40,False,B:\CSE425_Project\gnn-bert-music-context\data\raw\musiccaps\audio\VSAbMy1Rlio_30_40.wav,ok,10.0
VSf3_XpiPkQ,210,220,False,B:\CSE425_Project\gnn-bert-music-context\data\raw\musiccaps\audio\VSf3_XpiPkQ_210_220.wav,ok,10.0
VTOf24hbq0A,30,40,True,B:\CSE425_Project\gnn-bert-music-context\data\raw\musiccaps\audio\VTOf24hbq0A_30_40.wav,ok,10.0
VTagIq90b7s,30,40,False,B:\CSE425_Project\gnn-bert-music-context\data\raw\musiccaps\audio\VTagIq90b7s_30_40.wav,ok,10.0
VV-DgnPPhSo,220,230,True,B:\CSE425_Project\gnn-bert-music-context\data\raw\musiccaps\audio\VV-DgnPPhSo_220_230.wav,ok,10.0
VV85n-ebuUU,110,120,True,B:\CSE425_Project\gnn-bert-music-context\data\raw\musiccaps\audio\VV85n-ebuUU_110_120.wav,ok,10.0
VZJfkEet6EQ,30,40,True,B:\CSE425_Project\gnn-bert-music-context\data\raw\musiccaps\audio\VZJfkEet6EQ_30_40.wav,ok,10.0
VZfrDZhI7BU,30,40,True,B:\CSE425_Project\gnn-bert-music-context\data\raw\musiccaps\audio\VZfrDZhI7BU_30_40.wav,ok,10.0
VZjE27e9X7o,10,20,False,B:\CSE425_Project\gnn-bert-music-context\data\raw\musiccaps\audio\VZjE27e9X7o_10_20.wav,ok,10.0
Vbcy6KBJsAA,20,30,True,B:\CSE425_Project\gnn-bert-music-context\data\raw\musiccaps\audio\Vbcy6KBJsAA_20_30.wav,ok,10.0
Vbx6TFxSPYY,70,80,False,B:\CSE425_Project\gnn-bert-music-context\data\raw\musiccaps\audio\Vbx6TFxSPYY_70_80.wav,ok,10.0
Vci2eZYzA-c,30,40,True,B:\CSE425_Project\gnn-bert-music-context\data\raw\musiccaps\audio\Vci2eZYzA-c_30_40.wav,ok,10.0
VdYakZ4Yciw,30,40,True,B:\CSE425_Project\gnn-bert-music-context\data\raw\musiccaps\audio\VdYakZ4Yciw_30_40.wav,ok,10.0
Ve6Zy1BXBbY,30,40,False,B:\CSE425_Project\gnn-bert-music-context\data\raw\musiccaps\audio\Ve6Zy1BXBbY_30_40.wav,ok,10.0
VeAomElRCJc,30,40,True,B:\CSE425_Project\gnn-bert-music-context\data\raw\musiccaps\audio\VeAomElRCJc_30_40.wav,ok,10.0
VeXcCHo5iMI,30,40,True,B:\CSE425_Project\gnn-bert-music-context\data\raw\musiccaps\audio\VeXcCHo5iMI_30_40.wav,ok,10.0
VfARCp38XtA,70,80,True,B:\CSE425_Project\gnn-bert-music-context\data\raw\musiccaps\audio\VfARCp38XtA_70_80.wav,ok,10.0
VfEJHqtsuIo,110,120,False,B:\CSE425_Project\gnn-bert-music-context\data\raw\musiccaps\audio\VfEJHqtsuIo_110_120.wav,ok,10.0
Vfcfj4OIJXE,30,40,True,B:\CSE425_Project\gnn-bert-music-context\data\raw\musiccaps\audio\Vfcfj4OIJXE_30_40.wav,ok,10.0
VgwsGjRk61M,20,30,True,B:\CSE425_Project\gnn-bert-music-context\data\raw\musiccaps\audio\VgwsGjRk61M_20_30.wav,ok,10.0
Vi2posMLsrg,30,40,True,,missing,
ViF7A7XODiw,30,40,True,B:\CSE425_Project\gnn-bert-music-context\data\raw\musiccaps\audio\ViF7A7XODiw_30_40.wav,ok,10.0
VjXt63pqUgw,20,30,True,B:\CSE425_Project\gnn-bert-music-context\data\raw\musiccaps\audio\VjXt63pqUgw_20_30.wav,ok,10.0
VjbRot21Hq0,30,40,True,B:\CSE425_Project\gnn-bert-music-context\data\raw\musiccaps\audio\VjbRot21Hq0_30_40.wav,ok,10.0
VkVKGyWi2r4,30,40,True,B:\CSE425_Project\gnn-bert-music-context\data\raw\musiccaps\audio\VkVKGyWi2r4_30_40.wav,ok,10.0
VkXLtUx-RmI,300,310,False,B:\CSE425_Project\gnn-bert-music-context\data\raw\musiccaps\audio\VkXLtUx-RmI_300_310.wav,ok,10.0
VlXi2TxMXbc,130,140,False,B:\CSE425_Project\gnn-bert-music-context\data\raw\musiccaps\audio\VlXi2TxMXbc_130_140.wav,ok,10.0
VlgOLOoctm0,30,40,True,B:\CSE425_Project\gnn-bert-music-context\data\raw\musiccaps\audio\VlgOLOoctm0_30_40.wav,ok,10.0
VlwbDjggUKk,30,40,False,B:\CSE425_Project\gnn-bert-music-context\data\raw\musiccaps\audio\VlwbDjggUKk_30_40.wav,ok,10.0
VnJeG9RGUVM,30,40,True,B:\CSE425_Project\gnn-bert-music-context\data\raw\musiccaps\audio\VnJeG9RGUVM_30_40.wav,ok,10.0
Vo6eT8eMMfQ,30,40,False,B:\CSE425_Project\gnn-bert-music-context\data\raw\musiccaps\audio\Vo6eT8eMMfQ_30_40.wav,ok,10.0
VpIhbDN58mA,30,40,True,B:\CSE425_Project\gnn-bert-music-context\data\raw\musiccaps\audio\VpIhbDN58mA_30_40.wav,ok,10.0
VpikuLP_9qQ,70,80,True,B:\CSE425_Project\gnn-bert-music-context\data\raw\musiccaps\audio\VpikuLP_9qQ_70_80.wav,ok,10.0
Vr7wbGcvFts,20,30,True,,missing,
VrqBeY3kfKI,120,130,False,B:\CSE425_Project\gnn-bert-music-context\data\raw\musiccaps\audio\VrqBeY3kfKI_120_130.wav,ok,10.0
VsMy72BoIbU,40,50,False,B:\CSE425_Project\gnn-bert-music-context\data\raw\musiccaps\audio\VsMy72BoIbU_40_50.wav,ok,10.0
VswY2mI7Wbo,360,370,True,B:\CSE425_Project\gnn-bert-music-context\data\raw\musiccaps\audio\VswY2mI7Wbo_360_370.wav,ok,10.0
Vt3HzkNtOP4,30,40,True,B:\CSE425_Project\gnn-bert-music-context\data\raw\musiccaps\audio\Vt3HzkNtOP4_30_40.wav,ok,10.0
VtHkxrta5xQ,30,40,True,B:\CSE425_Project\gnn-bert-music-context\data\raw\musiccaps\audio\VtHkxrta5xQ_30_40.wav,ok,10.0
Vu7ZUUl4VPc,30,40,True,,missing,
VuWr1HXHoZg,30,40,True,B:\CSE425_Project\gnn-bert-music-context\data\raw\musiccaps\audio\VuWr1HXHoZg_30_40.wav,ok,10.0
Vwekk3EOa-U,40,50,False,B:\CSE425_Project\gnn-bert-music-context\data\raw\musiccaps\audio\Vwekk3EOa-U_40_50.wav,ok,10.0
VwkRHbqpHqk,30,40,True,B:\CSE425_Project\gnn-bert-music-context\data\raw\musiccaps\audio\VwkRHbqpHqk_30_40.wav,ok,10.0
Vx4aO4-nr0c,30,40,True,B:\CSE425_Project\gnn-bert-music-context\data\raw\musiccaps\audio\Vx4aO4-nr0c_30_40.wav,ok,10.0
Vx_vqfpRdUU,100,110,False,B:\CSE425_Project\gnn-bert-music-context\data\raw\musiccaps\audio\Vx_vqfpRdUU_100_110.wav,ok,10.0
Vy00ycBpqpc,0,10,False,B:\CSE425_Project\gnn-bert-music-context\data\raw\musiccaps\audio\Vy00ycBpqpc_0_10.wav,ok,10.0
VzFpg271sm8,500,510,True,B:\CSE425_Project\gnn-bert-music-context\data\raw\musiccaps\audio\VzFpg271sm8_500_510.wav,ok,10.0
VzGHr0aV220,140,150,False,B:\CSE425_Project\gnn-bert-music-context\data\raw\musiccaps\audio\VzGHr0aV220_140_150.wav,ok,10.0
VzHL56yq8bI,30,40,False,,missing,
VzYc-c-uHjI,30,40,True,B:\CSE425_Project\gnn-bert-music-context\data\raw\musiccaps\audio\VzYc-c-uHjI_30_40.wav,ok,10.0
W-nkxlYTdV4,210,220,True,B:\CSE425_Project\gnn-bert-music-context\data\raw\musiccaps\audio\W-nkxlYTdV4_210_220.wav,ok,10.0
W00eTCOgUNs,60,70,False,B:\CSE425_Project\gnn-bert-music-context\data\raw\musiccaps\audio\W00eTCOgUNs_60_70.wav,ok,10.0
W0aT3SdtnfY,30,40,True,,missing,
W2EJai-3k2w,130,140,True,B:\CSE425_Project\gnn-bert-music-context\data\raw\musiccaps\audio\W2EJai-3k2w_130_140.wav,ok,10.0
W2KaBnoGxek,30,40,False,B:\CSE425_Project\gnn-bert-music-context\data\raw\musiccaps\audio\W2KaBnoGxek_30_40.wav,ok,10.0
W2nlA65AwtU,390,400,True,B:\CSE425_Project\gnn-bert-music-context\data\raw\musiccaps\audio\W2nlA65AwtU_390_400.wav,ok,10.0
W3DwueAy65k,130,140,False,B:\CSE425_Project\gnn-bert-music-context\data\raw\musiccaps\audio\W3DwueAy65k_130_140.wav,ok,10.0
W3lKc2hj4XU,30,40,True,B:\CSE425_Project\gnn-bert-music-context\data\raw\musiccaps\audio\W3lKc2hj4XU_30_40.wav,ok,10.0
W4eLgBYEEqA,440,450,False,B:\CSE425_Project\gnn-bert-music-context\data\raw\musiccaps\audio\W4eLgBYEEqA_440_450.wav,ok,10.0
W4nQpOHIPEw,30,40,False,,missing,
W58kioYp1Ms,30,40,True,B:\CSE425_Project\gnn-bert-music-context\data\raw\musiccaps\audio\W58kioYp1Ms_30_40.wav,ok,10.0
W5BB6pubJZI,540,550,False,B:\CSE425_Project\gnn-bert-music-context\data\raw\musiccaps\audio\W5BB6pubJZI_540_550.wav,ok,10.0
W5eOW25vvbw,30,40,True,B:\CSE425_Project\gnn-bert-music-context\data\raw\musiccaps\audio\W5eOW25vvbw_30_40.wav,ok,10.0
W5t-T1vP2DU,30,40,True,B:\CSE425_Project\gnn-bert-music-context\data\raw\musiccaps\audio\W5t-T1vP2DU_30_40.wav,ok,10.0
W7KbboEOmeM,30,40,True,B:\CSE425_Project\gnn-bert-music-context\data\raw\musiccaps\audio\W7KbboEOmeM_30_40.wav,ok,10.0
W7U-glgu4GM,10,20,True,B:\CSE425_Project\gnn-bert-music-context\data\raw\musiccaps\audio\W7U-glgu4GM_10_20.wav,ok,10.0
W7i4LkdSfjw,520,530,False,B:\CSE425_Project\gnn-bert-music-context\data\raw\musiccaps\audio\W7i4LkdSfjw_520_530.wav,ok,10.0
W85w938G5ZM,30,40,True,B:\CSE425_Project\gnn-bert-music-context\data\raw\musiccaps\audio\W85w938G5ZM_30_40.wav,ok,10.0
W8Xv3Q2kGRA,30,40,False,B:\CSE425_Project\gnn-bert-music-context\data\raw\musiccaps\audio\W8Xv3Q2kGRA_30_40.wav,ok,10.0
WAxDN-FyPn8,80,90,False,B:\CSE425_Project\gnn-bert-music-context\data\raw\musiccaps\audio\WAxDN-FyPn8_80_90.wav,ok,10.0
WBBKiXYVEdM,170,180,False,B:\CSE425_Project\gnn-bert-music-context\data\raw\musiccaps\audio\WBBKiXYVEdM_170_180.wav,ok,10.0
WCiS9IDILQg,60,70,False,B:\CSE425_Project\gnn-bert-music-context\data\raw\musiccaps\audio\WCiS9IDILQg_60_70.wav,ok,10.0
WCifI6rwOoM,30,40,True,B:\CSE425_Project\gnn-bert-music-context\data\raw\musiccaps\audio\WCifI6rwOoM_30_40.wav,ok,10.0
WCl93HBuj60,490,500,False,B:\CSE425_Project\gnn-bert-music-context\data\raw\musiccaps\audio\WCl93HBuj60_490_500.wav,ok,10.0
WE0JqjuhaQI,30,40,False,B:\CSE425_Project\gnn-bert-music-context\data\raw\musiccaps\audio\WE0JqjuhaQI_30_40.wav,ok,10.0
WEVBqGarEIY,30,40,True,B:\CSE425_Project\gnn-bert-music-context\data\raw\musiccaps\audio\WEVBqGarEIY_30_40.wav,ok,10.0
WEXJSNm_T0o,180,190,False,B:\CSE425_Project\gnn-bert-music-context\data\raw\musiccaps\audio\WEXJSNm_T0o_180_190.wav,ok,10.0
WFPGA_BYkKU,30,40,True,B:\CSE425_Project\gnn-bert-music-context\data\raw\musiccaps\audio\WFPGA_BYkKU_30_40.wav,ok,10.0
WI2d5vDJeLo,270,280,False,B:\CSE425_Project\gnn-bert-music-context\data\raw\musiccaps\audio\WI2d5vDJeLo_270_280.wav,ok,10.0
WIVu5PapmX4,30,40,True,,missing,
WIuLaxWIAAI,230,240,False,B:\CSE425_Project\gnn-bert-music-context\data\raw\musiccaps\audio\WIuLaxWIAAI_230_240.wav,ok,10.0
WJIrkvEq4EI,30,40,True,,missing,
WJORWlj6BW8,30,40,True,B:\CSE425_Project\gnn-bert-music-context\data\raw\musiccaps\audio\WJORWlj6BW8_30_40.wav,ok,10.0
WK-gdfCurCg,10,20,False,B:\CSE425_Project\gnn-bert-music-context\data\raw\musiccaps\audio\WK-gdfCurCg_10_20.wav,ok,10.0
WKL40jfQD3g,120,130,False,B:\CSE425_Project\gnn-bert-music-context\data\raw\musiccaps\audio\WKL40jfQD3g_120_130.wav,ok,10.0
WKYUiLace9Y,210,220,False,,missing,
WMtztIW1f6k,100,110,True,B:\CSE425_Project\gnn-bert-music-context\data\raw\musiccaps\audio\WMtztIW1f6k_100_110.wav,ok,10.0
WNmAlKrAPjQ,240,250,False,B:\CSE425_Project\gnn-bert-music-context\data\raw\musiccaps\audio\WNmAlKrAPjQ_240_250.wav,ok,10.0
WNv-YNn1cZ8,10,20,True,B:\CSE425_Project\gnn-bert-music-context\data\raw\musiccaps\audio\WNv-YNn1cZ8_10_20.wav,ok,10.0
WO_Y7djT2k4,100,110,True,B:\CSE425_Project\gnn-bert-music-context\data\raw\musiccaps\audio\WO_Y7djT2k4_100_110.wav,ok,10.0
WPguqXCBQCI,328,338,True,B:\CSE425_Project\gnn-bert-music-context\data\raw\musiccaps\audio\WPguqXCBQCI_328_338.wav,ok,10.0
WQsuFvw43RA,30,40,False,B:\CSE425_Project\gnn-bert-music-context\data\raw\musiccaps\audio\WQsuFvw43RA_30_40.wav,ok,10.0
WRZGYDh7qRo,60,70,False,B:\CSE425_Project\gnn-bert-music-context\data\raw\musiccaps\audio\WRZGYDh7qRo_60_70.wav,ok,10.0
WSMdqFEjGXE,120,130,False,B:\CSE425_Project\gnn-bert-music-context\data\raw\musiccaps\audio\WSMdqFEjGXE_120_130.wav,ok,10.0
WSaCGNkM6_k,30,40,True,B:\CSE425_Project\gnn-bert-music-context\data\raw\musiccaps\audio\WSaCGNkM6_k_30_40.wav,ok,10.0
WT2iyJmKkc8,120,130,False,B:\CSE425_Project\gnn-bert-music-context\data\raw\musiccaps\audio\WT2iyJmKkc8_120_130.wav,ok,10.0
WTVC7ZI9WtY,30,40,True,B:\CSE425_Project\gnn-bert-music-context\data\raw\musiccaps\audio\WTVC7ZI9WtY_30_40.wav,ok,10.0
WT_wvvEvkw4,230,240,True,,missing,
WW4_c2J79QA,30,40,True,B:\CSE425_Project\gnn-bert-music-context\data\raw\musiccaps\audio\WW4_c2J79QA_30_40.wav,ok,10.0
WWIT13tTW7c,190,200,False,B:\CSE425_Project\gnn-bert-music-context\data\raw\musiccaps\audio\WWIT13tTW7c_190_200.wav,ok,10.0
WY73T0xaY0A,180,190,True,B:\CSE425_Project\gnn-bert-music-context\data\raw\musiccaps\audio\WY73T0xaY0A_180_190.wav,ok,10.0
WYbD9YUrf_4,80,90,False,B:\CSE425_Project\gnn-bert-music-context\data\raw\musiccaps\audio\WYbD9YUrf_4_80_90.wav,ok,10.0
WYxXUBP_XaM,210,220,False,B:\CSE425_Project\gnn-bert-music-context\data\raw\musiccaps\audio\WYxXUBP_XaM_210_220.wav,ok,10.0
WZd2nT2Afds,30,40,False,B:\CSE425_Project\gnn-bert-music-context\data\raw\musiccaps\audio\WZd2nT2Afds_30_40.wav,ok,10.0
W_979HkE4EI,30,40,False,B:\CSE425_Project\gnn-bert-music-context\data\raw\musiccaps\audio\W_979HkE4EI_30_40.wav,ok,10.0
W_MZo88gzrA,50,60,False,,missing,
W_zgEkvp4xU,140,150,False,B:\CSE425_Project\gnn-bert-music-context\data\raw\musiccaps\audio\W_zgEkvp4xU_140_150.wav,ok,10.0
WaddbqEQ1NE,30,40,True,,missing,
WcC9sKxJ1gI,10,20,False,B:\CSE425_Project\gnn-bert-music-context\data\raw\musiccaps\audio\WcC9sKxJ1gI_10_20.wav,ok,10.0
Wd4T3iTsgrI,10,20,False,B:\CSE425_Project\gnn-bert-music-context\data\raw\musiccaps\audio\Wd4T3iTsgrI_10_20.wav,ok,10.0
Wd5l_FHGWfE,170,180,True,B:\CSE425_Project\gnn-bert-music-context\data\raw\musiccaps\audio\Wd5l_FHGWfE_170_180.wav,ok,10.0
WditOomsdRU,70,80,False,B:\CSE425_Project\gnn-bert-music-context\data\raw\musiccaps\audio\WditOomsdRU_70_80.wav,ok,10.0
Wdl7A3de0L4,120,130,False,B:\CSE425_Project\gnn-bert-music-context\data\raw\musiccaps\audio\Wdl7A3de0L4_120_130.wav,ok,10.0
Wdtku1dqJo0,30,40,True,B:\CSE425_Project\gnn-bert-music-context\data\raw\musiccaps\audio\Wdtku1dqJo0_30_40.wav,ok,10.0
WdxNikVdK-U,410,420,False,B:\CSE425_Project\gnn-bert-music-context\data\raw\musiccaps\audio\WdxNikVdK-U_410_420.wav,ok,10.0
We-bFXFjWaM,30,40,True,B:\CSE425_Project\gnn-bert-music-context\data\raw\musiccaps\audio\We-bFXFjWaM_30_40.wav,ok,10.0
We0WIPYrtRE,30,40,True,,missing,
We9P_UcHNk8,30,40,False,B:\CSE425_Project\gnn-bert-music-context\data\raw\musiccaps\audio\We9P_UcHNk8_30_40.wav,ok,10.0
WeDA1mDFSCo,60,70,True,B:\CSE425_Project\gnn-bert-music-context\data\raw\musiccaps\audio\WeDA1mDFSCo_60_70.wav,ok,10.0
Weu8nsJRMqE,30,40,True,B:\CSE425_Project\gnn-bert-music-context\data\raw\musiccaps\audio\Weu8nsJRMqE_30_40.wav,ok,10.0
WgZ8KAnnTb8,30,40,True,B:\CSE425_Project\gnn-bert-music-context\data\raw\musiccaps\audio\WgZ8KAnnTb8_30_40.wav,ok,10.0
Wgf7UYPVoAo,70,80,True,B:\CSE425_Project\gnn-bert-music-context\data\raw\musiccaps\audio\Wgf7UYPVoAo_70_80.wav,ok,10.0
Wh5JSj89tW8,40,50,False,B:\CSE425_Project\gnn-bert-music-context\data\raw\musiccaps\audio\Wh5JSj89tW8_40_50.wav,ok,10.0
WhEd8h7J0Lk,360,370,True,B:\CSE425_Project\gnn-bert-music-context\data\raw\musiccaps\audio\WhEd8h7J0Lk_360_370.wav,ok,10.0
WhNun_U3cRU,30,40,True,B:\CSE425_Project\gnn-bert-music-context\data\raw\musiccaps\audio\WhNun_U3cRU_30_40.wav,ok,10.0
WhX3jQxHZWc,30,40,True,B:\CSE425_Project\gnn-bert-music-context\data\raw\musiccaps\audio\WhX3jQxHZWc_30_40.wav,ok,10.0
Wh_g-Eiw9Kc,10,20,True,B:\CSE425_Project\gnn-bert-music-context\data\raw\musiccaps\audio\Wh_g-Eiw9Kc_10_20.wav,ok,10.0
WiAFUo2nxIk,30,40,False,B:\CSE425_Project\gnn-bert-music-context\data\raw\musiccaps\audio\WiAFUo2nxIk_30_40.wav,ok,10.0
Wil8e6kBxe8,30,40,True,B:\CSE425_Project\gnn-bert-music-context\data\raw\musiccaps\audio\Wil8e6kBxe8_30_40.wav,ok,10.0
WjPHxUtF9go,30,40,False,B:\CSE425_Project\gnn-bert-music-context\data\raw\musiccaps\audio\WjPHxUtF9go_30_40.wav,ok,10.0
WkkhcwXpYy4,30,40,True,B:\CSE425_Project\gnn-bert-music-context\data\raw\musiccaps\audio\WkkhcwXpYy4_30_40.wav,ok,10.0
WmTDKYYH5OU,180,190,False,B:\CSE425_Project\gnn-bert-music-context\data\raw\musiccaps\audio\WmTDKYYH5OU_180_190.wav,ok,10.0
WmyHFkyiiF8,20,30,True,B:\CSE425_Project\gnn-bert-music-context\data\raw\musiccaps\audio\WmyHFkyiiF8_20_30.wav,ok,10.0
WmyhSRhWh3k,30,40,False,B:\CSE425_Project\gnn-bert-music-context\data\raw\musiccaps\audio\WmyhSRhWh3k_30_40.wav,ok,10.0
Wnl0qbVynL4,30,40,True,B:\CSE425_Project\gnn-bert-music-context\data\raw\musiccaps\audio\Wnl0qbVynL4_30_40.wav,ok,10.0
WoWF7gGzGVY,30,40,True,B:\CSE425_Project\gnn-bert-music-context\data\raw\musiccaps\audio\WoWF7gGzGVY_30_40.wav,ok,10.0
WoXgPQQjcJU,60,70,True,B:\CSE425_Project\gnn-bert-music-context\data\raw\musiccaps\audio\WoXgPQQjcJU_60_70.wav,ok,10.0
Wp5AiCmbQjA,70,80,False,B:\CSE425_Project\gnn-bert-music-context\data\raw\musiccaps\audio\Wp5AiCmbQjA_70_80.wav,ok,10.0
WqC-fx3uNVE,70,80,True,B:\CSE425_Project\gnn-bert-music-context\data\raw\musiccaps\audio\WqC-fx3uNVE_70_80.wav,ok,10.0
Wr5sFgqxLzQ,30,40,True,B:\CSE425_Project\gnn-bert-music-context\data\raw\musiccaps\audio\Wr5sFgqxLzQ_30_40.wav,ok,10.0
WrpWb-Zumnc,210,220,False,B:\CSE425_Project\gnn-bert-music-context\data\raw\musiccaps\audio\WrpWb-Zumnc_210_220.wav,ok,10.0
WsDb16qzA5Q,160,170,True,B:\CSE425_Project\gnn-bert-music-context\data\raw\musiccaps\audio\WsDb16qzA5Q_160_170.wav,ok,10.0
WsaOJT2SsPg,47,57,True,B:\CSE425_Project\gnn-bert-music-context\data\raw\musiccaps\audio\WsaOJT2SsPg_47_57.wav,ok,10.0
WtN6uiDikRM,10,20,True,B:\CSE425_Project\gnn-bert-music-context\data\raw\musiccaps\audio\WtN6uiDikRM_10_20.wav,ok,10.0
Wu-Oh9OJIlI,30,40,True,B:\CSE425_Project\gnn-bert-music-context\data\raw\musiccaps\audio\Wu-Oh9OJIlI_30_40.wav,ok,10.0
Wu3LKQG1fwU,40,50,False,B:\CSE425_Project\gnn-bert-music-context\data\raw\musiccaps\audio\Wu3LKQG1fwU_40_50.wav,ok,10.0
WvEtOYCShfM,60,70,False,,missing,
WvaIypMvAHY,490,500,False,B:\CSE425_Project\gnn-bert-music-context\data\raw\musiccaps\audio\WvaIypMvAHY_490_500.wav,ok,10.0
Wvg5rlMbjJc,10,20,False,B:\CSE425_Project\gnn-bert-music-context\data\raw\musiccaps\audio\Wvg5rlMbjJc_10_20.wav,ok,10.0
Wvh59Y4OzUM,70,80,True,B:\CSE425_Project\gnn-bert-music-context\data\raw\musiccaps\audio\Wvh59Y4OzUM_70_80.wav,ok,10.0
WxgolzWTmO4,150,160,True,B:\CSE425_Project\gnn-bert-music-context\data\raw\musiccaps\audio\WxgolzWTmO4_150_160.wav,ok,10.0
WyGJdstaxK4,30,40,True,B:\CSE425_Project\gnn-bert-music-context\data\raw\musiccaps\audio\WyGJdstaxK4_30_40.wav,ok,10.0
WySgNm8qH-I,30,40,True,B:\CSE425_Project\gnn-bert-music-context\data\raw\musiccaps\audio\WySgNm8qH-I_30_40.wav,ok,10.0
X-uVubaJ3II,60,70,False,B:\CSE425_Project\gnn-bert-music-context\data\raw\musiccaps\audio\X-uVubaJ3II_60_70.wav,ok,10.0
X0MN34Us6eE,30,40,False,B:\CSE425_Project\gnn-bert-music-context\data\raw\musiccaps\audio\X0MN34Us6eE_30_40.wav,ok,10.0
X1KJfb5xhr4,50,60,False,B:\CSE425_Project\gnn-bert-music-context\data\raw\musiccaps\audio\X1KJfb5xhr4_50_60.wav,ok,10.0
X1_RmTiDC4I,30,40,True,B:\CSE425_Project\gnn-bert-music-context\data\raw\musiccaps\audio\X1_RmTiDC4I_30_40.wav,ok,10.0
X28GWrn9LlI,110,120,False,B:\CSE425_Project\gnn-bert-music-context\data\raw\musiccaps\audio\X28GWrn9LlI_110_120.wav,ok,10.0
X2gHQb5ubco,280,290,False,B:\CSE425_Project\gnn-bert-music-context\data\raw\musiccaps\audio\X2gHQb5ubco_280_290.wav,ok,10.0
X6Q53uXgaHc,30,40,False,B:\CSE425_Project\gnn-bert-music-context\data\raw\musiccaps\audio\X6Q53uXgaHc_30_40.wav,ok,10.0
X7LrhZX4rdU,30,40,True,B:\CSE425_Project\gnn-bert-music-context\data\raw\musiccaps\audio\X7LrhZX4rdU_30_40.wav,ok,10.0
X7qFgrAl3OU,70,80,True,B:\CSE425_Project\gnn-bert-music-context\data\raw\musiccaps\audio\X7qFgrAl3OU_70_80.wav,ok,10.0
X96v9LlsjJM,30,40,True,B:\CSE425_Project\gnn-bert-music-context\data\raw\musiccaps\audio\X96v9LlsjJM_30_40.wav,ok,10.0
X9H8FzpVL8s,310,320,False,B:\CSE425_Project\gnn-bert-music-context\data\raw\musiccaps\audio\X9H8FzpVL8s_310_320.wav,ok,10.0
XCQMJXkI5bA,230,240,False,,missing,
XDBxMQrRaFY,30,40,True,B:\CSE425_Project\gnn-bert-music-context\data\raw\musiccaps\audio\XDBxMQrRaFY_30_40.wav,ok,10.0
XE4NRSDLYG8,20,30,True,B:\CSE425_Project\gnn-bert-music-context\data\raw\musiccaps\audio\XE4NRSDLYG8_20_30.wav,ok,10.0
XEIP1OUXU8E,140,150,False,B:\CSE425_Project\gnn-bert-music-context\data\raw\musiccaps\audio\XEIP1OUXU8E_140_150.wav,ok,10.0
XFuw-m2gYOQ,30,40,True,B:\CSE425_Project\gnn-bert-music-context\data\raw\musiccaps\audio\XFuw-m2gYOQ_30_40.wav,ok,10.0
XHczpbtBhk4,0,10,False,B:\CSE425_Project\gnn-bert-music-context\data\raw\musiccaps\audio\XHczpbtBhk4_0_10.wav,ok,10.0
XI-tRuDZ6HA,100,110,False,B:\CSE425_Project\gnn-bert-music-context\data\raw\musiccaps\audio\XI-tRuDZ6HA_100_110.wav,ok,10.0
XI9CNsX6JSE,230,240,False,B:\CSE425_Project\gnn-bert-music-context\data\raw\musiccaps\audio\XI9CNsX6JSE_230_240.wav,ok,10.0
XILyHZyyCik,140,150,False,B:\CSE425_Project\gnn-bert-music-context\data\raw\musiccaps\audio\XILyHZyyCik_140_150.wav,ok,10.0
XJ3VlCAIWQ0,30,40,True,B:\CSE425_Project\gnn-bert-music-context\data\raw\musiccaps\audio\XJ3VlCAIWQ0_30_40.wav,ok,10.0
XJXn88r9ys8,280,290,False,B:\CSE425_Project\gnn-bert-music-context\data\raw\musiccaps\audio\XJXn88r9ys8_280_290.wav,ok,10.0
XKp670Yh0E0,0,10,True,B:\CSE425_Project\gnn-bert-music-context\data\raw\musiccaps\audio\XKp670Yh0E0_0_10.wav,ok,10.0
XM4hxyK-Ddo,30,40,False,B:\CSE425_Project\gnn-bert-music-context\data\raw\musiccaps\audio\XM4hxyK-Ddo_30_40.wav,ok,10.0
XNlFs7Yjauk,40,50,False,B:\CSE425_Project\gnn-bert-music-context\data\raw\musiccaps\audio\XNlFs7Yjauk_40_50.wav,ok,10.0
XOLVI1bgxqk,170,180,False,B:\CSE425_Project\gnn-bert-music-context\data\raw\musiccaps\audio\XOLVI1bgxqk_170_180.wav,ok,10.0
XOsHEjo-RSg,180,190,False,,missing,
XPGtOugQ69U,290,300,False,,missing,
XQB27QPic3k,30,40,True,,missing,
XRQyoAk-Qz0,30,40,False,,missing,
XS-3djsJWTA,360,370,True,,missing,
XUD-9HkQuTE,30,40,True,,missing,
XUzaEsoOlWQ,180,190,False,,missing,
XW6tS4zAZ5E,10,20,False,,missing,
XWVGQbfpA0k,130,140,False,,missing,
XWhmLbnrtd0,160,170,False,,missing,
XWj7nP7kfdQ,280,290,False,,missing,
XXBVsNt2Qr8,30,40,True,,missing,
XXdPZMsrBd4,370,380,False,,missing,
XYOnq7ju7o0,30,40,True,,missing,
XYQnMxWnetY,80,90,False,,missing,
XZurp_Ex9No,30,40,True,,missing,
X_nfMNpw9SA,60,70,True,,missing,
XaUXJG0BZuk,0,10,True,,missing,
XalMIYYgHt0,130,140,False,,missing,
Xaq-segSEsQ,160,170,False,,missing,
XaqVAF-ADWU,10,20,False,,missing,
XcvY-NdM8WA,40,50,True,,missing,
XdBf_omYIO4,30,40,False,,missing,
XdxTZ4-sJvY,260,270,False,,missing,
Xe59DpKa-O4,30,40,False,,missing,
Xf0aZ3a3Toc,0,10,True,,missing,
XfLI8gHCuFE,90,100,False,,missing,
XfLIbeSJSHE,300,310,True,,missing,
XfdySM4X9Xo,30,40,True,,missing,
XgLUXNAC7b8,10,20,False,,missing,
XgOA5oRkL2A,30,40,True,,missing,
XgXOW3lX25Y,110,120,False,,missing,
XhV4zf-Xlmk,170,180,False,,missing,
Ximk6BHj9nE,30,40,False,,missing,
XjGm3Bn4j5k,80,90,False,,missing,
XjUmXwVlDDo,30,40,True,,missing,
XjoRxeEyjz4,30,40,True,,missing,
XjrVSk0_4vc,30,40,True,,missing,
XkBXsaSXDJ0,30,40,True,,missing,
Xl4RSHQsnl8,30,40,False,,missing,
Xm2ciX0_UP8,150,160,False,,missing,
XmMN-6g1L8w,130,140,False,,missing,
Xn0wIqnt_44,220,230,False,,missing,
XnHAH2aPHk0,30,40,False,,missing,
XnMokzAE5kk,30,40,True,,missing,
XoTJkok3FlY,150,160,False,,missing,
Xoke1wUwEXY,160,170,True,,missing,
XpueyrkcMyQ,280,290,False,,missing,
XrjkzI6TVwc,30,40,True,,missing,
XscK8V4Veac,60,70,True,,missing,
XscNEv9tX5U,30,40,False,,missing,
Xsvi5Mgl3qo,70,80,False,,missing,
XtpfZx12hDM,30,40,True,,missing,
Xus0LI3QV2A,30,40,True,,missing,
XvN-qr-WYmw,110,120,False,,missing,
XvtL_TTLXHY,30,40,True,,missing,
XvyaEbEpAMc,30,40,True,,missing,
XwhAoMLNYWQ,30,40,True,,missing,
XxKlsW4H0qo,30,40,False,,missing,
Xxe6vTEwFvs,30,40,True,,missing,
Xy7KtmHMQzU,30,40,True,,missing,
XykUpCigu4w,30,40,True,,missing,
XzRxO8n3WRE,420,430,False,,missing,
XzTBNfQ7_GA,30,40,True,,missing,
XzlDa1dzUh4,0,10,False,,missing,
XzwhTltRQcM,30,40,True,,missing,
Y-qOOR0izlE,102,112,True,,missing,
Y02VBGoTi9w,240,250,True,,missing,
Y0_Ixl1d7oQ,30,40,False,,missing,
Y1ItBiA8nKU,30,40,False,,missing,
Y1gheqplpIg,10,20,False,,missing,
Y3WXrp3JFxU,30,40,True,,missing,
Y5RVYmf3uWc,30,40,True,,missing,
Y6OOFbrzdP8,30,40,False,,missing,
Y7SoAXBFUew,30,40,True,,missing,
Y7mTjfgcybQ,30,40,True,,missing,
Y8ULUSXWTcY,390,400,True,,missing,
Y8plCTF8xsY,20,30,False,,missing,
Y8wHDcVCGa0,100,110,True,,missing,
YAVVMxqtxGE,40,50,False,,missing,
YAYp2E5vMNw,310,320,False,,missing,
YB28WMv7wUE,0,10,False,,missing,
YB_PzRgHOeo,30,40,False,,missing,
YBbvQ0RPrG8,100,110,False,,missing,
YDBxdZchOuM,230,240,False,,missing,
YDh36ZdneAU,180,190,False,,missing,
YE2rN3xknlk,30,40,True,,missing,
YErpnsceZw8,50,60,False,,missing,
YEwikeeqF38,330,340,False,,missing,
YFXSbPFaxcA,30,40,True,,missing,
YFhbrSUb0JQ,10,20,False,,missing,
YGWweVRzFrw,110,120,False,,missing,
YIhfk4Zaevk,30,40,True,,missing,
YJKZVSvz1Bk,100,110,False,,missing,
YK1AEw1kf28,60,70,False,,missing,
YKQMolFL2Rs,30,40,True,,missing,
YLlbLSNxdQ4,200,210,False,,missing,
YMq4wE6KxmQ,30,40,True,,missing,
YNdexakUGOo,180,190,True,,missing,
YNoR-SR5t1s,30,40,False,,missing,
YNv7mzbUUHc,50,60,True,,missing,
YOA1JOyd7cw,30,40,True,,missing,
YODoF8e7Jlk,170,180,False,,missing,
YOG_PPvTvW0,140,150,False,,missing,
YSXrSxC68VM,30,40,False,,missing,
YSrTtw6ku2E,200,210,True,,missing,
YTYj8Bk0qM8,30,40,False,,missing,
YTZK9FNgK74,30,40,True,,missing,
YVEqyQjyy1Q,170,180,False,,missing,
YW4AKwkpYxs,10,20,False,,missing,
YWf3I4jKusI,30,40,True,,missing,
YXDHyD4HU0E,160,170,False,,missing,
YZH-PZBir3E,0,10,False,,missing,
YZvv4hOlNqw,210,220,False,,missing,
YZx0_GRtvJk,250,260,True,,missing,
Y_eh6C0EBP8,0,10,True,,missing,
YbLR6dgY-K4,30,40,True,,missing,
YcWJUHWt-64,0,10,True,,missing,
YcfGSJB1YvQ,430,440,False,,missing,
Ycid0vBwqUg,160,170,False,,missing,
Yd8JBTdUvrw,30,40,False,,missing,
YddV91xnUz4,310,320,False,,missing,
YeIXmKPyTVY,30,40,True,,missing,
YgX85tZf1ts,300,310,True,,missing,
Yiau7DypQi0,60,70,False,,missing,
Yj7YyxKyXPU,60,70,False,,missing,
YjTz5y8DnWo,30,40,False,,missing,
Yk2ZrS0ZS6g,30,40,True,,missing,
YlV45uBUVBc,30,40,True,,missing,
YlgCFc3OvmI,500,510,False,,missing,
YnE5ONaXtLY,80,90,False,,missing,
YpOHemscGCk,0,10,True,,missing,
Ypuv3htJlpg,150,160,False,,missing,
YqAsph_ouRM,100,110,False,,missing,
YqZNMFyPJOQ,240,250,False,,missing,
YrGQKTbiG1g,30,40,True,,missing,
Ysrlv2UlG8A,30,40,True,,missing,
Yt1czlnCUCg,30,40,False,,missing,
YtYjdkTK5oY,0,10,False,,missing,
YuiQRYaF9SA,30,40,True,,missing,
YvFY7xU2kGk,30,40,True,,missing,
YvT7qFbUOO0,50,60,False,,missing,
Yw28B_xflHk,30,40,False,,missing,
YwUa3OS92ZQ,30,40,True,,missing,
YxQzJweGS2c,160,170,False,,missing,
YxkYVsE0UdQ,50,60,False,,missing,
YyHmz1vcob8,0,10,True,,missing,
YyYEzAY2e2I,30,40,False,,missing,
YyZ5bXcMDv4,0,10,False,,missing,
Yz1DrC54UGk,190,200,False,,missing,
YzpzKyzyL0Y,110,120,True,,missing,
Z-G7nL9tiws,240,250,True,,missing,
Z-Vb1Ay-zNA,400,410,False,,missing,
Z0O2r0Dl2T4,120,130,False,,missing,
Z0OTDXtjK9M,210,220,False,,missing,
Z0htOHTOtHY,210,220,True,,missing,
Z19W44ZI15Q,190,200,True,,missing,
Z2c1npe5AYY,30,40,False,,missing,
Z31gI08SMzI,10,20,True,,missing,
Z5x5BLzQKZI,10,20,True,,missing,
Z6q5doznOcI,340,350,False,,missing,
Z7V7Curou7s,30,40,True,,missing,
Z8L3jychP14,30,40,True,,missing,
Z9hnLYpypCU,0,10,True,,missing,
ZAT2_-x59pY,10,20,False,,missing,
ZCKzgf3QD4M,390,400,False,,missing,
ZCR7qJ2IgGI,60,70,False,,missing,
ZE0f_S44O7M,180,190,False,,missing,
ZEN8_GtW_UQ,30,40,False,,missing,
ZEuY5HnECuo,70,80,True,,missing,
ZF8uHVu4Res,160,170,False,,missing,
ZFG9jHrLtBE,70,80,False,,missing,
ZFg6KpT5ehU,90,100,False,,missing,
ZFimyfPWltk,30,40,True,,missing,
ZGfGiVauGL4,0,10,False,,missing,
ZH8VGGvZBok,50,60,False,,missing,
ZHsAU90h8oc,130,140,False,,missing,
ZHzhdhKEjMc,30,40,True,,missing,
ZJHlHb-VyDc,30,40,True,,missing,
ZJZxWLYzNh8,30,40,True,,missing,
ZK3bYlekfm0,310,320,False,,missing,
ZK5M3DZejzk,30,40,False,,missing,
ZKkfCOqLrT0,30,40,True,,missing,
ZLDQ8-8AyI4,30,40,True,,missing,
ZLXW4ewrVpQ,30,40,True,,missing,
ZLxhZcS3Ppw,30,40,True,,missing,
ZM0imDMXuw8,100,110,False,,missing,
ZMd8mAKe-k8,30,40,True,,missing,
ZNGJN30LCwM,30,40,False,,missing,
ZNGvyFsCx4g,30,40,True,,missing,
ZOGMpGQQ3FI,30,40,False,,missing,
ZOKQFjrfbpw,30,40,False,,missing,
ZOzavOPeuJQ,100,110,False,,missing,
ZPK1hSPI540,220,230,False,,missing,
ZQwpXl8qnnk,30,40,False,,missing,
ZSGRzalgx4s,60,70,False,,missing,
ZSHm7FdyxpQ,30,40,True,,missing,
ZSItez9gTyY,0,10,False,,missing,
ZTVMsW1h3bI,30,40,False,,missing,
ZTf9i8y5muo,120,130,False,,missing,
ZU6sI1Plq50,30,40,True,,missing,
ZUcHBeueBww,30,40,True,,missing,
ZUg7rRpFGvA,30,40,False,,missing,
ZUkh168Nyus,40,50,True,,missing,
ZVMIk3xYaYo,20,30,False,,missing,
ZV_ZbmjPpkw,30,40,True,,missing,
ZVvX2-ldhvY,30,40,False,,missing,
ZX2fVPmUidA,30,40,True,,missing,
ZX7EzqMBjfo,160,170,False,,missing,
ZYUAY6EN05Q,30,40,False,,missing,
ZZrvO__SNtA,130,140,False,,missing,
Z_0Ta-m_-hU,110,120,False,,missing,
Z_HT-d8W1_M,30,40,True,,missing,
ZaUaqnLdg6k,30,40,True,,missing,
ZahBai58_Ec,330,340,True,,missing,
ZbdmiykoJm8,70,80,True,,missing,
Zbmm_hXcrA0,160,170,False,,missing,
Zc4rX7nbRW4,190,200,False,,missing,
ZdqPnWEANuI,310,320,True,,missing,
ZfR3_QJF8f4,30,40,True,,missing,
ZfSlWX1C8yY,30,40,True,,missing,
ZgcZPBUKxd8,30,40,True,,missing,
ZgooDijn2as,30,40,True,,missing,
ZhafwFYgltI,60,70,True,,missing,
Zhurw43-Y1g,30,40,True,,missing,
ZiHlhUvmgzQ,30,40,True,,missing,
ZkGQhIbEDrs,30,40,False,,missing,
ZkfKOLp5SxU,130,140,True,,missing,
ZkmtfBzpQlI,20,30,False,,missing,
Zlbo8ygfPSM,30,40,True,,missing,
ZleHXDirD58,80,90,False,,missing,
ZmgkpmzvL6c,30,40,True,,missing,
Zmtw8tP-KFo,330,340,False,,missing,
ZnBvXFDWpWo,50,60,False,,missing,
Zo9xROGuV3k,30,40,False,,missing,
ZoAfkpmztww,510,520,True,,missing,
ZocCGcJcGJE,30,40,False,,missing,
Zon9WGTwAME,210,220,True,,missing,
Zq92ED3IvLQ,120,130,False,,missing,
ZqnbgQeeRbM,30,40,True,,missing,
Zs3arUuPciY,240,250,True,,missing,
ZsmfIMEzrQs,30,40,True,,missing,
ZsmxO0wnqdQ,30,40,True,,missing,
Zt8x7tvP9Qs,30,40,True,,missing,
ZtcHktwEfAU,0,10,False,,missing,
Ztlcnd14Kn4,30,40,True,,missing,
ZwLfj7tvpdc,110,120,False,,missing,
ZwfzBagtpV0,30,40,True,,missing,
Zxyfhub6nV4,80,90,True,,missing,
Zy4uiiy0qgA,60,70,True,,missing,
Zy_YSROQmlE,170,180,False,,missing,
Zz1Bz1a7yPE,30,40,True,,missing,
ZzyWbehtt0M,30,40,False,,missing,
_-kssA-FOzU,300,310,True,,missing,
_0-2meOf9qY,10,20,False,,missing,
_1woPC5HWSg,30,40,True,,missing,
_2P_EJsnBls,80,90,False,,missing,
_2wFjBoreaY,90,100,False,,missing,
_3GnNMrDuCs,150,160,False,,missing,
_3OlK_1yQOk,30,40,True,,missing,
_43OOP6UEw0,30,40,True,,missing,
_5fwnVeZbvI,80,90,False,,missing,
_5w5TVK5B90,370,380,False,,missing,
_6C2ffY_-mc,30,40,False,,missing,
_78P-0zWJtg,420,430,True,,missing,
_8OIugVSFeE,100,110,False,,missing,
_94ra2KoZGo,520,530,False,,missing,
_9OUh0uwDec,210,220,True,,missing,
_ACyiKGpD8Y,60,70,False,,missing,
_ALGXHquYkM,30,40,True,,missing,
_AVegKwklcg,30,40,False,,missing,
_AjXY9cHCxA,150,160,False,,missing,
_DHMdtRRJzE,140,150,False,,missing,
_G3lYKAITu8,490,500,False,,missing,
_GQnXfIGNKY,150,160,False,,missing,
_GjHL0FkYoY,120,130,False,,missing,
_GxqvILlmAw,30,40,True,,missing,
_HXMIdSiOMA,30,40,True,,missing,
_HfaIP9e0ww,40,50,False,,missing,
_IP6zlayY7k,30,40,False,,missing,
_IkLUOsNHAA,0,10,True,,missing,
_JTHtcRHxnw,300,310,False,,missing,
_KGUrOb1qgU,60,70,True,,missing,
_KYo_89lgf0,80,90,True,,missing,
_KaRkSyELy4,490,500,False,,missing,
_MjbdUaJcik,190,200,False,,missing,
_R9Ma9rjEWg,30,40,True,,missing,
_RLsXrr0fQo,80,90,True,,missing,
_Ra1Y6K7nSs,0,10,False,,missing,
_Rpn2FUAUgY,20,30,False,,missing,
_RrA-0lfIiU,30,40,True,,missing,
_Slo8QXYOp8,0,10,False,,missing,
_VmCPixy9GQ,50,60,False,,missing,
_WYwB1qRgLM,10,20,False,,missing,
_XrolyeJXDw,30,40,False,,missing,
_b-7P-XsnUI,490,500,True,,missing,
_b5n-mny1lM,30,40,True,,missing,
_cf0WYQcNvk,570,580,False,,missing,
_cg_IfaD1C0,30,40,True,,missing,
_dF-ZGquRNY,40,50,False,,missing,
_fKntnlIYTQ,30,40,True,,missing,
_gWEpDgPAho,100,110,True,,missing,
_h2rFVPCSPE,30,40,True,,missing,
_hYBs0xee9Y,30,40,True,,missing,
_kPmYc1nXuQ,30,40,False,,missing,
_lq8nEXh064,30,40,True,,missing,
_m-N4i-ge28,30,40,True,,missing,
_mQ6KuA2p6k,40,50,True,,missing,
_miAGxDX5FM,160,170,False,,missing,
_n3r2inlqBc,520,530,True,,missing,
_n9boKzVRhs,30,40,True,,missing,
_nrz_BawPMY,160,170,False,,missing,
_oNLyxk08oA,30,40,False,,missing,
_pU2KbHMN4Q,30,40,False,,missing,
_qP21HqOmA0,30,40,True,,missing,
_qf0UiKtB3k,30,40,False,,missing,
_u2cNlW5DxQ,160,170,False,,missing,
_vwBe9ZXWXE,10,20,False,,missing,
_wyELLqwF3w,30,40,False,,missing,
_x4a974Pl-A,150,160,False,,missing,
_xC7IXGWlk4,170,180,False,,missing,
_xURU_-ffC4,250,260,False,,missing,
_y07ENAx2_E,130,140,False,,missing,
_yRFCl-z-EE,190,200,True,,missing,
_yWsqs9FOnU,10,20,True,,missing,
_yXtw_z2xf4,40,50,True,,missing,
_yzcCFe-uo0,30,40,False,,missing,
_zQTlTCqMzs,130,140,False,,missing,
a-11dtG7aK4,110,120,False,,missing,
a-3cZREZh3k,400,410,True,,missing,
a-P0p_UtagM,30,40,False,,missing,
a2QxlP5DAYQ,180,190,True,,missing,
a2Wuroc8DQU,30,40,True,,missing,
a4BjqKd8FsI,160,170,True,,missing,
a4jcJ7QZ-OQ,150,160,True,,missing,
aBEiuYSSEH0,550,560,False,,missing,
aBXntqgPo6Q,40,50,True,,missing,
aC3IBcRNyro,30,40,False,,missing,
aCA4yiPfFIg,10,20,True,,missing,
aCTm1TcL7z8,30,40,False,,missing,
aCUZuMblJPg,80,90,True,,missing,
aDlWOvCdNMk,30,40,False,,missing,
aE_CVWMWK74,390,400,True,,missing,
aGMdcxeF6Ak,270,280,False,,missing,
aHZdDmYFZN0,380,390,False,,missing,
aIIEI33EUqI,30,40,False,,missing,
aItOEVYnpHA,30,40,True,,missing,
aJHv6TV7JpY,30,40,True,,missing,
aKhM6zyL--k,330,340,False,,missing,
aLnBwjLUZao,100,110,False,,missing,
aNJEh3_Vmps,30,40,False,,missing,
aNjtfIoVzas,0,10,False,,missing,
aO0QzRPiEC4,30,40,True,,missing,
aOGNUGgTQ8k,210,220,True,,missing,
aPAa2sfhS7k,460,470,False,,missing,
aPQTrv2B1sw,250,260,True,,missing,
aPafZ1Mx-BE,40,50,True,,missing,
aQdZtz90Yzw,140,150,False,,missing,
aRGAnD12qdw,40,50,False,,missing,
aSyRV5j2zV4,320,330,False,,missing,
aT7LGemDB40,30,40,True,,missing,
aTeOMq8ave8,30,40,True,,missing,
aUH12rRIVDw,30,40,True,,missing,
aURLQXt_6fE,40,50,False,,missing,
aUXKK9AmrPU,30,40,True,,missing,
aUvHaURNgY8,50,60,True,,missing,
aUx0xMF9pwU,20,30,True,,missing,
aVNcweinmEM,60,70,False,,missing,
aW6greyYuO4,50,60,True,,missing,
aWK9CcvOK9w,170,180,True,,missing,
aXDgw2fLHAA,70,80,False,,missing,
aY8-pXDdwiw,190,200,True,,missing,
aYoRcnmz6ZE,30,40,True,,missing,
aYrjw3gjGuk,30,40,True,,missing,
a_r8wKJ8ePw,30,40,False,,missing,
ab8V7MYQVyg,190,200,False,,missing,
acEHGV7Gq6U,30,40,True,,missing,
ac_8oRMgDz0,110,120,False,,missing,
ad6UhYwTXXQ,30,40,True,,missing,
ad6gQQ_0evk,30,40,True,,missing,
adHhqDnyZv8,100,110,False,,missing,
adYFXYPqo2M,30,40,True,,missing,
aeDZVfGk7bk,0,10,False,,missing,
aek3GoFr5MI,50,60,False,,missing,
aeujZtBvMFY,320,330,False,,missing,
afavVsmFWds,30,40,True,,missing,
afb7pI_01O4,40,50,True,,missing,
agK1OkzW5Yg,30,40,False,,missing,
agw-ujSdX0A,30,40,False,,missing,
aiJj3Z6pu9s,0,10,True,,missing,
ajy9PM2SJ6c,190,200,True,,missing,
ak7R0_8aKwI,40,50,True,,missing,
ao-TFiShaWU,120,130,True,,missing,
ap7xvCBtljs,30,40,True,,missing,
apA0IY_5-2g,40,50,False,,missing,
aq3vov8-fw8,30,40,True,,missing,
aqhhfkXKJ1o,10,20,True,,missing,
ar4YQ_DOcyk,80,90,False,,missing,
argBwTHDDVI,370,380,False,,missing,
aryufzYGhbM,30,40,True,,missing,
as7MhTe961k,170,180,True,,missing,
asT8yaJPP1s,30,40,True,,missing,
asYb6iDz_kM,180,190,False,,missing,
atWaDoSyGgY,10,20,False,,missing,
aupCwPVWsMo,30,40,True,,missing,
av-1Ih0S82s,30,40,True,,missing,
awax48X8YlU,30,40,True,,missing,
ax8hXst_b5g,100,110,True,,missing,
axb48YrvRmw,30,40,True,,missing,
axqtExFY5-s,30,40,False,,missing,
azyNUtTHvaE,30,40,True,,missing,
b-7oO1Rw-fo,50,60,False,,missing,
b-Cr0EWwaTk,140,150,False,,missing,
b-Y-AjW6MJ0,0,10,False,,missing,
b0dVykd2i6g,240,250,False,,missing,
b12xqPnM0So,140,150,False,,missing,
b1j-hD9zs6Q,50,60,True,,missing,
b2-izZk5_BM,90,100,False,,missing,
b2XAPiRUoN4,30,40,False,,missing,
b4FomUpNaJE,30,40,True,,missing,
b62RgDBmly8,30,40,True,,missing,
b6hr31Qaemg,130,140,False,,missing,
b8cgQBzBXi8,30,40,True,,missing,
b8okzVltB5Q,30,40,True,,missing,
b98BJ36K1wo,200,210,False,,missing,
b9rgWct9ivI,110,120,True,,missing,
b9yT3nGcD_I,30,40,True,,missing,
bAJrcYJgllE,30,40,True,,missing,
bBGcQ2-W768,30,40,False,,missing,
bBfi3iEu9fk,160,170,True,,missing,
bBy0NCoCEHc,540,550,False,,missing,
bHNdoIWxXDk,200,210,True,,missing,
bHiRX6QYwEk,150,160,True,,missing,
bJ6e9Ja1ahQ,30,40,True,,missing,
bJVogLOURmc,30,40,False,,missing,
bKS_m7JObxg,30,40,True,,missing,
bKm2_67xtVs,80,90,False,,missing,
bLjOJRg2P_Q,100,110,True,,missing,
bNW18IztiZY,30,40,True,,missing,
bNvp4y9WSGM,30,40,True,,missing,
bOOJRGRy0zc,30,40,True,,missing,
bPWbeWf5xNI,160,170,False,,missing,
bPYbRSI16IY,0,10,False,,missing,
bQ9vpp_yXvk,30,40,False,,missing,
bSX5-VPL8rE,80,90,False,,missing,
bTLgeqCaYMY,0,10,True,,missing,
bTVl2GeNfqI,150,160,True,,missing,
bTlp5Qr99RY,30,40,False,,missing,
bTuKGXDrqdQ,30,40,True,,missing,
bVc7-sZAi6s,30,40,True,,missing,
bVtHAk5w2Z8,30,40,False,,missing,
bY_EvbARc5Y,30,40,True,,missing,
bYwoYjbPm-I,30,40,True,,missing,
bZJoTauRldE,0,10,False,,missing,
bZXQlQnleL4,10,20,False,,missing,
bZuXMxR2S4U,40,50,True,,missing,
ba3QPheW8mI,170,180,True,,missing,
ba5xPgcHN_0,30,40,True,,missing,
bciw4Tqp6h4,80,90,False,,missing,
bcybO-SMY5E,30,40,True,,missing,
bf8JlTKzOs8,30,40,False,,missing,
bg_QoesbfOA,70,80,False,,missing,
bha-d3HXdMI,60,70,True,,missing,
bkQrvXXIRng,40,50,False,,missing,
bkXrQyDbKtk,0,10,False,,missing,
bkYWnzw_5Bs,30,40,True,,missing,
bkzGHRpx5MM,30,40,True,,missing,
bl-eQ8XD5CY,30,40,True,,missing,
bl8PgmZ9iOc,30,40,False,,missing,
blsYgo-B1k8,30,40,True,,missing,
bm5IT7e2vvI,120,130,True,,missing,
bmVd2Zj8_Cc,60,70,True,,missing,
bpKbpKZB0Q0,30,40,True,,missing,
bpaq5wQKOkU,400,410,True,,missing,
bpwO0lbJPF4,20,30,True,,missing,
bqMgL5qmZ-k,30,40,True,,missing,
bqPCtwibgPg,440,450,True,,missing,
bqeVxA97TQU,120,130,False,,missing,
bqvl7IbPteU,30,40,True,,missing,
br4A2uNud50,200,210,False,,missing,
brEMnFXsTqo,30,40,True,,missing,
bsz_enSJSVk,10,20,False,,missing,
bt7rDryN7G4,30,40,True,,missing,
bt8iHoIf2mo,40,50,True,,missing,
bwHPVG6vbNQ,20,30,True,,missing,
bxF2vxTzlvo,180,190,False,,missing,
bxZeGrM_0ac,400,410,False,,missing,
bxoJOfGx3hM,90,100,True,,missing,
by57LpTlGbs,20,30,False,,missing,
bzOeufhFITk,30,40,True,,missing,
bztxC9EFfCk,20,30,True,,missing,
c-85TtcfVSI,30,40,False,,missing,
c-8SLUH5pp4,30,40,True,,missing,
c1hLduV1p88,30,40,True,,missing,
c2akbbdS7I4,30,40,True,,missing,
c3T1gWSVp6c,140,150,False,,missing,
c4ftOyl3j_Y,40,50,True,,missing,
c5NGOcNyF4g,70,80,False,,missing,
c6Fiz5IznkU,30,40,False,,missing,
c7IL4fDqs_I,70,80,True,,missing,
c8gD6153aNI,80,90,False,,missing,
c8uE3Q8p9Jo,50,60,True,,missing,
c9JyKnsegog,0,10,True,,missing,
c9h4p6325Xo,30,40,True,,missing,
c9tRbWSk7c4,30,40,True,,missing,
cADT8fUucLQ,30,40,True,,missing,
cBd0yZ27dtA,50,60,True,,missing,
cCyfADwHiWs,70,80,True,,missing,
cF7317DK0NQ,80,90,False,,missing,
cFIZraIPAXE,250,260,False,,missing,
cG1dpyC8gV4,10,20,False,,missing,
cGUhG5PZp0A,30,40,True,,missing,
cGorUmWMrwo,30,40,False,,missing,
cGrQw46ftj0,210,220,False,,missing,
cHGziT0hrZU,30,40,True,,missing,
cHMDIt3-TsE,30,40,False,,missing,
cJ80eZY03Yg,200,210,False,,missing,
cJD5JFWnxNo,30,40,False,,missing,
cKmK-nFdMXM,30,40,True,,missing,
cLIump75aC0,30,40,True,,missing,
cMhajmOBr0c,210,220,False,,missing,
cOgNXgF21u4,30,40,True,,missing,
cOsm3r-xKEE,490,500,False,,missing,
cQWJeYfyw8Y,110,120,False,,missing,
cQX-WgT0ACQ,20,30,False,,missing,
cQpK9zs_uv0,220,230,False,,missing,
cS2gRhH6it4,560,570,True,,missing,
cSBRb4KF5xs,10,20,False,,missing,
cT-KZPVpU9M,310,320,False,,missing,
cTJqIkSuf6s,30,40,False,,missing,
cTzJlLzN-xU,30,40,True,,missing,
cWOohqFud6g,30,40,True,,missing,
cWvkOY6OKss,220,230,False,,missing,
cX926M1_LqM,30,40,False,,missing,
cXEJWtj2kT8,30,40,True,,missing,
cY3g6N5Sokk,10,20,True,,missing,
cYRsnYEPIiM,30,40,True,,missing,
cYSW6Y884dA,180,190,False,,missing,
c_a74UO2ftg,330,340,True,,missing,
ca-rGWC4xPc,30,40,True,,missing,
caFMauLQvd4,160,170,False,,missing,
cabjr3xtcR4,270,280,False,,missing,
cbq6Q2htPRM,30,40,True,,missing,
ccsgja0XsWE,250,260,False,,missing,
cd5BIQoHyPI,70,80,True,,missing,
cdIvqn14xgI,30,40,True,,missing,
cdUk-F-5NCI,300,310,False,,missing,
ce03XKuyDtk,220,230,False,,missing,
cf-IIqhveKw,370,380,True,,missing,
cfeTMVWFHLo,0,10,False,,missing,
chfTjqlrFQQ,30,40,False,,missing,
chw8sAKOM5k,210,220,True,,missing,
chwqnnaiYXw,30,40,False,,missing,
ciJOulWFhfA,30,40,True,,missing,
cjTrK-kA6x0,190,200,False,,missing,
ckOe-8qdaew,50,60,True,,missing,
clefr8E-iZQ,30,40,True,,missing,
cm62raVagEE,60,70,True,,missing,
cmJj7SxQEp8,0,10,False,,missing,
cn-SilfYLZo,20,30,False,,missing,
cnmedj0fYTQ,10,20,True,,missing,
cnvmLwFZr28,80,90,True,,missing,
coG_EznBmzE,30,40,True,,missing,
colnyHv9CAA,30,40,False,,missing,
cor2HckYTE8,0,10,True,,missing,
cp8t27oT_ww,0,10,True,,missing,
cqeVEFFzz7E,110,120,True,,missing,
cqolOXDF86g,30,40,True,,missing,
crToMuDxmL8,50,60,True,,missing,
cs-zcTX2tRA,170,180,True,,missing,
ctJI7pCbxAo,290,300,False,,missing,
cu0k3Uclp1I,180,190,False,,missing,
d-AcpHG7OjU,30,40,False,,missing,
d-KxsdWX9xE,20,30,True,,missing,
d0Uz_RnRV88,460,470,True,,missing,
d1VB1vA-UsI,220,230,True,,missing,
d1nz5tZckSA,280,290,True,,missing,
d20qTsF6ll8,20,30,False,,missing,
d2gHgzfC-Oo,30,40,True,,missing,
d352jaSSiFw,30,40,True,,missing,
d6-bQMCz7j0,30,40,True,,missing,
d61plJ66vE8,110,120,False,,missing,
d6nURbq86zM,30,40,False,,missing,
d6w3d9S1LVM,210,220,False,,missing,
d9Oa-2_r2j0,30,40,True,,missing,
d9r_kYpOvW8,30,40,False,,missing,
dAAwzwexvUQ,30,40,True,,missing,
dBAeAk7dXnU,30,40,True,,missing,
dCCh6POPUeA,130,140,False,,missing,
dDKUjMHerLs,50,60,False,,missing,
dEc7tV30KJo,30,40,True,,missing,
dHDosntsNho,560,570,False,,missing,
dHGAXJ9RPJs,30,40,True,,missing,
dIPW9gLGSx8,30,40,True,,missing,
dKJk3JavNzo,30,40,False,,missing,
dLUobee5JEs,70,80,True,,missing,
dMAp3dvs3kE,170,180,True,,missing,
dMfKImuNJjA,160,170,False,,missing,
dNK9bD3LNCc,60,70,True,,missing,
dNOHIxD0j_Q,160,170,True,,missing,
dNQh2iLVAoY,40,50,False,,missing,
dO3VsX4rKNc,30,40,True,,missing,
dPCj4WhTZ3c,40,50,False,,missing,
dPM24O4my-Q,0,10,True,,missing,
dS8AZdmn8Wk,560,570,False,,missing,
dSJpZQ8u_xY,300,310,True,,missing,
dSs4xfvATjc,30,40,True,,missing,
dSyue3RJllA,30,40,False,,missing,
dT7uHHQEYHQ,150,160,False,,missing,
dTVkk4GSmNA,140,150,True,,missing,
dTsOP7Nfnpg,20,30,True,,missing,
dUhE6H72Qpg,540,550,True,,missing,
dUlQepCYXgw,460,470,False,,missing,
dVUgd8ot6BE,130,140,True,,missing,
dW4eW0Xreik,30,40,True,,missing,
dYVy7moyQCc,30,40,False,,missing,
dakJh2CdT9Q,20,30,False,,missing,
dalyCstquy8,150,160,False,,missing,
darQBSIlol8,30,40,True,,missing,
dbBlYyaFKTQ,30,40,False,,missing,
dbenNuhAW_I,150,160,False,,missing,
dbftWJH0OvA,30,40,False,,missing,
dbldb9tq8ng,30,40,True,,missing,
dcY062mkf9g,130,140,False,,missing,
dcgwxlK3VVk,30,40,True,,missing,
deIj55UAxeo,30,40,True,,missing,
dh9XweTn6rI,30,40,True,,missing,
diSfkEkTVkE,160,170,False,,missing,
dj-DWiV1z9g,50,60,False,,missing,
dkGXJ6BlCd4,30,40,True,,missing,
dl1ljByerd8,90,100,False,,missing,
dlhlQKTz3Vs,330,340,False,,missing,
doHRurF8bf8,500,510,False,,missing,
doX8FjlNPf8,30,40,True,,missing,
doab948Y_X4,30,40,True,,missing,
dqJSTTS7HTY,30,40,True,,missing,
dqQgzsNpwoQ,30,40,False,,missing,
dql-sQqgVXI,10,20,True,,missing,
drJaSu3AWhQ,60,70,False,,missing,
drqKxGmdf8Y,30,40,False,,missing,
dsU3B0W3TMs,30,40,True,,missing,
dsVzafZik3c,90,100,False,,missing,
dsf3agfkJDY,40,50,True,,missing,
dsibOgkezN8,30,40,True,,missing,
duMRKOb4E2w,30,40,False,,missing,
dvDSgmqbrM0,190,200,True,,missing,
dw4YwJppiec,30,40,False,,missing,
dwAo0dKCyBI,30,40,True,,missing,
dwFtlQLdbq0,130,140,True,,missing,
dwSj0Rr3vFc,110,120,True,,missing,
dy_yFZ6dL34,130,140,True,,missing,
dzPPmuFUicc,30,40,False,,missing,
dzW5M4sCphI,90,100,False,,missing,
dztizAgcQ08,30,40,True,,missing,
e1KHGfMekek,30,40,True,,missing,
e1PG31QlQmc,80,90,False,,missing,
e1sWvJsGOAc,300,310,False,,missing,
e2tZmQI8ICw,230,240,True,,missing,
e4EwrAN6lvU,340,350,False,,missing,
e4R2O7XpIXU,0,10,True,,missing,
e4abjaPD9R0,270,280,False,,missing,
e57SBRbMXbI,80,90,True,,missing,
e5SK6olIYcY,70,80,False,,missing,
e6lTl9JIW5Y,40,50,False,,missing,
e7WPFeDPFB4,30,40,True,,missing,
e8wnUU5pIWE,30,40,True,,missing,
e8xkukid_2o,30,40,True,,missing,
e9ptOl22Duc,10,20,False,,missing,
eAFKjP7o1as,30,40,False,,missing,
eBF0zRHCbZE,30,40,True,,missing,
eBlyC9bJacs,40,50,True,,missing,
eCyMTN6Hg5k,140,150,False,,missing,
eHeUipPZHIc,70,80,True,,missing,
eI4PbSh6g_Y,30,40,True,,missing,
eISYX9koocM,30,40,False,,missing,
eJFZuX0WHgk,70,80,False,,missing,
eM0PkfqGmIE,30,40,True,,missing,
eOmQbJljnqE,580,590,True,,missing,
eQHQWb6FCio,60,70,True,,missing,
eQTK2fo3RoE,30,40,True,,missing,
eRiGPyewJpI,130,140,False,,missing,
eSIxvnEQ6R0,420,430,False,,missing,
eSesh6vnek8,230,240,True,,missing,
eSsadT6mh7g,120,130,False,,missing,
eStzDzEopDI,30,40,True,,missing,
eUZ-v8GEcNk,30,40,True,,missing,
eVjcfdxSFKQ,550,560,False,,missing,
eW8se7t0s-U,30,40,True,,missing,
eWGGj4duzIo,110,120,True,,missing,
eWNERam16Hg,230,240,False,,missing,
eWSA0xubW7I,140,150,False,,missing,
eWqD_VOympU,30,40,True,,missing,
eWwWwoQLtVg,30,40,True,,missing,
eX1Hynef5Rc,0,10,False,,missing,
eXWBC3XfiXY,30,40,True,,missing,
eXrJL1VUQNE,130,140,True,,missing,
eYngZ5It0b8,30,40,True,,missing,
eZ8yopmYtPM,30,40,True,,missing,
eZC1AP_JjXM,30,40,False,,missing,
eZE0RmJESFU,140,150,True,,missing,
eZNnuRvrZDU,30,40,True,,missing,
eZrrzGgTpfk,100,110,False,,missing,
e_W17jp40G4,30,40,True,,missing,
eayGg2OlHOw,10,20,True,,missing,
ecS6SJGkhIw,40,50,False,,missing,
echeYDYFhlY,30,40,False,,missing,
ed-1zAOr9PQ,390,400,True,,missing,
edKvAj0fYxQ,30,40,True,,missing,
eezaOfrLOkM,90,100,False,,missing,
efTVnvwI2PQ,240,250,True,,missing,
ehJKd9HLA04,370,380,False,,missing,
eiFyXXqd9Rk,30,40,True,,missing,
eiUjc4UPnSs,30,40,True,,missing,
eiyyoUt64Zc,100,110,True,,missing,
em7akjDUsWk,30,40,True,,missing,
emDU4QvdwVk,230,240,True,,missing,
emP2Sg9QEg4,90,100,True,,missing,
en0haa37gnk,30,40,False,,missing,
en56uOGTwzg,0,10,False,,missing,
entThp930cw,30,40,False,,missing,
erHadqauC8A,30,40,False,,missing,
esIzFH7vYLY,60,70,True,,missing,
etmmUjsRNRs,30,40,True,,missing,
euAQCWBX6ns,40,50,True,,missing,
evG8CQRCdV8,30,40,True,,missing,
ev_YCCuGVSs,30,40,False,,missing,
evscfdO-oSY,30,40,True,,missing,
evy2azZk3kE,40,50,False,,missing,
ew-7SwLcHBg,70,80,True,,missing,
ewI4q7_4TBQ,30,40,True,,missing,
exD5okdopWc,60,70,False,,missing,
eyFBIA_HOmE,30,40,True,,missing,
eyY6f4iQDH4,80,90,False,,missing,
ezayBI_xOVk,30,40,True,,missing,
f1NV9qTjOv8,90,100,False,,missing,
f1UMPPWbCrU,350,360,False,,missing,
f1_YKSYgtbI,30,40,True,,missing,
f3l6KnC8930,30,40,True,,missing,
f4jW2H6V7gk,30,40,False,,missing,
f5eMUCSZCjc,90,100,True,,missing,
f6H0TMWDaZg,30,40,True,,missing,
f6wrXzvByrg,30,40,True,,missing,
f7OQTtTdgrA,0,10,False,,missing,
f8QGA4vN6HY,0,10,False,,missing,
f8fUFmjqXZo,30,40,True,,missing,
f8nysknTFUo,30,40,True,,missing,
fAHYe-qmFnU,0,10,True,,missing,
fAfk9yrGhWw,200,210,True,,missing,
fBEGBuO3RXg,30,40,True,,missing,
fD1xB9lDbPQ,30,40,False,,missing,
fDMbNCdGXBc,30,40,False,,missing,
fE7tbn6Fnw4,60,70,False,,missing,
fEFeRM5bT8o,140,150,False,,missing,
fEHsR679g1M,30,40,True,,missing,
fESsP6ZnVKA,20,30,True,,missing,
fEfe8jznp5Q,30,40,True,,missing,
fFYMsrMGQtU,30,40,False,,missing,
fH9CY48sfJY,330,340,True,,missing,
fHNAxa0QaOM,30,40,True,,missing,
fJ6ZeWYfLjA,380,390,False,,missing,
fKni4PUSxu4,0,10,False,,missing,
fM8elJ4jkic,30,40,False,,missing,
fPIG7nrpgec,10,20,False,,missing,
fPYeqTFc3IQ,50,60,True,,missing,
fPYxUa1ZVAY,30,40,False,,missing,
fQiSoVDFRjo,30,40,True,,missing,
fRpJfrfjoZo,30,40,True,,missing,
fSJ4qAPHaVM,30,40,True,,missing,
fTGZEmn3BY4,30,40,False,,missing,
fU9woCZqemw,40,50,False,,missing,
fUC45bzOOJw,30,40,True,,missing,
fWfQxB2pVrc,30,40,False,,missing,
fWu8vVSSkNQ,160,170,False,,missing,
fWwV7o4VjEQ,30,40,True,,missing,
fWypK9RHJJI,30,40,True,,missing,
fX8A5Uxc8R0,150,160,True,,missing,
fXhN3_gGpQw,30,40,True,,missing,
fYk2U9yJvps,30,40,True,,missing,
fYvUB-qy4IM,10,20,False,,missing,
fZjQBgPD1Ys,30,40,True,,missing,
fZyq2pM2-dI,30,40,True,,missing,
f_NR19LpA_E,0,10,False,,missing,
fa0lR26K23E,450,460,True,,missing,
fcpVyvn5vKk,170,180,False,,missing,
fe10sxFSz_I,0,10,False,,missing,
feC0L9MtghM,190,200,True,,missing,
fer_4HvG3aY,30,40,True,,missing,
fgCTFyzKQtk,30,40,True,,missing,
fhWzjWZqzvs,20,30,True,,missing,
fhs7AkJsYao,30,40,True,,missing,
fiAcNMpd2vM,270,280,False,,missing,
fjj9NJX8GB0,400,410,True,,missing,
fjxD32KIHgE,30,40,False,,missing,
fkgaF6Oj5Q4,30,40,True,,missing,
flLjMZMydXc,30,40,True,,missing,
fmHbWq-7-iQ,160,170,False,,missing,
fow1TC_MpHs,130,140,True,,missing,
fp0oCFL6w4o,160,170,False,,missing,
fpVlYpgTKZI,30,40,True,,missing,
fpbtmY9VfCw,230,240,False,,missing,
fpdgtpBOh-c,40,50,False,,missing,
frqnZb8Ssjo,90,100,False,,missing,
fsTVRca31nI,30,40,True,,missing,
fsXQHyg5qDI,120,130,False,,missing,
fsXfBoNcLeM,30,40,True,,missing,
ftKCLRd9_no,80,90,False,,missing,
ftaHv79hRoY,30,40,True,,missing,
fvTh5m9RHZw,90,100,False,,missing,
fvhbI-7e89s,10,20,True,,missing,
fvpDYGzdRmo,120,130,False,,missing,
fvw3Bi0GONA,30,40,True,,missing,
fwXh_lMOqu0,330,340,False,,missing,
fw_cFbj9eHQ,270,280,False,,missing,
fxdWwzdeY_o,30,40,True,,missing,
fxznho_kNPY,90,100,False,,missing,
fyLctn3jNUs,160,170,False,,missing,
g-9SK0or81c,30,40,True,,missing,
g-ZOluGhMoA,270,280,False,,missing,
g-ghr5fAVpE,30,40,True,,missing,
g0AXzsecS5M,40,50,False,,missing,
g0WLA0BKxOc,240,250,True,,missing,
g0aOPWwNMFQ,80,90,False,,missing,
g0scnRzoo9M,30,40,True,,missing,
g2H8i_TuhgI,30,40,False,,missing,
g4xhZgKwiNo,30,40,True,,missing,
g6f-LxiT9Eo,30,40,True,,missing,
g75kz9ffcg0,30,40,True,,missing,
g8USMvt9np0,10,20,True,,missing,
g8XTU3OalGs,320,330,False,,missing,
gAQiARaliPA,150,160,False,,missing,
gAURHUoIK0M,30,40,True,,missing,
gBuLpP4klvI,30,40,True,,missing,
gCSShNsw-_A,20,30,False,,missing,
gD6UoStqCsg,40,50,True,,missing,
gDm4IphrlYg,320,330,True,,missing,
gDnJoHpSL4M,40,50,True,,missing,
gDzi8N3BYMw,30,40,True,,missing,
gEYTdeQiFv8,30,40,False,,missing,
gEvCUcZ6w88,30,40,True,,missing,
gFxLnprPgv4,30,40,True,,missing,
gHWMKew9Xq0,30,40,True,,missing,
gI-ovjTWBzo,340,350,False,,missing,
gIFg6jvXgb4,500,510,False,,missing,
gIQ4QrKXjCc,130,140,False,,missing,
gMgN50wSnNc,200,210,False,,missing,
gNjeps3EbJA,30,40,True,,missing,
gNpzuFPu6q8,50,60,False,,missing,
gOhONZR_F7c,30,40,False,,missing,
gRGiTueWUVI,340,350,False,,missing,
gRn6OjQf2ZQ,30,40,True,,missing,
gTO00a-LFYs,10,20,True,,missing,
gTX4SG70cEY,230,240,False,,missing,
gVMoI2ukbtc,30,40,False,,missing,
gW33LYEvoaw,140,150,False,,missing,
gWRfk8nCcPs,150,160,True,,missing,
gX9OuOKLLTQ,70,80,False,,missing,
gXOyw8a4_Xs,30,40,True,,missing,
gXzqZIoM5g8,150,160,True,,missing,
g_bgmnJ1b_g,30,40,True,,missing,
gb8PG-5i5YI,510,520,False,,missing,
gcdqffsCWI8,30,40,False,,missing,
gdtw54I8soM,0,10,True,,missing,
gfIqYbQQq10,0,10,False,,missing,
gffng5G4X4w,270,280,False,,missing,
ggBivmG6yHQ,250,260,True,,missing,
ghW2xZMvpIQ,30,40,False,,missing,
giPa2vVEyVc,30,40,True,,missing,
gigxzYegRqM,90,100,True,,missing,
gjJWbtCShqo,30,40,True,,missing,
gjujPd1lP8E,0,10,False,,missing,
gkB4KBHBV9g,130,140,False,,missing,
gkMbHlNAFig,30,40,False,,missing,
go_7i6WvfeE,10,20,False,,missing,
gp1DYuoQH08,40,50,False,,missing,
gp7j9o2x9co,30,40,True,,missing,
gpEU6RafUf0,30,40,False,,missing,
gpNzFsxwy5k,190,200,False,,missing,
gqROBgF7_DU,70,80,True,,missing,
gqkqzqCHM3A,30,40,False,,missing,
grE0lwTsSPg,30,40,False,,missing,
grisjVTZeTk,390,400,False,,missing,
gsBXngKgy-Q,30,40,True,,missing,
gsEk62Efbh4,140,150,False,,missing,
gsIB8HjsRtw,100,110,False,,missing,
guRyU4B5LlA,30,40,True,,missing,
guYWKdxrtIg,30,40,True,,missing,
gwBfZJ5IGOA,0,10,False,,missing,
gxAyZk01T3k,10,20,False,,missing,
gxzU5EqNL14,30,40,True,,missing,
gy6R280ZUMQ,30,40,True,,missing,
gz-4W-uEzhc,30,40,False,,missing,
h-2KO5ufrcw,290,300,True,,missing,
h-3DrDQC62k,500,510,False,,missing,
h0-6U948u7Y,50,60,True,,missing,
h2f_CKjQQg8,70,80,True,,missing,
h542YbZuwkQ,60,70,True,,missing,
h6Y0KDtUNHw,220,230,False,,missing,
h7DOBV43UPQ,90,100,True,,missing,
h7ty6D1LunA,30,40,False,,missing,
h8JS_FEF_fY,30,40,True,,missing,
h9zF09TMgLU,100,110,False,,missing,
hBQFoDI3NMI,30,40,True,,missing,
hBT0bbJl1dU,270,280,False,,missing,
hCELSy7hVKE,80,90,False,,missing,
hCIB1E60Nbw,230,240,False,,missing,
hDsA_ky9Hfw,30,40,True,,missing,
hDzmNYd_eaA,30,40,True,,missing,
hFj0KUzofNg,80,90,True,,missing,
hFqZZrj0rnM,30,40,True,,missing,
hH6thMA3640,120,130,True,,missing,
hHS5C0RKa8A,120,130,False,,missing,
hHb0Eq1I7Fk,0,10,True,,missing,
hHqrcLiKJRg,30,40,False,,missing,
hIEj8msjg8E,30,40,False,,missing,
hKSg3zFB2dE,50,60,True,,missing,
hLn4HokDEmM,30,40,True,,missing,
hLwMYygjRfI,30,40,True,,missing,
hM88FG1_D5Q,190,200,False,,missing,
hNKTrKk4hZs,80,90,False,,missing,
hOSzGYKaJGE,150,160,False,,missing,
hPIh5RYA-5M,170,180,True,,missing,
hQ5OBio4Cy0,30,40,True,,missing,
hRQJgZVxRX0,30,40,False,,missing,
hRbukCd6N68,40,50,True,,missing,
hSK405L-DlQ,170,180,True,,missing,
hSSzn4bIwZg,40,50,True,,missing,
hTAWbHXCJ2A,60,70,True,,missing,
hTNKYJ6suII,80,90,True,,missing,
hTPxqUtlLdo,30,40,True,,missing,
hTlIqICkbW8,60,70,True,,missing,
hUcuXIvDN2E,30,40,True,,missing,
hVPQu1UJ2N8,30,40,True,,missing,
hVVrl9FkKnY,240,250,False,,missing,
hVikKRODjbI,110,120,False,,missing,
hWiAoE4u4y8,180,190,False,,missing,
hXLo1l5gS-I,180,190,False,,missing,
hYlSisv-VRU,60,70,False,,missing,
hYy0na5oUzE,130,140,False,,missing,
hZfCziBaGTI,0,10,False,,missing,
hbCaMcbT8to,30,40,False,,missing,
hbqdthlv6CU,40,50,False,,missing,
hdlnugbWjKA,30,40,True,,missing,
heZw1TTrtTU,80,90,True,,missing,
hgGCfJoYDUU,30,40,True,,missing,
hgJK2ZDgWtU,60,70,False,,missing,
hgitRq_0410,10,20,True,,missing,
hhU78ykPr5w,180,190,False,,missing,
hhVFK9tYu84,40,50,False,,missing,
hheF-AgCqIg,50,60,False,,missing,
hhohfEC82JI,30,40,False,,missing,
hj7VJnNq6A4,240,250,True,,missing,
hjrl1KHEuqE,150,160,False,,missing,
hk-1KRWTM-4,100,110,False,,missing,
hkWOAj09_dY,30,40,False,,missing,
hkWcUtga1lw,400,410,True,,missing,
hlHb9HwNxk8,110,120,False,,missing,
hlbjpc48Vrs,30,40,True,,missing,
hlquKjPgxmY,30,40,True,,missing,
hm0SeoNSGkc,410,420,False,,missing,
hmkPWxTIwwU,30,40,True,,missing,
hnlVKC7rxdg,30,40,False,,missing,
hoPnrbKOEl8,110,120,True,,missing,
hpiFoinUgvY,220,230,True,,missing,
hqCJarP-nVI,30,40,False,,missing,
hqQvatf1RUY,30,40,True,,missing,
hrCf8rMBtA8,70,80,False,,missing,
hrOP9swUpyA,30,40,True,,missing,
hu5pjj1KzK8,170,180,False,,missing,
hu6sChY-Yps,30,40,True,,missing,
hvmCuosF0Xo,10,20,False,,missing,
hwSOjoHFLn4,40,50,False,,missing,
hwe6y-jSqdQ,30,40,False,,missing,
hwp7wCKIXg4,0,10,False,,missing,
hyGuS5WiPk8,60,70,True,,missing,
hzr2aY33EuI,30,40,True,,missing,
hzznbzry5R8,170,180,False,,missing,
i3zayf6Hiog,30,40,True,,missing,
i6WtNBpRll0,30,40,True,,missing,
i6dFcfV64RE,50,60,False,,missing,
i6k1yiyO5jQ,30,40,True,,missing,
i70a79YhlMk,30,40,False,,missing,
i8PFu7AiwaE,160,170,False,,missing,
i8bt6Mb0rUc,10,20,True,,missing,
iBH5X5SKirU,80,90,True,,missing,
iBezxlI_f_c,30,40,True,,missing,
iBh37YAaHMU,160,170,False,,missing,
iCHskFoUvbw,130,140,True,,missing,
iCIa_pmLDqs,30,40,True,,missing,
iDvva_WCo-I,30,40,True,,missing,
iEMTTKA7NxU,30,40,True,,missing,
iEQwupwwp0s,30,40,True,,missing,
iEcWlreXhGc,30,40,False,,missing,
iFSaNmZyPQo,0,10,True,,missing,
iFWtsT5zRKo,40,50,False,,missing,
iHXUaVWi7kE,160,170,False,,missing,
iHYOaGNdweo,230,240,True,,missing,
iLIBaMceZQc,30,40,False,,missing,
iMTHDuW_xKc,40,50,False,,missing,
iMmYVLSb1IY,30,40,True,,missing,
iP46w2o_HCk,30,40,True,,missing,
iQ7qeIrssds,30,40,True,,missing,
iQAXwX28LLw,0,10,False,,missing,
iQJvAXOohoU,0,10,True,,missing,
iQfPmJ19ZUc,450,460,True,,missing,
iS-iTbHndw8,190,200,False,,missing,
iS8YQGp2_ng,30,40,True,,missing,
iSETDHfErjU,80,90,False,,missing,
iSw-5EjXgXc,30,40,True,,missing,
iTV3Otwq_dI,60,70,False,,missing,
iTWZsfVCyBs,30,40,True,,missing,
iUHqyjf3NcQ,70,80,True,,missing,
iUxy2s5d60o,270,280,False,,missing,
iVBNoH6XgW4,30,40,True,,missing,
iX53Jb72Nwk,140,150,True,,missing,
iX_a2Ct0ya8,200,210,False,,missing,
iXgEQj1Fs7g,540,550,True,,missing,
iYWvaxU5OXk,30,40,False,,missing,
iZjIuV_cTe8,210,220,True,,missing,
i_G_0vgEYJg,30,40,True,,missing,
i_NNY_mgxIs,40,50,True,,missing,
i_d4JFg-zT0,30,40,True,,missing,
ia6-da2KdI0,30,40,False,,missing,
iaDrtIon6FU,30,40,True,,missing,
iaRDUksPv50,140,150,False,,missing,
iaonijK95qA,590,600,False,,missing,
ib8pMT_ug7o,30,40,False,,missing,
icomsHXY8YA,30,40,True,,missing,
id5ibIqjRto,110,120,True,,missing,
idUZsNLnyDg,30,40,True,,missing,
idVCpQaByc4,70,80,False,,missing,
ieEPKa3HiGo,30,40,False,,missing,
iePMcLYozYY,90,100,False,,missing,
ihCl2ImrOYE,30,40,False,,missing,
ihJT65fZaHY,30,40,False,,missing,
ik-fXNjxw58,0,10,False,,missing,
ikEuQPSBY-0,30,40,False,,missing,
ikJKSqnTylI,70,80,True,,missing,
imIFtW4O5S0,30,40,False,,missing,
iqEQBCrOLWc,30,40,True,,missing,
iqOPJWWKo90,30,40,True,,missing,
itT0_RhSipQ,410,420,False,,missing,
itgeNVRhBKs,490,500,False,,missing,
iuNpXisjsLY,30,40,True,,missing,
ivymRS3iEZk,450,460,False,,missing,
izVCz3P43p8,10,20,False,,missing,
j-93krRXAaY,20,30,False,,missing,
j-TVVmVmygg,300,310,False,,missing,
j0FynYzQvcM,30,40,True,,missing,
j0UMI2DrnMA,130,140,False,,missing,
j3a60_lwWjE,30,40,True,,missing,
j3lH_Tevw5o,30,40,True,,missing,
j43Dwqzd8w8,30,40,True,,missing,
j4A1ObGurUk,70,80,False,,missing,
j5R0hwX27Gk,60,70,False,,missing,
j6O_U9EseKQ,30,40,False,,missing,
j7AxC1RpjcE,30,40,False,,missing,
j8FYy5YfK7k,290,300,False,,missing,
j8z9a9A8LV4,230,240,False,,missing,
j9UZv0GOJ_I,30,40,False,,missing,
j9hAUlz5kQs,30,40,True,,missing,
jBmP7xTI_TA,30,40,False,,missing,
jD0nqkyuHPg,30,40,False,,missing,
jFek2xLbEww,190,200,True,,missing,
jHEBYrI8zHE,540,550,False,,missing,
jIoDR_eskaU,80,90,False,,missing,
jKWl63gozLE,50,60,False,,missing,
jKjj66pRXZA,20,30,True,,missing,
jOkHEMsCCFc,30,40,False,,missing,
jP4M9V_Ka8k,30,40,True,,missing,
jPBg5cR8XeA,170,180,False,,missing,
jPOWgfA0zAo,30,40,False,,missing,
jPROsr_K710,30,40,True,,missing,
jQYSfy4DzIc,100,110,False,,missing,
jR_wBfxgZwE,10,20,False,,missing,
jS9u6X6TQmk,30,40,True,,missing,
jUJNETNCxh0,30,40,True,,missing,
jV8kq0MpWMU,30,40,False,,missing,
jWQu301CEp8,30,40,True,,missing,
jWTm17KZGI8,140,150,False,,missing,
jXi1dFAB0n8,0,10,False,,missing,
jZi0VVWt72E,80,90,False,,missing,
jZkHpNnXLB0,160,170,True,,missing,
jaJdPUAv6N0,30,40,False,,missing,
jbe3VM-5xdc,30,40,True,,missing,
jbyVJdDlo2Q,40,50,False,,missing,
jcZQhxb5lyw,190,200,False,,missing,
jd1IS7N3u0I,30,40,True,,missing,
jd94Ox7KJ9Q,30,40,True,,missing,
jdEbwMS9xqo,0,10,False,,missing,
je1amtXOKF4,140,150,False,,missing,
je96vkMY60c,10,20,True,,missing,
jfxTOlXF3Kk,100,110,False,,missing,
jhQpTVVUQ9E,240,250,True,,missing,
jhgX0OOoytQ,30,40,True,,missing,
jhsce15byHc,20,30,True,,missing,
ji5wvUUQjHY,450,460,False,,missing,
jjNxc9Zf9s8,320,330,False,,missing,
jjYXRmE19lQ,130,140,False,,missing,
jjg0TCq3wbY,30,40,True,,missing,
jlIbJVfnHB4,30,40,False,,missing,
jlmCu2GMoG4,240,250,False,,missing,
jmPmqzxlOTY,30,40,True,,missing,
joLyjgORwDo,130,140,True,,missing,
jqiD3VeM_hY,40,50,True,,missing,
jrwhxVnvMdk,30,40,True,,missing,
jtRse-cDB18,30,40,True,,missing,
jtwRKyQ8-lg,230,240,False,,missing,
jx27p7k2lSw,110,120,True,,missing,
jy0gitU1BFA,50,60,True,,missing,
jzij1UX73kU,30,40,False,,missing,
k-89m72W0j8,30,40,True,,missing,
k-J2-Ou1Fm8,30,40,True,,missing,
k-LkhT4HAiE,300,310,True,,missing,
k2uiJXN3L6E,290,300,True,,missing,
k3A5xX8yfig,30,40,True,,missing,
k4kbpRRRgcQ,250,260,False,,missing,
k4ttuqKjiw0,30,40,False,,missing,
k5kPBsMFlOc,30,40,True,,missing,
k6F3gc8f8kI,150,160,False,,missing,
k8AE-vqWbm4,10,20,False,,missing,
k9w2aaNKenE,40,50,True,,missing,
kAAGkKPVgZ8,280,290,False,,missing,
kAE7Ceg4VgQ,590,600,True,,missing,
kCsmvK06SCA,30,40,True,,missing,
kGo-dAQXtsA,30,40,True,,missing,
kH-F9JzC7eE,80,90,False,,missing,
kIEEDYowZhA,100,110,False,,missing,
kKPGTMdz99A,420,430,False,,missing,
kKihNQ44dDQ,100,110,True,,missing,
kMK10SknFAI,280,290,True,,missing,
kMNL4Y4XMhc,100,110,False,,missing,
kMmjr8deHis,40,50,False,,missing,
kOBh4NZ4wZQ,70,80,False,,missing,
kOREaTKeyZw,30,40,False,,missing,
kQw2NQ_eqyg,30,40,True,,missing,
kR2yBlL6nFU,50,60,False,,missing,
kSKXtXXAD70,30,40,True,,missing,
kSdH9z8snac,180,190,True,,missing,
kT0KMsfD4d8,50,60,True,,missing,
kTBlMy4dtC0,30,40,False,,missing,
kTyI2unrdv0,30,40,True,,missing,
kUQ1xfK82Q0,30,40,True,,missing,
kVYXcbvw9u4,580,590,True,,missing,
kVaQA3PhSio,0,10,False,,missing,
kVuG_F3qCuY,30,40,True,,missing,
kX5bTiq5eBo,30,40,False,,missing,
kYrJadZmjm0,50,60,False,,missing,
kZBFQAQI7Pg,30,40,True,,missing,
kZPz8ExTzBk,280,290,False,,missing,
kZYBpOwNGZU,40,50,True,,missing,
k_ET0i2y0Ow,30,40,False,,missing,
kaabXWuPWRg,30,40,True,,missing,
kbAMGp-TKJo,30,40,True,,missing,
kbCh5HrmgN0,80,90,True,,missing,
kbquMoJrhC0,30,40,True,,missing,
kcTwJwdLTSo,50,60,False,,missing,
kdxW11WBlQE,150,160,False,,missing,
keHCWa6XfGY,30,40,True,,missing,
keIvA2wSPZc,30,40,True,,missing,
kepd6_X_vS4,310,320,False,,missing,
kf-U7I0-DdA,30,40,True,,missing,
kg8FwhL_fqs,200,210,True,,missing,
kgf4GdKlSWs,30,40,True,,missing,
kgvx9drZXpk,170,180,False,,missing,
kh6rmFg3U4k,480,490,False,,missing,
khQN5ylb3H0,260,270,True,,missing,
khVk4pTS0bE,230,240,False,,missing,
kiu-40_T5nY,0,10,False,,missing,
kjcXM60HrRA,30,40,True,,missing,
kjmmzA6i5rk,60,70,False,,missing,
kjn6I3AurgE,30,40,True,,missing,
kkOGbgGJLF4,170,180,False,,missing,
kka6zUtE3h8,130,140,True,,missing,
kkjNpwNcMWI,190,200,False,,missing,
kko1uYyqJ_o,160,170,True,,missing,
kmZFn-CQ19A,30,40,False,,missing,
kmmK69N3Om0,20,30,False,,missing,
knQuxZj9rTA,0,10,True,,missing,
kp5OxEzxuSg,280,290,False,,missing,
kpsYSXR1wao,300,310,True,,missing,
ksImihlU3qM,30,40,True,,missing,
ksYM8YzzWXo,90,100,True,,missing,
ktTrTDQidsE,30,40,True,,missing,
ktw_J6ZW0MM,30,40,True,,missing,
kuj0Oi2_7yU,0,10,False,,missing,
kvIt_9P79Ro,30,40,True,,missing,
kw2wPVxUgQY,150,160,False,,missing,
l-RdHtsYWBY,70,80,False,,missing,
l0fCHZhKEDA,30,40,False,,missing,
l1coM570kVw,30,40,True,,missing,
l21xSYRR_Xc,30,40,False,,missing,
l3YrliBpOdM,400,410,False,,missing,
l3pK8prEnrQ,590,600,True,,missing,
l5QPXVIxxwk,30,40,True,,missing,
l6LUPlmua6I,70,80,False,,missing,
l8P2wU-JyI8,30,40,False,,missing,
l9vYSBR9nio,30,40,True,,missing,
lAMiOhScSPg,60,70,False,,missing,
lBSS2AbA560,30,40,False,,missing,
lBtAULJAFp0,370,380,True,,missing,
lDABsoatahM,0,10,True,,missing,
lDCDayKyOQA,30,40,True,,missing,
lDGQu122JdU,190,200,False,,missing,
lDnYXLGEEFQ,30,40,False,,missing,
lDsQWSf1h3I,70,80,True,,missing,
lFv1MJSSWNs,30,40,False,,missing,
lGaA1dJQ0AQ,30,40,True,,missing,
lHlOSsnP48c,30,40,True,,missing,
lI8aGjIb8Jg,30,40,True,,missing,
lIBsL97sUmY,30,40,True,,missing,
lIEnbqr3O34,130,140,True,,missing,
lNg2y6SRZPo,220,230,True,,missing,
lOIzOWKd47E,30,40,True,,missing,
lPFsijo8xYs,520,530,True,,missing,
lR8am4rK7qQ,70,80,True,,missing,
lRC2lurjPBw,30,40,False,,missing,
lRTeWmoeen4,100,110,False,,missing,
lSb7Y-_3to8,30,40,False,,missing,
lSbCqHZy_l4,110,120,False,,missing,
lTAfSpsyTSI,70,80,False,,missing,
lTLsL94ABRs,30,40,True,,missing,
lTOzGIOIfq0,10,20,True,,missing,
lTuEsrVV6Uw,120,130,False,,missing,
lUp9WnLYetg,30,40,False,,missing,
lV0-LMVpZLg,40,50,True,,missing,
lXrypwLQO3U,100,110,False,,missing,
lYJAqOpp6RM,90,100,False,,missing,
lYtoy8sa-Q0,30,40,False,,missing,
lZavPVn7O4Q,180,190,False,,missing,
laVgKAcv8XA,30,40,True,,missing,
lbB2VQYIMo0,30,40,True,,missing,
lePP2BaZhJU,10,20,False,,missing,
leiPemYDg-8,110,120,False,,missing,
lfCWGQ6URds,60,70,False,,missing,
lh6ACdwNlyk,20,30,True,,missing,
lhizlCmlbYY,50,60,False,,missing,
liagR7x12O4,110,120,True,,missing,
liuCTk2nPG8,30,40,True,,missing,
lmrzR9cSMRY,20,30,True,,missing,
lnJdWXRgjKo,30,40,False,,missing,
lnYOC9tKUBs,30,40,True,,missing,
lnnlghshsVo,30,40,False,,missing,
loyHHBilYPM,80,90,False,,missing,
lpHa-S_x1LA,350,360,False,,missing,
lqCx0HgF1ZM,30,40,True,,missing,
lqeAf-DqE3I,140,150,True,,missing,
lrk00BNiuD4,30,40,True,,missing,
ltZCJ7aPtO0,30,40,True,,missing,
ltysCJWnvsI,30,40,True,,missing,
lvktro0asjs,40,50,True,,missing,
lwQVcLxFBIQ,20,30,False,,missing,
lwdDm3UO5WM,30,40,True,,missing,
lymmNwQA0WA,30,40,True,,missing,
m--xEFqqrLc,60,70,False,,missing,
m-NM_tIWjxs,30,40,True,,missing,
m-S-yqzlOj4,170,180,False,,missing,
m-e3w2yZ6sM,30,40,True,,missing,
m-eyGzf9Ux4,250,260,False,,missing,
m-xxD1fGPnU,0,10,True,,missing,
m0FhT3UnXjA,380,390,False,,missing,
m1ov6te6jK8,70,80,False,,missing,
m3uiITzeM70,160,170,True,,missing,
m4Dj_vTsAt0,30,40,True,,missing,
m4bBsvuS4EU,280,290,False,,missing,
m7i4g_o-znQ,30,40,True,,missing,
m8-aK8egg84,90,100,False,,missing,
m8poFnEbvW8,180,190,False,,missing,
m9MQdg0k1t0,30,40,True,,missing,
m9tnNkon_iw,30,40,False,,missing,
mAmaUI7_uZ0,30,40,False,,missing,
mB2FAS0DNkk,60,70,False,,missing,
mBG-st0VUXs,480,490,False,,missing,
mBNdDQamtXA,50,60,True,,missing,
mBRr_TqLDf4,30,40,True,,missing,
mCjsuxzcl2k,30,40,True,,missing,
mFcHGbnNtSQ,70,80,False,,missing,
mFp1nrnlGx4,30,40,False,,missing,
mGU4ZRstxpY,140,150,False,,missing,
mJuJfKbcJcw,30,40,True,,missing,
mKIapkfnAGY,130,140,False,,missing,
mLaon9oK1OA,30,40,True,,missing,
mLm8upEhc_s,590,600,True,,missing,
mMT1kEejAG8,20,30,False,,missing,
mMf4vJFT8Fw,30,40,True,,missing,
mOFyRCMlXIo,330,340,False,,missing,
mOmYcOBqhwo,30,40,False,,missing,
mOn13E68Td0,30,40,True,,missing,
mPaRs96jtFY,30,40,True,,missing,
mQ1E8rx2dnI,220,230,False,,missing,
mQM3Fd3eN9E,30,40,True,,missing,
mQWht9mv7sE,10,20,True,,missing,
mRKud6yP4iU,440,450,False,,missing,
mU6cfEWw5Og,180,190,False,,missing,
mW0B1sipLBI,30,40,True,,missing,
mW5_chAgg8c,120,130,True,,missing,
mWL9_WIbykw,20,30,False,,missing,
mWuX--EEq2E,280,290,False,,missing,
mZNNWTrvGoA,30,40,False,,missing,
maZ3b5w6xVI,440,450,False,,missing,
macnXLRXbHU,30,40,False,,missing,
maeSHVZX8xc,60,70,False,,missing,
mcAsO331Z9s,30,40,False,,missing,
mdOZIOc8SA4,30,40,False,,missing,
merGvga39Yo,30,40,True,,missing,
mfZMcNmLxWM,30,40,True,,missing,
mhqHHQ1gSvM,30,40,True,,missing,
mhru3GXbkHY,30,40,False,,missing,
mixc4NV5IBE,30,40,True,,missing,
mjZylz3nCwQ,230,240,False,,missing,
mlpTCec4igo,90,100,False,,missing,
mlrarQ5nVlU,170,180,False,,missing,
mnSP_ONVS7k,50,60,True,,missing,
mpikDeSk-mM,30,40,False,,missing,
mpymEs4Mcw8,50,60,False,,missing,
mq_b6QKVsuc,30,40,True,,missing,
mqyeBqaUeN8,30,40,True,,missing,
msnm_tYXcYw,40,50,False,,missing,
mtapmFDmImA,70,80,False,,missing,
mu0dlj8ibA4,30,40,False,,missing,
muwIU0BHXE0,10,20,True,,missing,
mvZLlJpyDyc,30,40,True,,missing,
mwLrABPxvgA,50,60,False,,missing,
mwqluX7sXXU,240,250,False,,missing,
mwwnfWgV_5U,160,170,False,,missing,
mx7kjFY7ALs,170,180,False,,missing,
myGef3nriL8,30,40,False,,missing,
myGffB4WcF8,30,40,False,,missing,
mzDq-abtAKs,30,40,True,,missing,
n16ZUTfZtDM,0,10,False,,missing,
n179cK8EubU,320,330,False,,missing,
n1HBKct6rto,30,40,True,,missing,
n1PTn_NH_K0,150,160,False,,missing,
n1fY-23ffl0,240,250,True,,missing,
n3EeS2mVU5w,30,40,False,,missing,
n3QsFeGadEE,30,40,False,,missing,
n3X8RGZsGg4,30,40,True,,missing,
n4PBoAedWVA,30,40,True,,missing,
n4QSYx4wVQg,30,40,False,,missing,
n615BjoN7fI,50,60,True,,missing,
n7yLkcSfiuM,90,100,True,,missing,
n87PCgYm6mE,270,280,False,,missing,
nAKUDXMeWeQ,150,160,True,,missing,
nB2Lf5TTmBs,30,40,False,,missing,
nBSMh7pgn2o,170,180,True,,missing,
nBiHncFD0dM,430,440,False,,missing,
nEOPm7TeydY,400,410,True,,missing,
nFkmTa4oY84,240,250,False,,missing,
nFoktpUVeVw,200,210,False,,missing,
nH_lVl3a3Uw,230,240,True,,missing,
nIL_xrqjo1g,30,40,True,,missing,
nJ3tuDmcdTs,30,40,False,,missing,
nJaezskegdc,20,30,False,,missing,
nL4zx0-mi14,30,40,False,,missing,
nONXdP6T3pc,80,90,False,,missing,
nP05Sf4Fgac,30,40,True,,missing,
nPlDt1R8Qfc,30,40,True,,missing,
nSBDyxxscks,220,230,True,,missing,
nSLxQLYYoNE,40,50,False,,missing,
nSinUcyFFqg,40,50,True,,missing,
nT1YAP4Vy9s,90,100,False,,missing,
nT_R3O0OK6U,190,200,True,,missing,
nTtxF9Wyw6o,30,40,True,,missing,
nU7x170OvJ4,30,40,True,,missing,
nUs5SJyQPnM,350,360,True,,missing,
nVSDv46ARvY,70,80,False,,missing,
nVsAyArtEh0,30,40,True,,missing,
nW6Naj6eeI4,30,40,False,,missing,
nXfqAzdu8IY,30,40,False,,missing,
nY4tpb8O_Rg,430,440,False,,missing,
nYO8n62Piys,70,80,False,,missing,
nZ19mW-TMRk,200,210,True,,missing,
nZ5_UUUS8X8,70,80,True,,missing,
nZOgoVEud_w,150,160,False,,missing,
nZQZ7CpXqAU,30,40,False,,missing,
nZmhIHZINL8,520,530,True,,missing,
n_REM0fSVrA,30,40,False,,missing,
n_boIyhZqWc,30,40,False,,missing,
naZE-MvNpaI,90,100,True,,missing,
navn7jCBp_o,120,130,True,,missing,
nbIwdOQ7D8A,30,40,True,,missing,
nbYdiazwUQo,30,40,True,,missing,
nb_7c2xPKYA,400,410,True,,missing,
nbb8vmfjHJs,220,230,False,,missing,
nc6h6rC3wdk,30,40,True,,missing,
ncMDKMEFhnM,30,40,False,,missing,
ndjLkbP6Y9Y,30,40,True,,missing,
negr4U79PUE,270,280,True,,missing,
nf3LGAL1LZc,30,40,True,,missing,
ng9Dpk4qiP4,30,40,False,,missing,
nj6N7m8SeK4,30,40,True,,missing,
njFM8DvmPVU,50,60,True,,missing,
njybD3PNrlc,110,120,False,,missing,
nkSRzaqpOCQ,20,30,False,,missing,
nlWXsfjHeA8,120,130,False,,missing,
nn2TnOGCHDI,20,30,False,,missing,
nnS7TXfTHOE,30,40,True,,missing,
nnUva-yCR08,120,130,True,,missing,
nnc6m1pBJ4c,0,10,False,,missing,
noLrCDzAp5M,150,160,False,,missing,
nqcVA89BD6I,30,40,False,,missing,
nqd7mXvHupU,90,100,True,,missing,
nr9oLIsbDyQ,10,20,False,,missing,
nrcfdP6LrLo,30,40,True,,missing,
nrj2zTr7U0o,30,40,False,,missing,
nsxaoH9DjDo,90,100,False,,missing,
nt2rvdC75uY,30,40,True,,missing,
ntfyeC178Tg,30,40,True,,missing,
nu_Bl8Pz6PE,50,60,False,,missing,
nv1hWkBbG0g,90,100,False,,missing,
nvBPPOzcW-A,30,40,True,,missing,
nvRd4xgEWbw,30,40,False,,missing,
nvoGwmKh6NI,30,40,False,,missing,
nvrMO6TDu2g,110,120,False,,missing,
nvuxMnSHHtg,30,40,True,,missing,
nvvXOfLs-ng,150,160,True,,missing,
nxdHojfss_A,30,40,True,,missing,
nyLpME6YH20,190,200,False,,missing,
nyjXFx0GSX8,150,160,True,,missing,
nzdlPYd8XUs,200,210,False,,missing,
nzpnWuk3RjU,170,180,True,,missing,
o-ISARPUGlo,30,40,True,,missing,
o-ZTQP5CFCg,50,60,True,,missing,
o1E579RL33w,30,40,False,,missing,
o2bqT0ZTz7E,70,80,False,,missing,
o6ZQNr0Tpz4,30,40,True,,missing,
o8FsD7l5er4,30,40,True,,missing,
oARFeTnImOg,20,30,False,,missing,
oBBTqXQFTiA,80,90,False,,missing,
oBwt8T8P8Zs,380,390,False,,missing,
oC0e8GXYy_4,10,20,False,,missing,
oD0Xp--xxjE,30,40,True,,missing,
oEJ5bh-OIuU,20,30,False,,missing,
oFCzd9bJo9A,70,80,True,,missing,
oGbNzR_lpSk,480,490,True,,missing,
oJ0rdNlghn4,30,40,True,,missing,
oJyyNWuyig4,30,40,True,,missing,
oKab6-syQD4,240,250,False,,missing,
oMZcsGUi8ZE,0,10,False,,missing,
oMgSuyPBINs,30,40,False,,missing,
oN9_GYDkNcM,60,70,False,,missing,
oNggxSyyyq8,70,80,False,,missing,
oNqBsQiNoAU,40,50,False,,missing,
oNryELagQUM,20,30,False,,missing,
oOiwmRV1PBk,0,10,True,,missing,
oOlMzQpK690,30,40,True,,missing,
oPiyXhxRGe4,50,60,False,,missing,
oRHKVmQ138Q,240,250,True,,missing,
oRUdvu3Qo-E,30,40,True,,missing,
oRVivXC83hA,120,130,True,,missing,
oSDZZHN77PI,80,90,False,,missing,
oSg1VJHiPOE,10,20,True,,missing,
oSoP9Is0UH4,30,40,True,,missing,
oT6ud0OdR_E,30,40,True,,missing,
oTXKGrB3bCA,140,150,True,,missing,
oTzTZqDOIt0,80,90,False,,missing,
oUp-acoLyvU,30,40,False,,missing,
oVhhEku6ECA,150,160,True,,missing,
oXBGZoBYaLY,30,40,True,,missing,
oYECB7KFJgU,30,40,True,,missing,
oYEzy8gH6q8,30,40,True,,missing,
oZF73R89bk0,140,150,False,,missing,
oZScu7DU5qk,30,40,True,,missing,
oZoJ26C6LrU,100,110,True,,missing,
oZrMoZeJ8Ng,0,10,True,,missing,
oag3I4VRXyM,100,110,True,,missing,
ocCIB2bPq_Y,30,40,False,,missing,
oczJZV87k9A,170,180,True,,missing,
odzi_VK8m3k,380,390,True,,missing,
ogOTksL2Vas,420,430,False,,missing,
oh0EWEvJI90,30,40,False,,missing,
oh5XmtSAOuM,30,40,True,,missing,
ohBNHUUGD3Q,30,40,True,,missing,
ohikUtjUN7c,170,180,False,,missing,
ojdqgnmcgYM,80,90,False,,missing,
ojwVhlh-P1U,240,250,False,,missing,
okAn7kjxmes,170,180,True,,missing,
on18CWdmxn8,30,40,False,,missing,
opu2tXoVNKU,130,140,False,,missing,
oqMlq2zWr0c,30,40,True,,missing,
oswsd_r-GI8,80,90,True,,missing,
ot6SpwD1hzk,170,180,False,,missing,
otVPTo72q4w,110,120,False,,missing,
ou3LJpAM4mk,80,90,False,,missing,
ouVuF-y8bog,30,40,False,,missing,
ovVrS-q3Rzk,30,40,True,,missing,
ovomUNSo_uo,120,130,False,,missing,
ow12iGt8z5Q,0,10,False,,missing,
ow7xqVk8Wjs,30,40,True,,missing,
oxZjkE984Uo,60,70,True,,missing,
oxhFIoExrMk,30,40,False,,missing,
oyAAhjGTNvQ,0,10,False,,missing,
oynXCFZWxnI,30,40,False,,missing,
oypg41SWGDc,90,100,False,,missing,
ozjs2d_xlSI,160,170,False,,missing,
p0oRrGDrQQw,180,190,False,,missing,
p1-07VdP__Q,10,20,False,,missing,
p1DNl8BF49U,30,40,False,,missing,
p20KE0LhL68,30,40,True,,missing,
p28jmA01BHo,50,60,True,,missing,
p2NPfU5QARc,0,10,True,,missing,
p2fXNAPYD20,60,70,True,,missing,
p2jnUySmuvA,220,230,True,,missing,
p2sXdmex3xQ,60,70,False,,missing,
p2yedR_jMTU,0,10,False,,missing,
p3DLHNuCYhU,220,230,False,,missing,
p4T1pddBia0,20,30,False,,missing,
p7VmMa6cpSo,100,110,False,,missing,
p8xxC2um9xQ,140,150,False,,missing,
p9nbp0Oo1U0,80,90,False,,missing,
pCW5ab3SNcQ,0,10,False,,missing,
pDgWT99uaJ0,110,120,False,,missing,
pELIBvAnbkY,170,180,False,,missing,
pG6yeC3yUY4,30,40,True,,missing,
pHC25Ia8Dxo,80,90,False,,missing,
pHFHsubQVpg,50,60,False,,missing,
pHj8U-3RHc4,30,40,False,,missing,
pHzjKCj9INw,30,40,True,,missing,
pIE-3sIPlvY,30,40,True,,missing,
pIwn0udLJXI,120,130,False,,missing,
pKDnn0CBIe0,35,45,True,B:\CSE425_Project\gnn-bert-music-context\data\raw\musiccaps\audio\pKDnn0CBIe0_35_45.mp3,ok,10.0
pKFXFu8st9I,0,10,True,,missing,
pL71P2hVjMc,270,280,False,,missing,
pLqa0cqsICA,180,190,False,,missing,
pLqasxGYWX8,30,40,False,,missing,
pNlrM-GhFZU,90,100,True,,missing,
pOZWVSiRwv4,390,400,True,,missing,
pPOUg26EXiU,0,10,False,,missing,
pQWpa484HQM,40,50,False,,missing,
pR87Ts3a0e8,20,30,True,,missing,
pS1X6Au1EAU,270,280,False,,missing,
pSt8NwXyDlg,30,40,False,,missing,
pSzTPGlNa5U,30,40,True,,missing,
pTzINk_nVHg,270,280,False,,missing,
pVfV09CDmus,0,10,False,,missing,
pWHkmo9Kn8g,120,130,False,,missing,
pWZqzEpygE0,30,40,True,,missing,
pWms_9wpRB4,140,150,True,,missing,
pXz67syyse0,70,80,False,,missing,
pYXx0xXZiXk,14,24,True,B:\CSE425_Project\gnn-bert-music-context\data\raw\musiccaps\audio\pYXx0xXZiXk_14_24.mp3,ok,10.0
pYaegEQ_wtI,190,200,False,,missing,
pZgzjL5wbtA,30,40,True,,missing,
p_-lKpxLK3g,30,40,False,,missing,
p_dE26TA8ig,30,40,True,,missing,
p_o6NQX7lmE,0,10,True,,missing,
paeNnR33i5Q,300,310,False,,missing,
pbVYSktQ5jE,30,40,False,,missing,
pcOPueObfWs,130,140,False,,missing,
pdIAN6lMXSU,230,240,False,,missing,
pdOskdFwRPg,40,50,False,,missing,
pejDm3j4Y-I,30,40,True,,missing,
piY4mt4F9xg,40,50,True,,missing,
piyYJ2l_h8Q,30,40,False,,missing,
pmdoDcNBt0E,30,40,True,,missing,
pn6toTLXAck,20,30,True,,missing,
pnh_C1w4yGc,250,260,False,,missing,
poxsF3-HeP0,30,40,False,,missing,
pp6eSGANq0Y,80,90,True,,missing,
ppAT0f2YCyM,240,250,False,,missing,
pqsU95TNNP8,220,230,True,,missing,
pte5jvRKwsA,60,70,False,,missing,
puAclKsCbes,280,290,False,,missing,
pvxx3aokwCU,40,50,False,,missing,
pwX5SArqGKU,260,270,False,,missing,
pxEmmUYLHrE,30,40,True,,missing,
pyumNmhV4_s,30,40,True,,missing,
pz8P96myUZk,140,150,False,,missing,
pzm90xLX9HM,450,460,True,,missing,
pzpg2-jYu6k,50,60,False,,missing,
q-86OQ3HZ4o,30,40,False,,missing,
q-sJu8CoZts,50,60,False,,missing,
q4PfLl3JVfg,30,40,True,,missing,
q6GBCmLxNIk,30,40,False,,missing,
q7U8p-m8J3s,30,40,False,,missing,
q7s7C4oNlFo,30,40,True,,missing,
q7sK_xrJz-k,310,320,False,,missing,
q87TmUmVg0Y,130,140,False,,missing,
q9DzO_I4dXg,30,40,True,,missing,
q9Gh-zh-5Ig,250,260,False,,missing,
q9zAlMM-A9I,80,90,True,,missing,
qAgZ__fk9LY,50,60,True,B:\CSE425_Project\gnn-bert-music-context\data\raw\musiccaps\audio\qAgZ__fk9LY_50_60.mp3,ok,10.0
qAr3mFkEvco,30,40,True,,missing,
qBe_D8Gg5lA,30,40,False,,missing,
qCUJ-8AlecY,0,10,False,B:\CSE425_Project\gnn-bert-music-context\data\raw\musiccaps\audio\qCUJ-8AlecY_0_10.mp3,ok,10.0
qDSvHlHbAqM,60,70,False,,missing,
qDiTICmdUQg,30,40,True,,missing,
qDjeY72KaSo,30,40,False,,missing,
qEGNzCWQdqo,30,40,True,,missing,
qEJ_jxZzt7k,30,40,True,,missing,
qET3h3w35EA,110,120,True,,missing,
qFTMEVccUMg,450,460,False,,missing,
qFo_gRhW6dQ,0,10,False,,missing,
qFrvkOOR2HQ,27,37,False,B:\CSE425_Project\gnn-bert-music-context\data\raw\musiccaps\audio\qFrvkOOR2HQ_27_37.mp3,ok,10.0
qHRRWdWvjxI,30,40,False,,missing,
qI-Ji4gtBPM,190,200,False,,missing,
qIxpfaeZ-zs,380,390,False,,missing,
qKOsbyT8GCU,10,20,True,,missing,
qKXhSGaudtk,150,160,False,,missing,
qLWWDHLJBBQ,100,110,True,,missing,
qM8F6ECriRc,50,60,False,,missing,
qMbGFWz9who,20,30,True,B:\CSE425_Project\gnn-bert-music-context\data\raw\musiccaps\audio\qMbGFWz9who_20_30.mp3,ok,10.0
qMd2DTyF9EE,30,40,False,,missing,
qOSdHmfwLF4,40,50,False,,missing,
qOTk01gmrRo,30,40,True,,missing,
qRCjs90-1RQ,30,40,True,,missing,
qRLRLp-KTFs,30,40,False,,missing,
qRgefptkDeo,30,40,False,,missing,
qUWYzx7pBSw,40,50,False,,missing,
qVT6GX1KHUY,50,60,True,,missing,
qV_VxEAXXDU,220,230,False,,missing,
qVdBBOpSoN4,120,130,True,,missing,
qVgVh9t_7ac,50,60,True,,missing,
qVgnzJuGDBE,30,40,False,,missing,
qVuxCN3JpiM,30,40,True,,missing,
qW4kBJsudLI,30,40,True,,missing,
qXSG2uq2tNw,170,180,False,,missing,
qXgSlhWbWLU,30,40,True,,missing,
qZ_-5JplSVg,370,380,True,,missing,
qZkM3QaeaUM,150,160,True,,missing,
qaQjG9SwORU,30,40,True,,missing,
qbIPQGY8RRA,90,100,True,,missing,
qbexOeoH5hg,40,50,True,,missing,
qc1DaM4kdO0,30,40,True,,missing,
qcjzfHmQvxg,20,30,False,,missing,
qdWTfyysMN8,30,40,True,,missing,
qeoYWM1uYPI,40,50,False,,missing,
qfVIeq7s6tw,460,470,False,,missing,
qfwTbBprDVU,60,70,False,,missing,
qh-4EDX4agQ,140,150,False,,missing,
qie2k2gZ7wA,490,500,True,,missing,
qjH068GOmQ4,130,140,False,,missing,
qjJ41iwU9LY,130,140,False,,missing,
qknDM3pcoD0,140,150,False,,missing,
ql7aH8wF6JM,30,40,True,,missing,
qlWEAm4AUTU,370,380,True,,missing,
qlk02ytcnPU,50,60,True,,missing,
qlklggFvAZs,30,40,False,,missing,
qlqJF5yPmUc,60,70,False,,missing,
qm8sJxsZ5VY,30,40,True,,missing,
qmR9O2oZCWc,50,60,False,,missing,
qni67aUJbw4,160,170,True,,missing,
qoBC2wimalI,30,40,True,,missing,
qp4Ubx7WOAQ,0,10,False,,missing,
qpN3Aqrr8mg,140,150,False,,missing,
qpt3umHYfmY,30,40,True,,missing,
qpwjSTEaswI,90,100,False,,missing,
qrP_H87vFpo,30,40,True,,missing,
qrY7PW5guxk,30,40,True,,missing,
qrzNABqN420,30,40,False,,missing,
qsFfUzErXqw,140,150,True,,missing,
qsRPTMXFGsA,210,220,True,,missing,
qtNTHnXOQew,40,50,False,,missing,
qtnE1hnCD0M,30,40,True,,missing,
qutPvh6TFd8,30,40,False,,missing,
qwGT6wvYdLo,60,70,True,,missing,
qwI32Si0ipE,30,40,True,,missing,
qwOLhVbuhpM,30,40,True,,missing,
qwz7oLASJqg,10,20,False,,missing,
qxOPhByaK_M,30,40,True,,missing,
qxWVr67g6yY,200,210,False,,missing,
qyCea2TuUV4,100,110,False,,missing,
r-PBeJiE5sc,130,140,True,,missing,
r0I-G70gyo0,30,40,False,,missing,
r0Xvr8maR34,0,10,True,,missing,
r1W1z_31Obw,120,130,False,,missing,
r2gYE6-cGx8,30,40,False,B:\CSE425_Project\gnn-bert-music-context\data\raw\musiccaps\audio\r2gYE6-cGx8_30_40.mp3,ok,10.0
r43WrKA6ppI,30,40,True,B:\CSE425_Project\gnn-bert-music-context\data\raw\musiccaps\audio\r43WrKA6ppI_30_40.mp3,ok,10.0
r4G71I1dFpA,160,170,False,,missing,
r4JRDHYukZ4,390,400,False,,missing,
r4nPBNL3D0E,0,10,False,,missing,
r5xTmK2Fq1w,200,210,False,,missing,
r6QD2E-YesI,30,40,True,,missing,
r6yGS_yQmj4,30,40,True,B:\CSE425_Project\gnn-bert-music-context\data\raw\musiccaps\audio\r6yGS_yQmj4_30_40.mp3,ok,10.0
r7Ve8ExE8YY,150,160,True,,missing,
r8B3-yBc-4U,30,40,True,,missing,
r9AxQfXYLEs,160,170,False,,missing,
rC4PNZ1XOmU,100,110,True,,missing,
rDusaHYR69g,30,40,False,,missing,
rE7S4nLrThs,30,40,True,,missing,
rFE_bKOr1W0,30,40,False,,missing,
rFwJ2L-geWw,30,40,True,,missing,
rGEJVUcFA2U,30,40,True,,missing,
rG_6MS6_K6g,30,40,False,,missing,
rGgvqyHKI4Y,0,10,False,B:\CSE425_Project\gnn-bert-music-context\data\raw\musiccaps\audio\rGgvqyHKI4Y_0_10.mp3,ok,10.0
rJZgUpzqAyY,70,80,True,,missing,
rKRI5UcIICI,30,40,False,,missing,
rKfpCiJf9do,0,10,False,,missing,
rLBGxAj9D14,70,80,False,,missing,
rLQ93N6RJC0,30,40,True,,missing,
rLtXML8Y5wo,0,10,True,,missing,
rNJ0C44bOac,30,40,True,B:\CSE425_Project\gnn-bert-music-context\data\raw\musiccaps\audio\rNJ0C44bOac_30_40.mp3,ok,10.0
rNKJXwMz9XQ,10,20,True,,missing,
rNUtYf6EdW8,470,480,False,,missing,
rOOBAGxxjBk,10,20,False,,missing,
rPAB0ymJGco,140,150,True,,missing,
rQcecqZtGvE,590,600,False,,missing,
rQeikHMQGOM,30,40,False,,missing,
rS8oECcQBCk,10,20,False,,missing,
rTBQmP6Vt0g,10,20,True,,missing,
rUIGOcQMaSE,40,50,True,B:\CSE425_Project\gnn-bert-music-context\data\raw\musiccaps\audio\rUIGOcQMaSE_40_50.mp3,ok,10.0
rVDojJcQdE0,40,50,True,,missing,
rVdI-aD9pq8,40,50,False,,missing,
rVymW4Nb4NU,0,10,True,,missing,
rW5YKFsiWM8,50,60,False,,missing,
rWitVrXe5tg,40,50,True,,missing,
rY9zjr9T_WI,150,160,False,,missing,
r_KdRKquXsM,170,180,False,,missing,
r_TgaHCsYB0,30,40,True,,missing,
raM8Lp0aGCk,30,40,False,,missing,
rccs9c1gteQ,0,10,True,,missing,
rez5KDmIZoc,30,40,True,,missing,
rfQ94EXIpTc,30,40,True,,missing,
rfa-iUp5UQc,50,60,True,,missing,
rfah0bhmYkc,30,40,True,,missing,
rgWm0-a0kAo,30,40,True,,missing,
rh0vBy1JD8A,260,270,True,,missing,
rh2D2OSxyw0,30,40,True,,missing,
rizanOQM61k,60,70,False,,missing,
rkQPSAHNoeI,170,180,True,,missing,
rkapTdi8NTQ,30,40,True,,missing,
rmKh9uaikTU,30,40,True,,missing,
rnOIXOGfSUE,240,250,False,,missing,
rn_v88OiRks,180,190,False,,missing,
rnuGOQ-aSjs,80,90,False,,missing,
rrAIuGMTqtA,260,270,False,,missing,
rrWQd5SZK74,30,40,True,,missing,
rs5ecH8Lh3s,30,40,True,,missing,
rsCQ1PIGcm0,70,80,True,,missing,
rsvHQCTgHvg,30,40,True,,missing,
ryEXhKy1QUI,60,70,False,,missing,
rzVNYg3nClo,420,430,False,,missing,
s1JHUf3Q_F0,30,40,True,,missing,
s1QeDT7jqHQ,30,40,False,,missing,
s1c8RF7lKv0,50,60,False,,missing,
s1eMgmzCMDM,110,120,False,,missing,
s1l4Zjqoqdg,380,390,True,,missing,
s25X6KwBpxw,30,40,False,,missing,
s2GctT6NuyQ,30,40,True,B:\CSE425_Project\gnn-bert-music-context\data\raw\musiccaps\audio\s2GctT6NuyQ_30_40.mp3,ok,10.0
s2O2xaRfje0,360,370,True,,missing,
s2iIZ2WNuKY,10,20,True,,missing,
s3Q8pVDY7ZI,130,140,False,,missing,
s4PN7iTLdVM,50,60,True,,missing,
s59pQGs7Q3E,50,60,True,,missing,
s5kz8qg4B2Y,210,220,False,,missing,
s5wdG7xbTNg,120,130,False,,missing,
s6U8DtBK3Us,30,40,True,,missing,
s72505MIhz8,80,90,False,,missing,
s7VkXHiULz8,250,260,False,,missing,
sC7T0sEG6ek,230,240,True,,missing,
sDX_95H0f9Q,180,190,False,,missing,
sDoV3sMgDhE,130,140,False,,missing,
sEGxoHiAPiQ,80,90,True,,missing,
sEIn8YYD9jw,170,180,False,,missing,
sETUDPPoDuo,30,40,False,,missing,
sGAYO93RR5Q,30,40,True,,missing,
sGM6xX5laFU,30,40,False,,missing,
sGVzzQLcT0U,150,160,False,,missing,
sH_nDqYVq5E,270,280,True,,missing,
sHbGsZUsisE,240,250,True,,missing,
sIA-IuTI7AY,380,390,True,,missing,
sIItIq_W3eE,320,330,False,,missing,
sJzb2AhqkSg,140,150,False,,missing,
sK6ltq0-zgY,30,40,True,,missing,
sL01xTmV_Fc,30,40,False,,missing,
sMNuJy4f4A0,0,10,False,,missing,
sOJSjVp6UTc,30,40,False,,missing,
sOSU7p9pLjs,130,140,True,,missing,
sOyHkcK_lOA,30,40,True,,missing,
sQMzHk9MRAI,30,40,False,,missing,
sR8rlTIU8_Y,130,140,True,,missing,
sRxUm-ziCBo,190,200,False,,missing,
sSavMIH-e-w,20,30,False,,missing,
sTcaIARuemA,150,160,True,,missing,
sU08gu2zJ4c,110,120,False,,missing,
sUh43prJYMM,0,10,False,B:\CSE425_Project\gnn-bert-music-context\data\raw\musiccaps\audio\sUh43prJYMM_0_10.mp3,ok,10.0
sUjAb0SfppQ,430,440,False,,missing,
sVF7NNvdoJc,120,130,True,,missing,
sXwa1Akj1t0,150,160,True,,missing,
sYIymaJi6tc,90,100,True,,missing,
sYJiHxmQWjo,0,10,False,,missing,
sZQ4TeLueSs,210,220,False,,missing,
sZuhztdaFYA,30,40,True,,missing,
sZwZ2fOWWSg,130,140,True,,missing,
s_BKo_1LzJM,30,40,True,,missing,
s_LMd1_XN1w,30,40,False,,missing,
saEDf6EV9wg,50,60,True,,missing,
sbOBTkrivXM,100,110,False,,missing,
sc7KNFUEdfY,30,40,True,,missing,
sd1gAgsXMsc,370,380,False,,missing,
sfmAeijj5cM,30,40,True,,missing,
sgJT5lIFttM,280,290,True,,missing,
sgTZHSTnU40,410,420,True,,missing,
sgVqMKtUMsA,200,210,True,,missing,
sgwvhvkNELc,30,40,True,,missing,
si_IAMPOXlQ,170,180,True,,missing,
sjiE5CfyuHU,30,40,False,,missing,
sl37XQfkJCQ,30,40,True,,missing,
sm7eBFHtdeA,30,40,True,,missing,
smU92Nu0FmY,30,40,True,,missing,
snJDZAnTMwQ,30,40,False,,missing,
snYtQd1S12s,330,340,True,,missing,
sp77ueBkqS0,60,70,False,,missing,
spyBrs3relU,60,70,False,,missing,
srEOZzpdhs8,80,90,True,,missing,
st92BzeUzFU,80,90,False,,missing,
stobfk1Mfjk,30,40,True,,missing,
suX7Cri4kAo,30,40,False,,missing,
svNayU6q3Dg,20,30,False,,missing,
swIXVQtP_TI,30,40,True,,missing,
sxMYFYDNF_g,140,150,True,,missing,
sxgMEmp5aGE,20,30,False,,missing,
sytdnmy0sRs,30,40,False,,missing,
szWQPoOH2Rw,0,10,True,,missing,
t-CMJ6RsZzY,290,300,True,,missing,
t-CjLfu9zCk,30,40,True,,missing,
t-L_PuzR67U,50,60,False,,missing,
t-yy7v7P0IE,100,110,True,,missing,
t12O05LVSBA,30,40,True,,missing,
t1ULMDpL35I,70,80,False,,missing,
t3-xANiQrho,320,330,False,,missing,
t3758pixHZY,340,350,False,,missing,
t3Y9Za9roJM,30,40,False,,missing,
t5P_HJrrD64,90,100,False,,missing,
t5RqDGLiDvo,0,10,False,,missing,
t5fW1-6iXZY,70,80,False,,missing,
t637ILYjH_A,280,290,True,,missing,
t6XtW3SHQNE,380,390,False,,missing,
t6jlx6jAb-Q,70,80,True,,missing,
t7oAteGa55g,90,100,True,,missing,
t8SLY7xn7Sc,80,90,False,,missing,
t8os583-_JM,30,40,False,,missing,
t8uF3PZ3KGQ,30,40,False,,missing,
t9aSL2MwEDM,30,40,False,B:\CSE425_Project\gnn-bert-music-context\data\raw\musiccaps\audio\t9aSL2MwEDM_30_40.mp3,ok,10.0
tAdNaRRFFXg,30,40,True,B:\CSE425_Project\gnn-bert-music-context\data\raw\musiccaps\audio\tAdNaRRFFXg_30_40.mp3,ok,10.0
tBKOvAiNOQE,30,40,False,,missing,
tDVOUsG52Jw,20,30,False,,missing,
tDZPGf8WYmI,90,100,False,,missing,
tEZU-ZRhSoY,80,90,False,,missing,
tEdeb9eSKDI,30,40,True,,missing,
tFVvupXoRoM,30,40,True,,missing,
tG5C-Smp-eY,30,40,True,,missing,
tGUWSgewh0A,270,280,True,,missing,
tGic59TlrVg,30,40,True,,missing,
tGv_L09pf6E,30,40,True,,missing,
tIRHm8VhK_4,30,40,True,,missing,
tIS1Jaw9dCg,20,30,True,B:\CSE425_Project\gnn-bert-music-context\data\raw\musiccaps\audio\tIS1Jaw9dCg_20_30.mp3,ok,10.0
tJHFSRTPyew,120,130,False,,missing,
tJWduBZRJkE,310,320,False,,missing,
tKawN2sxhYc,30,40,True,,missing,
tMICtalfpSc,60,70,False,,missing,
tMMjurLqYJQ,0,10,False,,missing,
tOb0M2k3deo,30,40,False,,missing,
tOnjlUzqSC4,30,40,False,,missing,
tPJMr890HeE,30,40,True,,missing,
tPVsTFGWU5Q,80,90,False,,missing,
tQ1Nl4Dy2aI,30,40,True,,missing,
tRA-5inwlMI,30,40,True,,missing,
tUBTRs7Avk0,130,140,False,,missing,
tUJ_ZniLjhc,70,80,False,,missing,
tUSnod37b9Q,40,50,False,,missing,
tUZB_Xf1m6k,270,280,False,,missing,
tUppIOzUo2Q,0,10,True,B:\CSE425_Project\gnn-bert-music-context\data\raw\musiccaps\audio\tUppIOzUo2Q_0_10.mp3,ok,10.0
tV2m7HFJprU,230,240,False,,missing,
tV3rvUSlVnY,30,40,True,,missing,
tW7478HnmCs,150,160,False,,missing,
tWByqbOvYQE,100,110,True,,missing,
tWexzTJPxQs,30,40,True,,missing,
tWseBEYhE1M,30,40,True,,missing,
tWwvTUm9RXs,40,50,False,,missing,
tYq21a42Mvg,30,40,True,,missing,
tZgww16UyU8,30,40,True,,missing,
tbovKStEnME,270,280,False,,missing,
tc7crRl2JqA,90,100,False,,missing,
tcOHcop3sCQ,30,40,True,,missing,
tdTT6rmkk9M,100,110,False,,missing,
tdrz4EkIsow,30,40,True,,missing,
teyDfFbVMSY,30,40,True,,missing,
thHSYzhoLo4,10,20,False,,missing,
tjQTZM-sqS0,0,10,False,,missing,
tju-t_Bz_W8,30,40,False,,missing,
tk4s-nlhmEQ,30,40,True,,missing,
tlDBOenCGV4,160,170,False,,missing,
tllFsEPv7Ls,310,320,True,,missing,
tmabzx6yxqs,30,40,True,,missing,
tmpVzeD_M5s,40,50,True,,missing,
tnDUwvxQU3k,30,40,False,,missing,
tnJb9WyhCUc,160,170,False,,missing,
tnSM-SnE5Lk,520,530,False,,missing,
too9MtXBwts,100,110,False,,missing,
tpamd6BKYU4,30,40,False,,missing,
tpnvHb9ZhlU,30,40,True,,missing,
tr2iVjsu4xs,270,280,False,,missing,
tsdNl72WVs4,60,70,False,,missing,
tt5-i1R78ms,30,40,True,,missing,
tu3IrmT_2xk,240,250,False,,missing,
tuoBmxts5Xo,80,90,False,,missing,
tv14XEQcY0c,200,210,False,,missing,
tvcJENqxr1c,30,40,True,,missing,
tvqvuGywD8U,30,40,False,,missing,
tw0BGErgupk,80,90,True,,missing,
tw8-TlQBcBA,270,280,False,,missing,
tyAXjOihm6g,240,250,False,,missing,
tz2TlSMmTp4,30,40,True,,missing,
u0CgRmXMXNc,150,160,False,,missing,
u0lm58cet1g,210,220,False,,missing,
u1a5eyk-9ig,10,20,False,,missing,
u3n2OcpEC48,100,110,False,,missing,
u3pYqyLM0f4,30,40,True,,missing,
u3yOMK8SuRI,0,10,False,,missing,
u68Ghaf_Phs,10,20,False,,missing,
u6tgeRXOxnU,30,40,True,,missing,
u8aB6EALonk,420,430,False,,missing,
u9n4R78UBtA,30,40,True,,missing,
uA-JpZppFsc,30,40,False,,missing,
uARzr9CAemI,30,40,True,,missing,
uAYPacrJnyQ,30,40,True,,missing,
uAgizG1hYw0,60,70,True,,missing,
uBENjCPS8LI,140,150,True,,missing,
uCCdUB7D10U,30,40,True,,missing,
uCXI7dgABHI,30,40,False,,missing,
uDqVzJtaxOc,20,30,True,,missing,
uE3BHXXiCFs,40,50,False,,missing,
uF1KTW5rT-s,30,40,True,,missing,
uGQ7QnKqeY4,0,10,True,,missing,
uGfd3xanwro,50,60,False,,missing,
uHgpDP_4Lsc,30,40,True,,missing,
uJPW9BEhU6Y,20,30,True,,missing,
uKGo4phKqLM,10,20,True,,missing,
uLp6z37bfVE,230,240,False,,missing,
uNUx8rqcy0M,30,40,True,,missing,
uPGasFKZSBo,30,40,True,,missing,
uQE3fLdzpKs,30,40,False,,missing,
uQTCfT5XDzQ,40,50,True,,missing,
uRA5Ue30fsY,110,120,False,,missing,
uS2kPLvEo6A,220,230,False,,missing,
uSZQGP_i3gs,30,40,False,,missing,
uT-S_JC_GzU,30,40,True,,missing,
uTfLf1Y8hhM,30,40,True,,missing,
uUNlJ4KZTPE,20,30,True,,missing,
uUoEB3DBSjo,30,40,False,,missing,
uXMMzpgrY2g,180,190,True,,missing,
uYCAxX2F6DA,30,40,False,,missing,
uYCMVgUAwnM,30,40,True,,missing,
uYYpqx0rzok,30,40,True,,missing,
uZHE9b1WDuM,50,60,False,,missing,
uZesGREO0eI,30,40,True,,missing,
u_TfWvyYY0Y,30,40,True,,missing,
ua0hgl8fi0I,260,270,False,,missing,
ucSF9NIxK8A,60,70,False,,missing,
udQQrQB-gr4,230,240,False,,missing,
ue1sgGEvkwE,90,100,False,,missing,
uegzZWp6Y4w,10,20,False,,missing,
ui6ERk-AySw,390,400,False,,missing,
uiHyWdYkBvY,170,180,True,,missing,
uknhELOFYmY,110,120,False,,missing,
un-OXLWhvDc,10,20,False,,missing,
uoZ9Rs4E-6Y,30,40,False,,missing,
uoee1ikakWY,50,60,True,,missing,
uqAY4lCUcRY,50,60,False,,missing,
uqUNGNZoxrg,110,120,False,,missing,
ura8EjHjGC4,30,40,True,,missing,
usrzF-0GbLY,30,40,True,,missing,
uuHTPvG-BYI,240,250,True,,missing,
uwPeQy7ZtGo,30,40,True,,missing,
uxLY3CBoPo8,50,60,False,,missing,
uy3nQ9VYE-Q,30,40,True,,missing,
v0tYHz5mk4I,30,40,True,,missing,
v1EDTMRmJlY,160,170,False,,missing,
v29jCrlSCmE,250,260,True,,missing,
v2Ng8iGwf40,30,40,True,,missing,
v3wR3aIQ23w,20,30,False,,missing,
v4sANJkuwP4,30,40,False,,missing,
v582kPp43Mg,30,40,True,,missing,
v592zQpuaJA,390,400,False,,missing,
v5SsASLy2c8,210,220,False,,missing,
v5nB2OJnCko,10,20,True,,missing,
v6A7Iggebm4,180,190,True,,missing,
v88cAXP03As,70,80,True,,missing,
v8bBrrXUpdo,40,50,False,,missing,
v9TTtjEngjY,20,30,False,,missing,
vBkDLBO-Aok,30,40,True,,missing,
vBw99ghST1g,10,20,False,,missing,
vByuZEzCZJg,180,190,False,,missing,
vDmUlgsDOP4,170,180,False,,missing,
vDrbslhtX8o,30,40,True,,missing,
vEMNk-lbGTE,30,40,True,,missing,
vEN9szBPBkw,40,50,False,,missing,
vEl7ImwLlrA,180,190,False,,missing,
vEt13GxzDKk,30,40,True,,missing,
vG0FGgJlDGw,30,40,False,,missing,
vG0QJ3bjfqk,220,230,False,,missing,
vK9x7UQ9Y7k,30,40,True,,missing,
vKNGqQ3GRB8,90,100,False,,missing,
vKjC5HTH22o,160,170,True,,missing,
vMU7ZKY2Eso,220,230,True,,missing,
vNPL092rPgQ,50,60,False,,missing,
vNPx6RS8PiM,210,220,True,,missing,
vNZ3JS1LjDc,150,160,False,,missing,
vOAXAoHtl7o,150,160,True,,missing,
vOU-qA25xNM,260,270,False,,missing,
vOiDwXo-SuM,0,10,False,,missing,
vQ09gQBt1IU,70,80,False,,missing,
vQHKa69Mkzo,420,430,True,,missing,
vQcB6NI7cMo,310,320,False,,missing,
vStedb9LiDk,30,40,False,,missing,
vTXb8P7sAFY,50,60,False,,missing,
vVNWjq9byoQ,320,330,False,,missing,
vWM2qG-nU-Y,30,40,False,,missing,
vWiq7n4yTAw,30,40,True,,missing,
vXtk2JEP0zM,110,120,False,,missing,
vYP60jdTupc,30,40,True,,missing,
vZ9IanI59gE,550,560,False,,missing,
vZUup6rK728,140,150,False,,missing,
vd1dgdxlA94,30,40,False,,missing,
vf3n40mDLHw,20,30,False,,missing,
vfMEPOl1Wqw,10,20,False,,missing,
vfscNjNneZg,0,10,False,,missing,
vgpV6F9tge8,30,40,True,,missing,
vhTWW5Bx15Q,140,150,False,,missing,
vispMqNJ1j8,120,130,False,,missing,
vjW8wmF5VWc,30,40,False,,missing,
vmBkZflwViA,10,20,True,,missing,
vmVOWilkmOA,210,220,False,,missing,
vmz9kAEiTSc,30,40,True,,missing,
vnwKpQeza3A,320,330,True,,missing,
vo-o3dG8Oq0,30,40,False,,missing,
vo7BYs1OqbM,30,40,True,,missing,
vp6p45b-038,30,40,True,,missing,
vpU4XIISXtM,30,40,True,,missing,
vpcEBryyej4,70,80,False,,missing,
vqRFzhWik2c,240,250,False,,missing,
vrMmkVV4SOE,30,40,True,,missing,
vrNQbCbBlLY,130,140,False,,missing,
vrxT5jhqu0Q,20,30,True,,missing,
vsDriIwNAmU,30,40,False,,missing,
vsXs3GUrw64,100,110,False,,missing,
vtVfl5Ff5lw,30,40,True,,missing,
vtnuHbHbveg,90,100,False,,missing,
vukJyd8xt0I,90,100,False,,missing,
vvfs2TUj-D4,30,40,True,,missing,
vx5iuWuE2Ng,30,40,True,,missing,
vxIF3B4YqW8,180,190,False,,missing,
vy2gUzgmBzQ,180,190,False,,missing,
vyNstX5b1V8,290,300,False,,missing,
vykrv5BaW-s,300,310,False,,missing,
w-YAUcPl-HU,30,40,True,,missing,
w-qG-P9E1U4,500,510,False,,missing,
w09XinexaIY,20,30,False,,missing,
w0A-4EbkVz8,50,60,False,,missing,
w0QJT6ywza0,110,120,False,,missing,
w0yHqPxybQE,30,40,False,,missing,
w2MeQg3W7Po,80,90,False,,missing,
w2vMywh5Nto,10,20,True,,missing,
w35p3oCU0g4,20,30,False,,missing,
w3QIsHxQfPE,120,130,True,,missing,
w41gqTFYh08,30,40,False,,missing,
w4Z1QuBOMWU,70,80,True,,missing,
w4ayJNZ5w5o,280,290,False,,missing,
w5EbmsPfGSo,0,10,True,,missing,
w5qf9O6c20o,30,40,True,,missing,
w62KGC7um_Y,70,80,False,,missing,
w6MtzUCl4vM,30,40,True,,missing,
w6zHc6nRJ0o,220,230,True,,missing,
w8c7JFU6by4,180,190,False,,missing,
w9CxACZ5Oi0,130,140,True,,missing,
w9EGDo9Yybc,530,540,True,,missing,
wBe5tW8iJew,0,10,False,,missing,
wBozBh7BR6k,150,160,True,,missing,
wC0mY7NzihY,380,390,False,,missing,
wDpz90boBzU,80,90,False,,missing,
wEHRmd84Dwc,240,250,False,,missing,
wFTlySgdWX4,30,40,True,,missing,
wGievbsKUnk,100,110,False,,missing,
wIP7AqIOU1s,30,40,True,,missing,
wKE9STHwX-Q,30,40,True,,missing,
wKoFJHb2BoI,30,40,True,,missing,
wL4HaT8rEVU,30,40,True,,missing,
wLITXWAuZy0,0,10,False,,missing,
wLQiZ-0VW4c,60,70,False,,missing,
wMHBhCVv--g,190,200,False,,missing,
wMN-Xp9IMUw,230,240,False,,missing,
wMelBK3yArA,30,40,True,,missing,
wMi_0eEIpcM,220,230,True,,missing,
wPmTJWybq_E,210,220,False,,missing,
wQN7fRaPl2A,60,70,True,,missing,
wQhycJsKSPE,340,350,False,,missing,
wR7n4Gg-_ac,150,160,False,,missing,
wRWxsKN394Q,220,230,False,,missing,
wS4d-q9H4NE,70,80,False,,missing,
wSeT9dlfDTc,30,40,False,,missing,
wT2Y0DCq5LI,30,40,True,,missing,
wTPI3MHqxSQ,190,200,False,,missing,
wXWpkfGfZD8,30,40,True,,missing,
wXmIm6Bq3Tc,30,40,True,,missing,
wYtd_Sq2-Tw,240,250,False,,missing,
wZopmfXTtxw,30,40,True,,missing,
w_XFNKSRgKI,210,220,False,,missing,
w_z9oSn-eIM,280,290,True,,missing,
wc4UEh8wvCA,30,40,True,,missing,
wcLPCMoy5hk,50,60,False,,missing,
weJKl-6TiDQ,30,40,True,,missing,
wgIf0FX6WzI,290,300,True,,missing,
wg_kYW4xvz4,30,40,True,,missing,
whIj6mrUGzQ,30,40,True,,missing,
whZygh228yw,150,160,True,,missing,
wj4ukZFNEgs,130,140,False,,missing,
woVby8SBWDI,150,160,False,,missing,
woyCm7d2UIM,30,40,True,,missing,
wraN7rWUsfI,30,40,True,,missing,
wsJ5ZLKiPzs,230,240,True,,missing,
wsdH6cv4YkA,30,40,True,,missing,
wt-f7K_suBc,30,40,False,,missing,
wv6YaiCGPi0,260,270,True,,missing,
wwHi10qX8u8,300,310,False,,missing,
wwbATvWFaLY,30,40,False,,missing,
wxKtBDKasgM,310,320,False,,missing,
wz-7sy_Rin4,0,10,True,,missing,
x-ob6_6f4jQ,110,120,True,,missing,
x14jW4c8YnQ,20,30,False,,missing,
x1KyLxsnJY0,80,90,False,,missing,
x1S2oreZBWU,30,40,False,,missing,
x1x54MgStxQ,130,140,True,,missing,
x22NHqwKSNE,90,100,False,,missing,
x6FbyqrK0g0,30,40,True,,missing,
x6U1gX5a_4M,30,40,False,,missing,
x7tOPTm31tQ,170,180,False,,missing,
x85BtdoxRek,180,190,False,,missing,
x9bcsYF_by8,230,240,False,,missing,
x9xXU30ktcY,50,60,False,,missing,
xBDcJKb-9vk,60,70,True,,missing,
xCLzxuZE3yg,30,40,False,,missing,
xGHN0kphhWM,50,60,False,,missing,
xIbSUwO43Ig,30,40,False,,missing,
xIdWJyhWueE,30,40,True,,missing,
xJ63DJzzvnA,30,40,False,,missing,
xJMTA3Ay5FI,30,40,True,,missing,
xJYBA7VTkHA,70,80,True,,missing,
xKEJ6fVhb8w,30,40,True,,missing,
xKc_9B3RiOc,60,70,True,,missing,
xKrdOZAp2w0,30,40,True,,missing,
xL7Krm6FSWE,200,210,True,,missing,
xLQF7S41XLE,20,30,True,,missing,
xLZp-3_71Vs,30,40,True,,missing,
xM4p5pmRAxM,30,40,True,,missing,
xMCLKME4hAY,110,120,False,,missing,
xMsgBL9Sunw,30,40,False,,missing,
xN9tKWgXLI4,310,320,True,,missing,
xNn2UdI-kvA,30,40,False,,missing,
xR2p3UED4VU,20,30,False,,missing,
xRfbWrI03gc,30,40,False,,missing,
xSDkn9PtQm0,30,40,True,,missing,
xSmmTveNPSM,20,30,False,,missing,
xUMzNtC2ITA,90,100,False,,missing,
xUVvBF9BWdg,30,40,True,,missing,
xUmMfewERLg,20,30,False,,missing,
xVab_CbwecE,60,70,False,,missing,
xVi1wNljxjk,390,400,False,,missing,
xWmcax3aX5U,80,90,False,,missing,
xXRGgPVnkqk,90,100,False,,missing,
xZSioXdxo4Y,200,210,False,,missing,
xZTlnE6IcYQ,50,60,False,,missing,
xZukWGb52BI,30,40,False,,missing,
xb07gLlmkL8,30,40,True,,missing,
xe9vDoF8TQM,60,70,False,,missing,
xeHt-R5ScmI,0,10,True,,missing,
xgXd06kKFIQ,0,10,True,,missing,
xgwzTQ8vnso,30,40,True,,missing,
xhOsZuB_Zqc,50,60,False,,missing,
xiN6XwZNEJo,80,90,False,,missing,
xk4U8BembHM,470,480,False,,missing,
xl4FJzeU0YA,170,180,True,,missing,
xlxxWFENWr8,70,80,False,,missing,
xmSMAmnoRug,120,130,False,,missing,
xmaVWayBvaY,110,120,False,,missing,
xqjpWi83CWM,20,30,False,,missing,
xrbIZTswt3c,30,40,False,,missing,
xrqDoBor2dk,30,40,True,,missing,
xsLJe043ar4,150,160,False,,missing,
xseL3oZc7pY,30,40,False,,missing,
xt6V3Ic72nE,300,310,True,,missing,
xtGmrLOsjHk,30,40,True,,missing,
xtllXrdFAFQ,210,220,False,,missing,
xuepy6SFOf8,480,490,True,,missing,
xuxKtxzq2Cs,30,40,True,,missing,
xvryKn-V-JM,30,40,True,,missing,
xx1RccwlF5g,380,390,True,,missing,
xx3nnVzGXa0,30,40,True,,missing,
xxCnmao8FAs,20,30,True,,missing,
xxNroISqkt4,110,120,False,,missing,
xxRnOYSjF64,40,50,False,,missing,
xyAbP5XfGz8,30,40,True,,missing,
xyXQ7Z1vX7E,30,40,True,,missing,
xyco-5DC_K8,30,40,True,,missing,
xydcedfPePM,130,140,False,,missing,
xzU6sJot-Gk,30,40,False,,missing,
xzgnLpKkvdg,10,20,True,,missing,
y0w7FyJcZ8w,30,40,True,,missing,
y3Pqe5DLvok,70,80,False,,missing,
y4vtzCAPv84,30,40,False,,missing,
y516mYOT_9c,260,270,True,,missing,
y5HkvusmkqM,50,60,False,,missing,
y5I5pq0bXmg,30,40,False,,missing,
y6NS77HLjEE,30,40,True,,missing,
y6iMm7Pltq0,30,40,False,,missing,
y7PtSsbkGdM,30,40,True,,missing,
y8gB3-yw3tE,30,40,True,,missing,
y8oi64M0IyE,30,40,True,,missing,
y9hdu9iMBG8,30,40,True,,missing,
yAoMoKe7gj8,0,10,False,,missing,
yAqznhOhoIk,30,40,True,,missing,
yAvqiPL-ssU,30,40,False,,missing,
yBYd03Hr2kQ,320,330,False,,missing,
yCDloqQe65k,30,40,False,,missing,
yCGM8aJV6fM,30,40,True,,missing,
yFh6J72KnCM,30,40,True,,missing,
yG1bzzXDIak,30,40,False,,missing,
yGXohnxCLCA,60,70,False,,missing,
yHd5DzIbWL8,80,90,False,,missing,
yIFP8fkq8GU,90,100,False,,missing,
yIOUPSGFqoY,10,20,True,,missing,
yKx_RFUTPfI,30,40,True,,missing,
yMEMzSFbZ2s,110,120,False,,missing,
yNIZaqTHUnc,30,40,True,,missing,
yO7MWuJ7zLA,30,40,True,,missing,
yOJtRE-617I,140,150,False,,missing,
yOVaak2hemM,130,140,False,,missing,
yPou7kokTgA,30,40,True,,missing,
yPzhMx3NPW4,30,40,True,,missing,
yQN9gj7Vk0w,70,80,False,,missing,
yRU7DifuAXY,70,80,True,,missing,
yRWndZvIAHc,30,40,True,,missing,
ySY5J3TDgag,30,40,True,,missing,
yScg02DM-jY,60,70,False,,missing,
yTc-ENutOD4,0,10,True,,missing,
yTq3Kr3jkvs,50,60,True,,missing,
yVWk3yq3Abc,30,40,True,,missing,
yWU0zNEy2_I,90,100,False,,missing,
yYpfb_xV--4,20,30,False,,missing,
yZNgqVInQGw,30,40,True,,missing,
yZRTQX8pcMY,490,500,False,,missing,
y_TnstfXeBQ,30,40,False,,missing,
y_lfY0uzmr0,30,40,True,,missing,
y_toDfeACWE,30,40,True,,missing,
yaUK4XvVGTg,90,100,False,,missing,
ye6O_T8YuHQ,30,40,True,,missing,
yesyhQkYrQM,180,190,True,,missing,
yeu6OEIKwws,30,40,True,,missing,
yfXvz2FyZ_U,140,150,False,,missing,
yfZ0z1C3blk,30,40,True,,missing,
yfaxqwNHe7w,20,30,False,,missing,
yhS-6Y8ToR8,60,70,True,,missing,
yhbpAGdv_d8,50,60,False,,missing,
yi4-kGV30qs,60,70,True,,missing,
yj4xorgrbV4,30,40,False,,missing,
ykkVTInYctY,120,130,False,,missing,
yl6LJDi0gi0,30,40,True,,missing,
ylKvglDzBU4,70,80,True,,missing,
ymGg5TA2YfM,80,90,False,,missing,
ymOjaaxRDLU,170,180,False,,missing,
ymuRKv9iJm4,100,110,False,,missing,
yn4-OtUmyWo,30,40,True,,missing,
ynWPvcGXFrM,30,40,True,,missing,
ypg2ItQIc2c,190,200,True,,missing,
yqb4GenP8gs,160,170,False,,missing,
yreWOyWr6Uk,330,340,True,,missing,
yrme-KRBvzk,50,60,False,,missing,
yuWjB3XA8tc,480,490,False,,missing,
yw6uqQQF5Ig,180,190,False,,missing,
ywuR9AfpA_E,10,20,True,,missing,
yx7BZ_djE-U,120,130,False,,missing,
yzT9nsHslAk,30,40,True,,missing,
yzjbAxCnt7U,50,60,False,,missing,
z0w3Y8BGLQE,30,40,True,,missing,
z2kTJ6pQ4Uo,110,120,True,,missing,
z31iCbkqYyw,40,50,False,,missing,
z3UCnloQGPY,30,40,False,,missing,
z4ewUsnIJKI,580,590,True,,missing,
z6SNngkMAug,30,40,True,,missing,
z7vNtEcM9Bk,30,40,True,,missing,
z8Wjdss5uMg,10,20,True,,missing,
z9UJD6O7EAE,70,80,False,,missing,
z9hRQiJMnIw,30,40,True,,missing,
zCGGb7Eh_f4,160,170,False,,missing,
zCrpaLEq1VQ,50,60,True,,missing,
zD4PXuUkwsc,40,50,True,,missing,
zGBKakEGSyc,30,40,True,,missing,
zGONTDY_rNM,30,40,True,,missing,
zNAHQYshxZk,310,320,False,,missing,
zNSV9GkpRfM,40,50,True,,missing,
zNbF006Y5x4,0,10,True,,missing,
zNgRUFOj3HI,30,40,True,,missing,
zOvFaef41iw,30,40,True,,missing,
zPMiMXCazAI,30,40,True,,missing,
zPhuyMYy9EI,130,140,True,,missing,
zR4ebAuqy8w,30,40,True,,missing,
zRixZ7mWwho,70,80,True,,missing,
zRpPf62Zvto,280,290,True,,missing,
zSGWoXDFM64,30,40,True,,missing,
zSSIGv82318,10,20,False,,missing,
zSq2D_GF00o,90,100,False,,missing,
zTtZH-Q61Ik,160,170,False,,missing,
zTuxNA1y6Os,80,90,False,,missing,
zU4mwg-HHoQ,30,40,True,,missing,
zUaZGKZIKic,60,70,True,,missing,
zVA66aZOBH4,20,30,False,,missing,
zWEznZ40k2Q,30,40,False,,missing,
zWJC_qr2610,30,40,True,,missing,
zXxJymYt8Z4,30,40,True,,missing,
zYM0gtd_PRo,30,40,True,,missing,
zYRI-R2gxUI,90,100,False,,missing,
zYUZEXCE7gw,30,40,True,,missing,
zYa3ksSrCqw,350,360,False,,missing,
zYsFbF9emtI,0,10,False,,missing,
z_aUtjxgCNk,30,40,True,,missing,
z_fEIZOv0JY,0,10,False,,missing,
zaEdWwSamS0,30,40,True,,missing,
zayC5mUo7sY,100,110,True,,missing,
zbCqre50eLM,30,40,False,,missing,
zcc7dJIY7uc,0,10,False,,missing,
zd3lShuZNmU,0,10,False,,missing,
zdtVT2xwrHU,30,40,True,,missing,
zeUEOxTd8IE,170,180,False,,missing,
zfkPKRn8ah8,30,40,True,,missing,
zgI-Lr6Pbcs,30,40,True,,missing,
zir3uL14ijM,170,180,False,,missing,
zixIuxzCCvs,30,40,True,,missing,
zj2G-KVw4N4,0,10,False,,missing,
zjZV0tvur2I,180,190,False,,missing,
zjsWFvUkh7M,30,40,True,,missing,
zkYXE0-JsY4,30,40,False,,missing,
zmbwvsdXlBU,30,40,False,,missing,
zopos1B6Elc,270,280,True,,missing,
zqbHYVH6Wqo,30,40,False,,missing,
zrb76mJOZQQ,3,13,False,,missing,
zrrM6Qg2Dwg,30,40,True,,missing,
ztfegVzqeCI,30,40,True,,missing,
zu_1zpF--Zg,0,10,False,,missing,
zw5dkiklbhE,15,25,False,,missing,
zwfo7wnXdjs,30,40,True,,missing,
zx_vcwOsDO4,50,60,True,,missing,
zyXa2tdBTGc,30,40,False,,missing,
zzNdwF40ID8,70,80,True,,missing,
